# Blender 5.0.1
# www.blender.org
mtllib woman-skirt.mtl
o dress
v 0.174527 0.036194 0.002807
v 0.158445 0.034232 0.014243
v 0.145495 0.032216 0.029124
v 0.133053 0.030411 0.044461
v 0.119187 0.028978 0.058563
v 0.101095 0.028120 0.066613
v 0.081530 0.027758 0.063456
v 0.066579 0.028161 0.050432
v 0.052980 0.029493 0.036059
v 0.039270 0.031662 0.021896
v 0.025894 0.034756 0.007580
v 0.012746 0.038730 -0.006725
v -0.000720 0.043497 -0.020476
v -0.015829 0.048923 -0.032100
v -0.032451 0.054938 -0.041077
v -0.051588 0.059086 -0.038050
v -0.066043 0.061185 -0.024653
v -0.063129 0.058055 -0.005296
v -0.050449 0.054974 0.009623
v -0.033773 0.052545 0.020108
v -0.017460 0.050850 0.031253
v -0.000129 0.049968 0.040798
v 0.019480 0.050171 0.037821
v 0.038732 0.051158 0.033207
v 0.055188 0.051957 0.044192
v 0.052068 0.052091 0.063735
v 0.032357 0.049804 0.063379
v 0.014350 0.049309 0.055046
v -0.002534 0.049740 0.044603
v -0.019167 0.050959 0.033813
v -0.035488 0.052942 0.022678
v -0.052079 0.055695 0.012156
v -0.070148 0.059414 0.004923
v -0.088806 0.063211 0.010417
v -0.094231 0.064450 0.029448
v -0.088871 0.064482 0.048554
v -0.084663 0.065771 0.067887
v -0.092080 0.069665 0.085847
v -0.111529 0.072674 0.083441
v -0.125464 0.075236 0.069583
v -0.130625 0.077857 0.050623
v -0.127459 0.080236 0.031181
v -0.124546 0.083057 0.011768
v -0.134848 0.086339 -0.004845
v -0.154262 0.087543 -0.008711
v -0.169771 0.088447 0.003598
v -0.164830 0.084837 0.022455
v -0.151194 0.081590 0.036480
v -0.137314 0.078750 0.050358
v -0.128979 0.075966 0.068119
v -0.128238 0.073741 0.087801
v -0.138016 0.072238 0.104983
v -0.150568 0.071652 0.120315
v -0.165339 0.072097 0.133531
v -0.182114 0.073740 0.143990
v -0.199595 0.076421 0.152961
v -0.216885 0.079914 0.162016
v -0.234351 0.084192 0.170367
v -0.250367 0.089142 0.180960
v -0.259194 0.093643 0.198126
v -0.256043 0.096333 0.217516
v -0.242126 0.096727 0.231626
v -0.223026 0.096000 0.236878
v -0.211629 0.092220 0.221103
v -0.211693 0.090223 0.201390
v -0.213931 0.089274 0.181692
v -0.210267 0.088306 0.162226
v -0.192795 0.086269 0.153097
v -0.173615 0.084116 0.157611
v -0.164628 0.080917 0.174985
v -0.172495 0.078574 0.193030
v -0.184370 0.077602 0.208866
v -0.199798 0.077795 0.221325
v -0.215733 0.078824 0.233097
v -0.229871 0.080394 0.246908
v -0.241294 0.082460 0.262984
v -0.240601 0.082919 0.282803
v -0.223173 0.078292 0.291014
v -0.205636 0.072276 0.284013
v -0.193626 0.067232 0.269049
v -0.181672 0.063273 0.253714
v -0.165165 0.060076 0.243210
v -0.147432 0.057065 0.251539
v -0.138661 0.055410 0.269241
v -0.136147 0.054555 0.288896
v -0.131307 0.054156 0.308122
v -0.117601 0.053363 0.322427
v -0.097997 0.050435 0.322206
v -0.083193 0.045926 0.309802
v -0.071012 0.045078 0.294175
v -0.058008 0.044443 0.279216
v -0.041264 0.044515 0.268600
v -0.021645 0.044935 0.271392
v -0.012271 0.044649 0.288865
v -0.015020 0.044130 0.308492
v -0.023597 0.043906 0.326379
v -0.031456 0.044581 0.344579
v -0.034399 0.046600 0.364084
v -0.023613 0.048769 0.380568
v -0.004475 0.049931 0.385595
v 0.010906 0.048277 0.373193
v 0.015492 0.045469 0.354112
v 0.013442 0.043268 0.334518
v 0.005533 0.041770 0.316387
v -0.003531 0.041054 0.298753
v -0.012556 0.041106 0.281066
v -0.016873 0.041932 0.261715
v -0.015477 0.044281 0.242085
v 0.003916 0.042796 0.238339
v 0.018211 0.040278 0.251818
v 0.024221 0.038644 0.270659
v 0.030273 0.037810 0.289506
v 0.033576 0.037755 0.309048
v 0.037386 0.038374 0.328490
v 0.042582 0.039696 0.347573
v 0.055243 0.041310 0.362734
v 0.071159 0.043432 0.374353
v 0.090933 0.044169 0.373296
v 0.104764 0.042973 0.359156
v 0.106326 0.040318 0.339562
v 0.099253 0.037780 0.321224
v 0.084724 0.035729 0.307846
v 0.070002 0.034599 0.294593
v 0.053519 0.034280 0.283587
v 0.035976 0.034896 0.274395
v 0.023908 0.037456 0.258872
v 0.042998 0.036415 0.253644
v 0.053232 0.033809 0.270450
v 0.065094 0.032120 0.286255
v 0.080274 0.031282 0.299017
v 0.094567 0.030769 0.312781
v 0.110546 0.030526 0.324518
v 0.130297 0.029221 0.323494
v 0.140806 0.028989 0.306686
v 0.148187 0.028896 0.288286
v 0.152811 0.029017 0.269004
v 0.158536 0.029421 0.250026
v 0.165591 0.030259 0.231508
v 0.174800 0.031737 0.214005
v 0.184718 0.033865 0.196971
v 0.199915 0.036904 0.184619
v 0.219465 0.040415 0.184153
v 0.236908 0.044527 0.192598
v 0.235149 0.044923 0.212328
v 0.217721 0.044106 0.221748
v 0.199032 0.044159 0.228420
v 0.180642 0.045104 0.235823
v 0.164529 0.047043 0.247220
v 0.157329 0.049718 0.265483
v 0.158347 0.053010 0.284986
v 0.177974 0.051165 0.287156
v 0.196531 0.049419 0.280418
v 0.213891 0.048189 0.270923
v 0.231469 0.047669 0.261743
v 0.249327 0.047917 0.253116
v 0.266856 0.048781 0.243880
v 0.282486 0.050016 0.231706
v 0.293084 0.050674 0.214973
v 0.292734 0.049376 0.195198
v 0.277549 0.043982 0.183655
v 0.258729 0.038400 0.180919
v 0.239536 0.033476 0.180223
v 0.220174 0.029216 0.180460
v 0.200640 0.025750 0.180341
v 0.181548 0.023292 0.175600
v 0.165792 0.021894 0.163658
v 0.156278 0.021267 0.146283
v 0.154746 0.021274 0.126515
v 0.159949 0.022316 0.107415
v 0.170203 0.024561 0.090596
v 0.184107 0.027811 0.076840
v 0.198347 0.031738 0.063614
v 0.210245 0.036067 0.048357
v 0.215731 0.040232 0.029764
v 0.209927 0.042328 0.010927
v 0.193559 0.040875 -0.000171
v -0.061882 0.505766 0.267881
v 0.060600 0.502279 0.279127
v 0.028465 0.501392 0.287908
v -0.003143 0.501054 0.288384
v -0.034670 0.502765 0.282403
v 0.003644 0.283990 0.320422
v 0.086876 0.278598 0.288848
v -0.150797 0.297562 0.241020
v -0.138209 0.311138 0.098071
v 0.215389 0.303615 0.230434
v 0.034343 0.299509 0.051410
v 0.010910 0.163974 0.331660
v 0.035634 0.198440 0.313711
v 0.015281 0.397070 0.281592
v -0.050598 0.202577 0.270042
v 0.057008 0.171639 0.292467
v 0.109831 0.156172 0.310315
v 0.119438 0.396803 0.257621
v -0.176192 0.183620 0.257547
v -0.100502 0.402463 0.274250
v -0.195436 0.265333 0.180051
v -0.088790 0.419954 0.073084
v -0.089269 0.235572 0.072086
v -0.149286 0.204697 0.048794
v -0.182885 0.206398 0.157614
v 0.207990 0.200650 0.196167
v 0.207549 0.177831 0.263162
v 0.184066 0.180883 0.182358
v 0.146587 0.356684 0.088654
v 0.043189 0.175875 0.053535
v 0.029272 0.410797 0.055689
v 0.044109 0.215246 0.043414
v 0.013231 0.103757 0.337877
v -0.013190 0.128645 0.258738
v -0.033457 0.138306 0.329498
v 0.032585 0.118431 0.299412
v 0.012531 0.460590 0.295746
v -0.051136 0.123065 0.270368
v 0.059319 0.102656 0.290967
v 0.063366 0.106798 0.280669
v 0.124568 0.093178 0.315954
v 0.111087 0.461859 0.255904
v -0.187424 0.126272 0.267634
v -0.133736 0.140333 0.282199
v -0.185328 0.184569 0.221747
v -0.086772 0.462268 0.266180
v -0.205424 0.177440 0.186142
v -0.141047 0.428937 0.171720
v -0.068310 0.469825 0.111443
v -0.105168 0.154664 0.078615
v -0.154906 0.143468 0.040308
v -0.142868 0.151198 0.116835
v -0.196503 0.142039 0.155519
v 0.225053 0.122772 0.198502
v 0.206828 0.112986 0.270284
v 0.266100 0.141978 0.199103
v 0.196683 0.103709 0.184084
v 0.160652 0.133952 0.092433
v 0.122640 0.442801 0.115180
v 0.051256 0.113645 0.055052
v -0.023066 0.139368 0.037438
v -0.042280 0.165718 0.012354
v 0.008587 0.456397 0.101694
v 0.038878 0.123965 0.028511
v 0.014438 0.073237 0.341112
v -0.015123 0.100897 0.375489
v -0.009048 0.090840 0.290471
v -0.003037 0.087089 0.243635
v -0.031761 0.090630 0.331958
v 0.032190 0.077489 0.299341
v 0.060901 0.110937 0.360074
v 0.011475 0.491941 0.289142
v -0.050798 0.083140 0.271678
v 0.060933 0.067869 0.289236
v 0.098731 0.091656 0.324730
v 0.058001 0.069326 0.282916
v 0.103181 0.064914 0.318852
v 0.144000 0.066511 0.297120
v 0.104599 0.494196 0.253459
v 0.158617 0.463108 0.195324
v -0.193133 0.097136 0.272682
v -0.229230 0.133113 0.271387
v -0.148595 0.107444 0.247733
v -0.131896 0.098445 0.299226
v -0.188644 0.130651 0.218458
v -0.076945 0.491337 0.260093
v -0.208797 0.132985 0.188831
v -0.238766 0.164691 0.212706
v -0.114229 0.480673 0.171782
v -0.061104 0.499142 0.124732
v -0.112686 0.113937 0.078083
v -0.078974 0.131530 0.034709
v -0.156758 0.112514 0.034983
v -0.125763 0.149142 0.013293
v -0.143161 0.110921 0.115054
v -0.203114 0.109435 0.155221
v 0.231951 0.083278 0.200595
v 0.176053 0.113546 0.235005
v 0.164458 0.113335 0.226570
v 0.206112 0.080140 0.273267
v 0.253425 0.101591 0.244646
v 0.281336 0.095888 0.201736
v 0.203682 0.064918 0.183038
v 0.160600 0.076654 0.153122
v 0.168610 0.079592 0.087727
v 0.184872 0.128506 0.019828
v 0.102705 0.482502 0.132572
v 0.054650 0.082006 0.054719
v 0.009551 0.103215 0.042561
v 0.004358 0.099559 0.054480
v -0.039013 0.099025 0.021520
v -0.050926 0.110753 0.008112
v 0.006678 0.494882 0.111174
v 0.035812 0.078069 0.021424
v -0.009512 0.117345 -0.020701
v 0.107253 0.111097 0.065928
v 0.015070 0.057112 0.342824
v 0.008836 0.062861 0.322351
v 0.012719 0.067337 0.362317
v -0.014807 0.074325 0.380095
v -0.008386 0.064963 0.290117
v -0.018029 0.067682 0.253993
v 0.013819 0.066286 0.246472
v -0.029797 0.066355 0.333703
v -0.015132 0.080969 0.299284
v 0.032050 0.056400 0.299307
v 0.039118 0.074874 0.335833
v 0.061642 0.075903 0.364805
v 0.012220 0.499012 0.288177
v -0.022813 0.492585 0.286391
v 0.047027 0.494713 0.284985
v -0.005169 0.496116 0.288673
v 0.034326 0.498987 0.287715
v 0.053580 0.500699 0.282272
v 0.077255 0.488902 0.270947
v 0.064068 0.495056 0.277663
v 0.080682 0.502272 0.267821
v 0.090393 0.493508 0.262934
v 0.092445 0.470274 0.267523
v 0.099084 0.481393 0.259690
v -0.050646 0.062453 0.272183
v -0.083866 0.096666 0.307127
v 0.061756 0.049701 0.288631
v 0.040290 0.058236 0.280406
v 0.078878 0.059120 0.303437
v 0.052315 0.058501 0.285825
v 0.072481 0.048093 0.297557
v 0.101678 0.064489 0.327312
v 0.057770 0.049702 0.281192
v 0.102179 0.046348 0.319527
v 0.126129 0.054109 0.320881
v 0.084511 0.055985 0.303886
v 0.112465 0.055201 0.321697
v 0.091633 0.044672 0.309625
v 0.094742 0.057266 0.312138
v 0.144501 0.046420 0.297403
v 0.156142 0.066635 0.260433
v 0.123605 0.504292 0.229205
v -0.196246 0.081707 0.275234
v -0.184066 0.084535 0.257441
v -0.209856 0.094682 0.286209
v -0.236605 0.107301 0.272179
v -0.219322 0.117023 0.239316
v -0.151811 0.081968 0.246382
v -0.136827 0.080045 0.280087
v -0.122787 0.078777 0.315411
v -0.190182 0.103213 0.217015
v -0.165992 0.134370 0.173507
v -0.074569 0.503417 0.260337
v -0.098246 0.501950 0.240891
v -0.086160 0.500923 0.252170
v -0.210613 0.110185 0.190241
v -0.197552 0.123318 0.157196
v -0.211757 0.129594 0.225285
v -0.244639 0.130047 0.219368
v -0.102770 0.506745 0.173873
v -0.029083 0.503138 0.113840
v -0.084642 0.504202 0.145717
v -0.046180 0.505914 0.119490
v -0.032880 0.509350 0.115222
v -0.073624 0.501555 0.134210
v -0.073497 0.482781 0.126446
v -0.094602 0.506126 0.159017
v -0.098010 0.481010 0.149696
v -0.102769 0.491832 0.164186
v -0.093188 0.494026 0.151283
v -0.085761 0.484712 0.138450
v -0.103160 0.451172 0.121610
v -0.096882 0.467506 0.133449
v -0.085200 0.474218 0.128099
v -0.116575 0.092784 0.078247
v -0.126900 0.115403 0.045767
v -0.081357 0.102690 0.072622
v -0.083156 0.096854 0.036538
v -0.157676 0.096212 0.032140
v -0.141499 0.101029 0.047581
v -0.167061 0.108051 0.015187
v -0.150506 0.102950 0.039469
v -0.165118 0.097506 0.021957
v -0.126447 0.116266 0.007617
v -0.143524 0.090155 0.113971
v -0.169321 0.107917 0.140380
v -0.126929 0.110493 0.081941
v -0.205867 0.092277 0.156579
v -0.223647 0.104721 0.165836
v -0.187131 0.097357 0.146882
v -0.212535 0.102484 0.160123
v -0.195150 0.088232 0.150890
v 0.235742 0.062764 0.201646
v 0.207862 0.079511 0.223315
v 0.203509 0.073238 0.186382
v 0.173890 0.079039 0.237794
v 0.205693 0.062919 0.274730
v 0.224795 0.070145 0.263140
v 0.186208 0.072818 0.283248
v 0.213820 0.070937 0.269335
v 0.193981 0.062392 0.280839
v 0.255966 0.074085 0.246887
v 0.288494 0.072185 0.203457
v 0.257726 0.076633 0.181970
v 0.207275 0.044934 0.181742
v 0.171390 0.052111 0.169145
v 0.155033 0.050844 0.136508
v 0.172888 0.051977 0.085512
v 0.204173 0.088986 0.047473
v 0.174332 0.083338 0.009173
v 0.094833 0.504509 0.137969
v 0.056162 0.065312 0.054273
v 0.038007 0.071759 0.066165
v 0.045132 0.072906 0.036056
v 0.048930 0.072904 0.060667
v 0.052048 0.064170 0.042256
v 0.009632 0.075720 0.040985
v 0.005168 0.073570 0.052040
v -0.025895 0.077062 0.030628
v -0.056365 0.082330 0.009034
v -0.054618 0.082717 0.005658
v 0.006990 0.508285 0.113464
v -0.013740 0.507173 0.112768
v -0.011916 0.498617 0.112133
v -0.008295 0.476056 0.102315
v -0.005487 0.487639 0.108879
v 0.011094 0.475300 0.109195
v 0.034148 0.054573 0.017889
v 0.011181 0.076047 -0.006570
v 0.060062 0.064626 0.046321
v -0.016720 0.083930 -0.029130
v 0.108870 0.069212 0.064468
v 0.009680 0.050413 0.324718
v 0.000676 0.056803 0.307113
v -0.005232 0.053680 0.295893
v 0.001328 0.080151 0.308501
v 0.003353 0.068152 0.312181
v 0.013910 0.054704 0.362671
v 0.012253 0.090302 0.357248
v 0.003582 0.064334 0.377825
v 0.005619 0.081292 0.371585
v -0.008753 0.062576 0.383162
v 0.002635 0.099590 0.370176
v -0.002466 0.075179 0.378794
v 0.010964 0.109330 0.356002
v -0.005864 0.089436 0.376736
v -0.029674 0.065219 0.370371
v -0.015962 0.058955 0.272451
v -0.018936 0.053258 0.252918
v -0.004788 0.060972 0.240005
v 0.013133 0.051905 0.244818
v 0.023373 0.057126 0.261995
v -0.028708 0.053076 0.334650
v -0.020231 0.061094 0.317207
v -0.016364 0.066646 0.280089
v 0.031971 0.044451 0.299287
v 0.035113 0.054655 0.318313
v 0.061874 0.057793 0.367548
v 0.084072 0.067750 0.369923
v 0.047769 0.064715 0.352790
v 0.070677 0.067560 0.370129
v 0.055589 0.066089 0.361702
v -0.021992 0.499779 0.286311
v -0.050924 0.492377 0.274970
v -0.037143 0.497023 0.281560
v -0.059844 0.500193 0.269390
v -0.050453 0.050677 0.272654
v -0.031532 0.061519 0.267990
v -0.069625 0.073254 0.290235
v -0.086847 0.071467 0.312257
v 0.044140 0.044566 0.280818
v 0.028462 0.050234 0.270110
v 0.030881 0.091112 0.256932
v 0.029564 0.071785 0.267721
v 0.030643 0.061476 0.273915
v 0.091174 0.051209 0.313238
v 0.090920 0.069991 0.312926
v 0.100183 0.051302 0.323637
v 0.075495 0.081705 0.300475
v 0.098593 0.077547 0.322331
v 0.081132 0.071416 0.305104
v 0.104393 0.059331 0.346956
v 0.102171 0.081076 0.343921
v 0.044051 0.061887 0.261847
v 0.031943 0.052325 0.252513
v 0.043769 0.049079 0.257942
v 0.049244 0.052129 0.270402
v 0.032607 0.067310 0.253698
v 0.121152 0.040698 0.324277
v 0.136436 0.042333 0.315465
v 0.138599 0.058146 0.310522
v 0.135919 0.077707 0.311254
v 0.120425 0.072041 0.320045
v 0.131144 0.066910 0.315751
v 0.070081 0.058508 0.292240
v 0.067847 0.045213 0.289463
v 0.080763 0.088210 0.300561
v 0.088427 0.073282 0.306983
v 0.070735 0.076014 0.292929
v 0.100059 0.093632 0.315125
v 0.078881 0.067410 0.299402
v 0.067717 0.092877 0.290103
v 0.090984 0.086213 0.308820
v 0.100922 0.079163 0.316776
v 0.112118 0.087327 0.317947
v 0.053388 0.088586 0.274435
v 0.144692 0.034870 0.297535
v 0.151227 0.045924 0.278925
v 0.160995 0.052142 0.241371
v 0.116767 0.499895 0.160796
v 0.139016 0.484523 0.185303
v 0.128929 0.497257 0.184885
v 0.106546 0.506297 0.150520
v 0.109610 0.489966 0.146868
v 0.132808 0.492171 0.210594
v 0.126948 0.483667 0.167935
v 0.100654 0.493508 0.138484
v 0.126051 0.462264 0.141237
v 0.133512 0.490576 0.196381
v 0.147066 0.470254 0.209558
v 0.144922 0.479825 0.198081
v 0.145189 0.465931 0.196935
v 0.151573 0.473761 0.184843
v 0.120093 0.486597 0.155882
v 0.128206 0.470860 0.156193
v 0.117942 0.476357 0.143212
v 0.138227 0.467181 0.172620
v -0.186811 0.072665 0.260122
v -0.172038 0.076813 0.245986
v -0.160022 0.072003 0.244450
v -0.170352 0.100289 0.246324
v -0.175657 0.088827 0.248723
v -0.211896 0.082449 0.287652
v -0.202527 0.116171 0.282038
v -0.228130 0.095569 0.287391
v -0.218265 0.110071 0.286821
v -0.238290 0.095504 0.278512
v -0.216422 0.128549 0.284256
v -0.229796 0.107146 0.282746
v -0.199127 0.134613 0.279837
v -0.227740 0.121048 0.279252
v -0.183881 0.155853 0.265304
v -0.188775 0.141741 0.270327
v -0.233451 0.099006 0.254248
v -0.140414 0.073565 0.260759
v -0.136604 0.065547 0.279424
v -0.133725 0.072387 0.298977
v -0.124729 0.064373 0.316131
v -0.191051 0.088512 0.216200
v -0.206318 0.096208 0.227607
v -0.176787 0.095852 0.203301
v -0.166932 0.107660 0.169501
v -0.108885 0.508918 0.209197
v -0.211311 0.097524 0.190998
v -0.211382 0.105604 0.171249
v -0.208798 0.107767 0.209569
v -0.247638 0.112102 0.222707
v -0.230152 0.120664 0.231759
v -0.253920 0.118210 0.199485
v -0.240935 0.121236 0.226590
v -0.254837 0.108956 0.210564
v -0.251126 0.121467 0.211873
v -0.058052 0.483197 0.117005
v -0.042335 0.490776 0.114561
v -0.024734 0.485099 0.109660
v -0.043511 0.466606 0.100737
v -0.054542 0.472538 0.107865
v -0.038166 0.478315 0.108057
v -0.024994 0.468490 0.098450
v -0.008410 0.458494 0.089563
v -0.013664 0.467833 0.095357
v -0.117771 0.447228 0.152982
v -0.118421 0.080821 0.077699
v -0.127923 0.093206 0.062378
v -0.099387 0.087666 0.085734
v -0.087503 0.079186 0.037831
v -0.082319 0.088605 0.056396
v -0.087151 0.087153 0.015393
v -0.083502 0.088114 0.044583
v -0.091689 0.077396 0.024498
v -0.143466 0.088549 0.044353
v -0.131501 0.092861 0.060902
v -0.126969 0.091337 0.079599
v -0.131942 0.114374 0.061563
v -0.134427 0.103698 0.056825
v -0.160611 0.103888 -0.001952
v -0.153701 0.135914 0.003749
v -0.144039 0.100795 -0.005054
v -0.161285 0.120219 0.004127
v -0.128994 0.100320 0.002613
v -0.163941 0.125864 0.022695
v -0.142888 0.120893 -0.000903
v -0.136568 0.109944 -0.000546
v -0.150510 0.111174 -0.002627
v -0.123764 0.101712 0.024674
v -0.124326 0.105305 0.012885
v -0.143827 0.078351 0.113274
v -0.156444 0.088217 0.128048
v -0.132508 0.089408 0.098175
v -0.171565 0.089010 0.139703
v -0.223646 0.091127 0.165663
v -0.239227 0.101027 0.173690
v -0.251266 0.106470 0.186007
v -0.256336 0.105947 0.197575
v -0.235831 0.137579 0.175192
v -0.234335 0.119121 0.171649
v -0.246711 0.123816 0.183917
v -0.216711 0.132045 0.162614
v -0.214424 0.117314 0.161096
v -0.201231 0.126022 0.155726
v -0.227978 0.129888 0.168479
v -0.179230 0.128112 0.147506
v -0.189931 0.116512 0.149751
v -0.178037 0.115648 0.145413
v -0.190550 0.131524 0.151890
v 0.237556 0.051067 0.202466
v 0.226347 0.060912 0.218279
v 0.225588 0.058518 0.185951
v 0.208244 0.060451 0.224581
v 0.206891 0.054541 0.185776
v 0.214299 0.065518 0.186051
v 0.227090 0.073631 0.189403
v 0.185178 0.059413 0.195859
v 0.193064 0.049676 0.187911
v 0.194837 0.062987 0.187256
v 0.172807 0.061041 0.239307
v 0.160408 0.072362 0.256744
v 0.189925 0.068358 0.230194
v 0.166460 0.071010 0.245130
v 0.184152 0.057459 0.234154
v 0.222556 0.057057 0.265581
v 0.239562 0.062695 0.256125
v 0.252067 0.061221 0.250319
v 0.169513 0.067005 0.286521
v 0.166307 0.103795 0.275827
v 0.156574 0.067227 0.273764
v 0.171827 0.086425 0.283581
v 0.158519 0.061749 0.262825
v 0.158499 0.085781 0.270071
v 0.164070 0.076625 0.279270
v 0.163010 0.092612 0.250309
v 0.160262 0.084205 0.258360
v 0.272459 0.067268 0.236699
v 0.292248 0.059210 0.204494
v 0.280781 0.063273 0.187407
v 0.243678 0.057126 0.181481
v 0.209340 0.033484 0.181021
v 0.188733 0.040755 0.179041
v 0.226333 0.047416 0.181261
v 0.172235 0.035672 0.169982
v 0.160308 0.042540 0.154629
v 0.154813 0.034388 0.136458
v 0.155960 0.042649 0.115753
v 0.154854 0.033463 0.124061
v 0.175098 0.037213 0.084247
v 0.187985 0.047820 0.071809
v 0.163382 0.041853 0.098411
v 0.161021 0.063222 0.099479
v 0.159162 0.034509 0.107219
v 0.158531 0.051766 0.106155
v 0.165133 0.053083 0.094577
v 0.209253 0.062701 0.043376
v 0.197469 0.067338 0.008393
v 0.164964 0.059115 0.010458
v 0.072031 0.500632 0.120626
v 0.087043 0.489686 0.125537
v 0.042049 0.500618 0.112600
v 0.028722 0.508484 0.113603
v 0.023946 0.499911 0.112233
v 0.091557 0.458706 0.106328
v 0.093206 0.473107 0.118802
v 0.112163 0.464100 0.124306
v 0.063995 0.474235 0.106890
v 0.103843 0.472984 0.124648
v 0.073350 0.484713 0.116392
v 0.079747 0.469793 0.109654
v 0.056335 0.488898 0.112711
v 0.036408 0.474718 0.097323
v 0.034898 0.486950 0.109302
v 0.048971 0.477521 0.105610
v 0.023509 0.479928 0.102579
v 0.018699 0.464626 0.085771
v 0.019329 0.489055 0.110725
v 0.015104 0.470827 0.097274
v 0.041228 0.059064 0.066105
v 0.022204 0.064618 0.060807
v 0.011027 0.062018 0.054346
v 0.021742 0.087319 0.062698
v 0.026584 0.075913 0.063600
v 0.028417 0.065838 0.035855
v 0.015326 0.063240 0.039461
v -0.008862 0.068342 0.037863
v -0.010398 0.067876 0.040504
v -0.026744 0.062568 0.029288
v -0.041894 0.071964 0.019021
v -0.058752 0.067973 0.007977
v -0.074577 0.077125 0.006603
v -0.086125 0.075421 0.011139
v -0.056456 0.067762 0.004200
v -0.040102 0.072208 0.016531
v -0.062695 0.077875 -0.013056
v 0.001898 0.467770 0.103924
v 0.033171 0.041649 0.016009
v 0.021117 0.053258 0.003355
v 0.047041 0.047311 0.030650
v 0.073384 0.049346 0.058506
v -0.020350 0.066618 -0.033765
v -0.040374 0.080946 -0.035140
v -0.003174 0.069307 -0.021109
v -0.027415 0.077913 -0.034352
v -0.012151 0.073004 -0.027979
v 0.109833 0.047629 0.064095
v 0.137395 0.068257 0.039619
v 0.010032 0.081275 0.324915
v 0.005314 0.102833 0.315393
v 0.013741 0.088345 0.338101
v 0.010624 0.095383 0.326209
v 0.014123 0.077519 0.353767
v 0.012820 0.099413 0.349220
v 0.012157 0.134268 0.338449
v -0.029849 0.053708 0.372083
v -0.021288 0.061570 0.379672
v -0.028085 0.085873 0.369163
v -0.018098 0.086143 0.376958
v -0.034937 0.061666 0.352371
v -0.010743 0.053912 0.283403
v -0.015587 0.047402 0.271831
v -0.016894 0.081370 0.271726
v -0.005676 0.049440 0.238414
v 0.002039 0.073577 0.242198
v -0.010844 0.076108 0.245979
v -0.016679 0.090889 0.255714
v -0.018332 0.078999 0.259466
v -0.005253 0.109629 0.247944
v -0.008842 0.097438 0.248171
v 0.022281 0.045513 0.261425
v 0.028666 0.054714 0.280362
v 0.026911 0.092574 0.267132
v -0.024498 0.078160 0.321147
v -0.017870 0.072828 0.310183
v -0.015773 0.053445 0.279633
v 0.033788 0.066915 0.309821
v 0.036002 0.067753 0.323881
v 0.080644 0.054240 0.373542
v 0.098294 0.058223 0.365421
v 0.097931 0.076174 0.361173
v 0.102421 0.070881 0.350932
v 0.091856 0.107866 0.358294
v 0.080601 0.089885 0.366632
v 0.098232 0.092319 0.355972
v 0.087252 0.079357 0.366724
v 0.100593 0.097221 0.340266
v 0.091768 0.142514 0.316445
v 0.097103 0.117918 0.324348
v 0.099382 0.104936 0.328776
v 0.098561 0.117175 0.343212
v 0.098714 0.106124 0.348371
v 0.097573 0.135441 0.334505
v 0.048246 0.086066 0.351572
v 0.048181 0.050641 0.354687
v -0.046382 0.500642 0.277011
v -0.028045 0.084308 0.270235
v -0.040937 0.072779 0.268414
v -0.065299 0.057979 0.285446
v -0.059899 0.072872 0.278449
v -0.076816 0.060769 0.301384
v -0.088491 0.057820 0.315018
v -0.105096 0.069575 0.321576
v 0.037834 0.092779 0.280598
v 0.105725 0.047810 0.348539
v 0.104489 0.052634 0.335822
v 0.150134 0.111344 0.278990
v 0.078434 0.044927 0.298305
v 0.060468 0.082689 0.284561
v 0.046135 0.109342 0.263406
v 0.046478 0.073993 0.272403
v 0.040915 0.086490 0.266768
v 0.040059 0.074829 0.261176
v 0.147775 0.056417 0.287857
v 0.152993 0.060306 0.274001
v 0.151717 0.085791 0.276933
v 0.153641 0.073541 0.271698
v 0.148317 0.074253 0.285389
v 0.142961 0.093314 0.296437
v 0.161566 0.038792 0.240983
v 0.168269 0.048219 0.223184
v 0.136209 0.479260 0.174654
v -0.183462 0.102503 0.258472
v -0.175320 0.120858 0.250562
v -0.177488 0.140681 0.253608
v -0.189334 0.111357 0.269241
v -0.176681 0.109068 0.251243
v -0.201127 0.103128 0.281215
v -0.235212 0.087496 0.254427
v -0.239152 0.095171 0.265426
v -0.231506 0.119433 0.256327
v -0.233931 0.118980 0.268581
v -0.221445 0.096020 0.239532
v -0.147840 0.070144 0.250491
v -0.141614 0.062052 0.260223
v -0.138157 0.095786 0.264000
v -0.134321 0.060642 0.298791
v -0.130119 0.085181 0.304733
v -0.134444 0.087094 0.291741
v -0.134940 0.102585 0.281164
v -0.136010 0.091574 0.275503
v -0.132368 0.121048 0.294786
v -0.133555 0.108749 0.292106
v -0.207135 0.084519 0.227520
v -0.202508 0.116664 0.227042
v -0.177531 0.084212 0.201999
v -0.177141 0.116812 0.207064
v -0.166412 0.095874 0.187041
v -0.166841 0.093134 0.167074
v -0.181058 0.102895 0.155821
v -0.210483 0.120908 0.177585
v -0.207831 0.117229 0.164398
v -0.197833 0.106249 0.155905
v -0.206769 0.141099 0.167890
v -0.209371 0.133020 0.176647
v -0.207875 0.122171 0.201381
v -0.205203 0.143563 0.208611
v -0.208297 0.120532 0.215238
v -0.206649 0.134304 0.200777
v -0.228831 0.141359 0.228083
v -0.232243 0.106727 0.234466
v 0.017590 0.393156 0.072427
v -0.109176 0.454764 0.138585
v -0.108708 0.465038 0.155632
v -0.104376 0.465549 0.143634
v -0.122748 0.104808 0.070983
v -0.127859 0.106925 0.057541
v -0.105187 0.101664 0.083396
v -0.092757 0.118968 0.080281
v -0.091456 0.098674 0.081686
v -0.079238 0.108770 0.052990
v -0.084169 0.074677 0.057027
v -0.128193 0.102130 0.070824
v -0.126496 0.152754 0.078569
v -0.143763 0.120438 0.047232
v -0.163479 0.114018 0.025057
v -0.156884 0.128227 0.036624
v -0.135500 0.136785 0.004101
v -0.123015 0.131730 0.015693
v -0.122958 0.145842 0.042904
v -0.122474 0.117550 0.023022
v -0.122012 0.131706 0.032970
v -0.124514 0.110791 0.033894
v -0.120716 0.146170 0.027603
v -0.119734 0.209297 0.031217
v -0.120561 0.178090 0.025561
v -0.120957 0.161879 0.022571
v -0.125904 0.131141 0.048493
v -0.122171 0.166546 0.042708
v -0.123254 0.146487 0.065975
v -0.125746 0.142109 0.054523
v -0.124775 0.089266 0.022759
v -0.150037 0.100238 0.122479
v -0.159954 0.101118 0.132399
v -0.137043 0.100866 0.106221
v -0.132323 0.120261 0.099709
v -0.130405 0.102888 0.093636
v -0.182587 0.086095 0.144502
v -0.247501 0.146775 0.196047
v -0.250795 0.132998 0.201831
v 0.231124 0.073024 0.211233
v 0.220186 0.073466 0.220111
v 0.177794 0.047189 0.206138
v 0.189756 0.089540 0.228275
v 0.201091 0.069985 0.226078
v 0.196218 0.056970 0.228501
v 0.191115 0.092576 0.279981
v 0.162614 0.059633 0.250506
v 0.159604 0.099094 0.263333
v 0.163173 0.131234 0.258174
v 0.163566 0.111814 0.249481
v 0.173916 0.096430 0.237321
v 0.263620 0.061415 0.244284
v 0.274050 0.055667 0.237629
v 0.285636 0.066745 0.222616
v 0.268322 0.088344 0.236625
v 0.263558 0.057040 0.181470
v 0.278668 0.081291 0.190771
v 0.270668 0.072156 0.184091
v 0.246966 0.044373 0.180680
v 0.195569 0.053229 0.181060
v 0.215464 0.056697 0.182747
v 0.227374 0.086307 0.183522
v 0.218003 0.072874 0.183194
v 0.202082 0.084648 0.183751
v 0.234702 0.071208 0.183211
v 0.243616 0.084907 0.182167
v 0.247270 0.069336 0.182141
v 0.238730 0.123683 0.182061
v 0.263063 0.102097 0.184697
v 0.237030 0.103759 0.182157
v 0.273703 0.094481 0.189969
v 0.263549 0.088702 0.183298
v 0.158984 0.059483 0.151039
v 0.166503 0.066059 0.163353
v 0.174496 0.091359 0.172472
v 0.181756 0.068106 0.177140
v 0.167984 0.080509 0.165137
v 0.160254 0.029706 0.155107
v 0.190039 0.036167 0.070844
v 0.202017 0.050038 0.058782
v 0.182912 0.068540 0.075740
v 0.169222 0.065424 0.088126
v 0.154167 0.096613 0.119610
v 0.212176 0.048596 0.041156
v 0.210432 0.059036 0.023016
v 0.200481 0.052837 0.005769
v 0.181961 0.055467 0.003028
v 0.171232 0.048497 0.005968
v 0.175722 0.068687 0.006330
v 0.150677 0.051196 0.022981
v 0.123726 0.453387 0.127681
v 0.058384 0.500980 0.116290
v -0.009088 0.056612 0.037129
v 0.002394 0.062759 0.041410
v -0.006670 0.089459 0.040418
v -0.000390 0.062517 0.047322
v -0.010734 0.056323 0.039706
v -0.011130 0.090279 0.041159
v -0.042979 0.060416 0.017738
v -0.044734 0.086254 0.017078
v -0.033720 0.086927 0.025206
v -0.024308 0.101225 0.033181
v -0.021746 0.088695 0.034108
v -0.034155 0.121628 0.026442
v -0.010054 0.110534 0.044736
v -0.032617 0.108838 0.026908
v -0.041319 0.060392 0.015143
v -0.024895 0.067849 0.027096
v -0.028212 0.094160 0.025609
v -0.030703 0.080322 0.023475
v -0.017691 0.080931 0.032662
v -0.042198 0.090977 0.015206
v -0.037469 0.107470 0.018906
v -0.052561 0.096660 0.007359
v -0.015825 0.120248 0.037276
v -0.040902 0.136747 0.017697
v -0.025075 0.109688 0.029128
v -0.042690 0.121574 0.015427
v -0.029837 0.126264 0.026280
v -0.016884 0.098377 0.034276
v -0.013129 0.161097 0.039945
v -0.027014 0.147369 0.030533
v -0.031861 0.137916 0.025272
v -0.020312 0.134462 0.034639
v -0.065153 0.066192 -0.013827
v 0.026507 0.068324 0.010329
v 0.017635 0.066083 0.000190
v 0.043522 0.064323 0.028923
v 0.052263 0.058028 0.037281
v 0.073393 0.036326 0.057969
v -0.039708 0.067081 -0.038751
v -0.056336 0.074577 -0.030944
v -0.000466 0.089693 -0.017305
v -0.006158 0.055907 -0.024511
v 0.110330 0.035487 0.063756
v 0.090739 0.044653 0.066723
v 0.126020 0.046511 0.053130
v 0.012693 0.118918 0.343233
v 0.010417 0.116519 0.325692
v -0.007281 0.134342 0.295520
v 0.001499 0.121337 0.308236
v -0.025187 0.075522 0.374353
v -0.033775 0.112742 0.353847
v -0.033669 0.075308 0.359427
v -0.034834 0.093420 0.352639
v -0.011660 0.077901 0.284689
v -0.005017 0.076611 0.296744
v 0.030427 0.066975 0.288802
v 0.029720 0.083908 0.282679
v 0.032036 0.097956 0.297512
v 0.035232 0.090386 0.319126
v 0.034119 0.079673 0.311949
v 0.026472 0.074288 0.267481
v 0.029649 0.100338 0.281398
v 0.019215 0.083326 0.252564
v 0.021185 0.068882 0.256880
v 0.022559 0.127245 0.259058
v 0.016291 0.106049 0.252059
v 0.005426 0.098670 0.245888
v 0.026972 0.111017 0.266629
v 0.021407 0.095238 0.256101
v 0.030111 0.117647 0.282306
v 0.031264 0.108885 0.291282
v 0.031745 0.161708 0.288798
v 0.031612 0.139015 0.289863
v 0.031467 0.126739 0.290446
v -0.013407 0.059399 0.299101
v 0.038991 0.054900 0.337204
v 0.095223 0.130965 0.322180
v 0.079512 0.118562 0.302467
v 0.089188 0.121711 0.312794
v 0.087983 0.101294 0.309982
v 0.089959 0.085731 0.311927
v 0.081084 0.196855 0.346362
v 0.044460 0.075174 0.347012
v 0.060424 0.093357 0.362114
v 0.068941 0.085707 0.366849
v 0.072304 0.102233 0.364527
v -0.024748 0.071884 0.271751
v -0.106868 0.058071 0.323189
v -0.097615 0.087036 0.317089
v 0.030573 0.085888 0.270309
v 0.039092 0.075505 0.281704
v 0.052832 0.085641 0.288489
v 0.066113 0.089873 0.292836
v 0.074131 0.103317 0.298506
v 0.050306 0.073658 0.286615
v 0.080084 0.093244 0.303801
v 0.054240 0.101984 0.271656
v 0.142126 0.079928 0.299247
v 0.136479 0.091504 0.308742
v 0.132387 0.127809 0.307257
v 0.131723 0.109455 0.310419
v 0.142517 0.116017 0.295983
v 0.106818 0.120704 0.314444
v 0.116401 0.107440 0.315949
v 0.121221 0.120803 0.313193
v 0.118162 0.139352 0.311679
v 0.102505 0.107396 0.314614
v 0.080998 0.121781 0.299636
v 0.092991 0.117763 0.308386
v 0.087844 0.102210 0.305873
v 0.096745 0.139039 0.308967
v 0.073509 0.108048 0.293861
v 0.107209 0.144437 0.311644
v 0.165546 0.080675 0.226042
v 0.173500 0.067173 0.211772
v -0.162586 0.114028 0.243808
v -0.143262 0.140307 0.250607
v -0.149323 0.124638 0.246720
v -0.137115 0.118698 0.264956
v -0.134394 0.117957 0.279964
v -0.161136 0.139513 0.243531
v -0.165349 0.126976 0.244379
v -0.142731 0.116697 0.253898
v -0.136076 0.106960 0.269409
v -0.180879 0.129441 0.257584
v -0.169460 0.162662 0.247071
v -0.235029 0.108929 0.260546
v -0.227335 0.109503 0.247674
v -0.213841 0.105799 0.233772
v -0.145415 0.093853 0.251625
v -0.157468 0.094792 0.244246
v -0.199676 0.105462 0.223942
v -0.191102 0.116956 0.219062
v -0.181043 0.105515 0.209329
v -0.168938 0.145153 0.201087
v -0.169692 0.108034 0.196400
v -0.166795 0.127101 0.194290
v -0.182292 0.091317 0.154400
v -0.176567 0.123095 0.158865
v -0.207379 0.100231 0.160892
v -0.213334 0.108877 0.228338
v -0.223018 0.130657 0.230283
v -0.212245 0.147649 0.224732
v -0.203946 0.170599 0.212410
v -0.226394 0.159367 0.225185
v -0.205821 0.156475 0.215202
v -0.204851 0.158802 0.194817
v -0.208293 0.148341 0.182585
v -0.213475 0.166538 0.223140
v -0.202769 0.164654 0.165904
v -0.206325 0.145955 0.195157
v -0.206841 0.163319 0.180460
v -0.206667 0.153539 0.170982
v -0.241284 0.147436 0.216769
v -0.243158 0.154419 0.205800
v 0.008661 0.428780 0.076421
v -0.128431 0.459968 0.169147
v -0.106563 0.477991 0.160445
v -0.107278 0.134131 0.079483
v -0.083829 0.082807 0.075481
v -0.080412 0.099690 0.060923
v -0.078803 0.121729 0.067924
v -0.080382 0.114147 0.036347
v -0.068978 0.116872 0.007971
v -0.085388 0.105894 0.019352
v -0.071307 0.096766 0.007356
v -0.053646 0.101029 0.010435
v -0.064110 0.106079 0.008279
v -0.045185 0.113715 0.016922
v -0.127197 0.131228 0.074790
v -0.128470 0.094828 0.042935
v -0.122915 0.190507 0.046203
v -0.141539 0.131131 0.114141
v -0.155517 0.123652 0.130803
v -0.166885 0.124030 0.140344
v -0.164021 0.157231 0.141820
v -0.159837 0.140339 0.136568
v -0.173148 0.143801 0.146333
v -0.152609 0.153906 0.130104
v -0.149826 0.136814 0.125607
v -0.151264 0.196762 0.131291
v -0.145078 0.175401 0.120758
v -0.146578 0.162493 0.122289
v -0.245166 0.137652 0.185657
v 0.184430 0.079131 0.231691
v 0.211172 0.110667 0.218183
v 0.221076 0.093287 0.217200
v 0.183318 0.084193 0.282613
v 0.195161 0.080700 0.279349
v 0.205286 0.096654 0.272525
v 0.220365 0.088725 0.263875
v 0.178459 0.099272 0.282328
v 0.191643 0.109939 0.278270
v 0.192342 0.146432 0.274465
v 0.196158 0.127931 0.274678
v 0.175385 0.132793 0.276230
v 0.187126 0.135734 0.276817
v 0.184093 0.121951 0.279174
v 0.169749 0.118646 0.275245
v 0.167828 0.126874 0.242193
v 0.173876 0.192898 0.236308
v 0.196490 0.142673 0.227515
v 0.167849 0.160430 0.242465
v 0.182201 0.130828 0.230687
v 0.165340 0.143622 0.246180
v 0.179518 0.149514 0.232341
v 0.199425 0.123755 0.225915
v 0.171145 0.156801 0.267212
v 0.173985 0.138634 0.237504
v 0.183998 0.172482 0.230459
v 0.187133 0.118239 0.228444
v 0.185607 0.103623 0.229726
v 0.199714 0.100735 0.222968
v 0.166803 0.154263 0.254565
v 0.192612 0.158635 0.228317
v 0.177303 0.162075 0.233944
v 0.211353 0.182130 0.219473
v 0.200404 0.173261 0.228205
v 0.191404 0.190207 0.229553
v 0.217310 0.155093 0.215392
v 0.206550 0.153679 0.225753
v 0.214925 0.135847 0.221165
v 0.211819 0.167513 0.220984
v 0.283553 0.084710 0.216811
v 0.285252 0.084269 0.204395
v 0.275137 0.106919 0.222292
v 0.277831 0.077663 0.228128
v 0.280897 0.097562 0.214871
v 0.256816 0.087945 0.244670
v 0.238205 0.090574 0.253446
v 0.235755 0.076631 0.256327
v 0.266057 0.076965 0.240575
v 0.213886 0.098286 0.183735
v 0.212673 0.124394 0.184339
v 0.226079 0.098451 0.183202
v 0.225114 0.114438 0.182764
v 0.208472 0.111121 0.184059
v 0.250713 0.112616 0.182852
v 0.256487 0.131223 0.186137
v 0.249834 0.097662 0.182212
v 0.188013 0.091027 0.180562
v 0.190705 0.077635 0.181046
v 0.182499 0.054369 0.176929
v 0.198833 0.071916 0.060540
v 0.181175 0.056425 0.077496
v 0.186587 0.099628 0.071101
v 0.157388 0.082863 0.104569
v 0.212868 0.047651 0.021042
v 0.204974 0.081614 0.025261
v 0.159664 0.047451 0.013962
v 0.151356 0.039500 0.022000
v 0.151960 0.074660 0.022342
v 0.163369 0.073921 0.012799
v -0.002336 0.078064 0.041313
v 0.007245 0.089450 0.041915
v 0.031139 0.092723 0.038259
v 0.032690 0.079025 0.036654
v -0.000305 0.086715 0.049955
v -0.005162 0.099455 0.046730
v -0.022022 0.116961 0.036008
v -0.026293 0.128208 0.033285
v 0.016096 0.143306 0.064053
v -0.005752 0.108075 0.040841
v -0.029080 0.168299 0.028323
v -0.038438 0.152395 0.020452
v 0.008277 0.055554 -0.010817
v 0.060248 0.043632 0.044173
v 0.002780 0.078132 -0.015157
v -0.012420 0.100399 -0.024559
v -0.030666 0.097623 -0.031322
v -0.053894 0.104922 -0.018615
v -0.056484 0.104917 -0.004154
v -0.059505 0.092547 -0.012149
v -0.052673 0.090613 -0.027390
v -0.043939 0.101847 -0.028327
v -0.037380 0.133137 -0.021250
v -0.031470 0.116065 -0.026994
v -0.051677 0.123440 -0.010745
v -0.051940 0.125292 0.004181
v -0.021311 0.128936 -0.023443
v -0.019557 0.111108 -0.025982
v -0.043646 0.120623 -0.021841
v -0.017875 0.170650 -0.013768
v -0.023842 0.150242 -0.018764
v 0.019447 0.107938 0.004557
v 0.023915 0.088458 0.008554
v 0.086223 0.067224 0.065511
v 0.098653 0.057893 0.066788
v 0.119049 0.058930 0.059088
v 0.125358 0.079535 0.054277
v 0.129676 0.060113 0.049055
v 0.139234 0.050363 0.037068
v -0.003878 0.105901 0.299735
v -0.000039 0.093903 0.305955
v -0.015444 0.112180 0.277791
v -0.006557 0.119789 0.296186
v -0.010683 0.104243 0.287932
v -0.016081 0.096670 0.275262
v 0.005303 0.145821 0.314579
v -0.028409 0.102142 0.365531
v -0.034766 0.103911 0.340477
v -0.035394 0.122158 0.338132
v -0.020462 0.114472 0.307680
v -0.023052 0.096825 0.315614
v -0.029452 0.122791 0.321044
v -0.026398 0.109634 0.318991
v -0.031053 0.102738 0.328473
v -0.032368 0.114623 0.329316
v -0.034192 0.079780 0.343811
v 0.039893 0.093334 0.336772
v 0.047777 0.104236 0.349205
v 0.036727 0.115269 0.324273
v 0.036997 0.101782 0.326447
v 0.040951 0.110611 0.337693
v 0.034073 0.106185 0.311224
v 0.047896 0.160215 0.344156
v 0.042467 0.136099 0.337751
v 0.039860 0.123472 0.334305
v 0.050534 0.123933 0.350328
v -0.013981 0.070278 0.292194
v -0.016520 0.084130 0.282679
v -0.015619 0.100381 0.294327
v 0.092371 0.167858 0.336341
v -0.086652 0.084389 0.310521
v -0.077984 0.076504 0.301780
v -0.107346 0.119236 0.314759
v -0.110149 0.082097 0.319413
v -0.110534 0.100773 0.316878
v -0.123944 0.096840 0.311716
v -0.095896 0.101593 0.314368
v 0.139861 0.104726 0.301600
v 0.066811 0.185257 0.271475
v 0.164782 0.063845 0.229380
v 0.160538 0.075692 0.243988
v 0.157089 0.086976 0.258811
v 0.162626 0.096874 0.240457
v 0.154278 0.099501 0.268703
v 0.160366 0.087245 0.247262
v 0.155191 0.124872 0.252739
v 0.154982 0.114548 0.264469
v 0.158925 0.103327 0.254249
v 0.183683 0.085247 0.196300
v 0.172668 0.055113 0.214002
v -0.177116 0.154059 0.253887
v -0.179083 0.168596 0.258303
v -0.151903 0.156057 0.244543
v -0.163696 0.151752 0.244739
v -0.135209 0.163338 0.265396
v -0.140109 0.154756 0.253942
v -0.135806 0.143156 0.265590
v -0.138307 0.131177 0.259509
v -0.176368 0.132845 0.208313
v -0.165257 0.140359 0.187299
v -0.165180 0.191067 0.178941
v -0.168524 0.163362 0.169546
v -0.165477 0.149523 0.175145
v -0.182923 0.146851 0.159004
v -0.196742 0.152373 0.159910
v -0.171694 0.143135 0.165196
v -0.194626 0.137851 0.157704
v -0.184636 0.167697 0.159458
v -0.164423 0.119650 0.180105
v -0.186993 0.115012 0.156065
v -0.173853 0.111434 0.160369
v -0.203441 0.171989 0.198674
v 0.005650 0.445518 0.085936
v -0.117059 0.456596 0.162678
v -0.104459 0.122375 0.081351
v -0.122380 0.127981 0.069896
v -0.126647 0.120824 0.058656
v -0.117103 0.138667 0.073404
v -0.083165 0.113955 0.075624
v -0.086451 0.139179 0.077938
v -0.076890 0.125961 0.051114
v -0.073485 0.162249 0.053393
v -0.074541 0.144326 0.047766
v -0.076892 0.148781 0.065482
v -0.076381 0.134761 0.062432
v -0.087335 0.157242 0.077555
v -0.102103 0.195034 0.077675
v -0.098902 0.174494 0.078904
v -0.088087 0.095054 0.025119
v -0.081887 0.097172 0.012345
v -0.067033 0.085983 0.006155
v -0.127623 0.118835 0.072524
v -0.127459 0.123789 0.086862
v -0.136534 0.146005 0.057104
v -0.122152 0.179368 0.038799
v -0.138772 0.120518 0.109648
v -0.131162 0.144171 0.098875
v -0.147133 0.121699 0.121091
v 0.227911 0.109164 0.210660
v 0.221622 0.122339 0.216600
v 0.221736 0.101464 0.190657
v 0.223977 0.087485 0.189653
v 0.231083 0.095694 0.207435
v 0.226870 0.110259 0.198125
v 0.162118 0.117444 0.262867
v 0.168441 0.142123 0.266889
v 0.178591 0.147661 0.274440
v 0.208896 0.092044 0.220948
v 0.181074 0.184207 0.231784
v 0.169006 0.177449 0.241738
v 0.168873 0.171121 0.257800
v 0.186213 0.174092 0.271671
v 0.186599 0.159757 0.273992
v 0.204515 0.159359 0.267295
v 0.175454 0.168597 0.268206
v 0.218673 0.136299 0.260682
v 0.205415 0.139429 0.268814
v 0.210586 0.126294 0.266801
v 0.227212 0.111542 0.257660
v 0.190009 0.269846 0.223697
v 0.204142 0.134313 0.225129
v 0.223875 0.140558 0.205101
v 0.202317 0.165431 0.190960
v 0.218762 0.170543 0.201974
v 0.201948 0.136453 0.188611
v 0.220413 0.155041 0.200067
v 0.214698 0.142813 0.193419
v 0.203213 0.150941 0.189624
v 0.213987 0.128433 0.190780
v 0.171043 0.154736 0.214734
v 0.194028 0.109949 0.189602
v 0.182021 0.144960 0.196817
v 0.201437 0.122123 0.187794
v 0.183871 0.125542 0.195863
v 0.208988 0.108940 0.187049
v 0.200080 0.091979 0.186912
v 0.266090 0.104155 0.235202
v 0.262752 0.137201 0.230054
v 0.267190 0.120470 0.229527
v 0.274580 0.124736 0.209564
v 0.278359 0.110178 0.206489
v 0.269262 0.118890 0.192475
v 0.249269 0.124259 0.243198
v 0.269672 0.130375 0.220742
v 0.273430 0.118426 0.219603
v 0.266458 0.130941 0.193460
v 0.274283 0.106860 0.194434
v 0.259548 0.119824 0.185865
v 0.257739 0.113862 0.240193
v 0.259388 0.127133 0.236566
v 0.229462 0.170688 0.184855
v 0.204086 0.061895 0.054886
v 0.205978 0.075148 0.048919
v 0.192345 0.061034 0.067641
v 0.180441 0.085142 0.077111
v 0.190014 0.078690 0.069115
v 0.161843 0.074944 0.096598
v 0.163260 0.106458 0.091405
v 0.170821 0.094668 0.084704
v 0.161434 0.092848 0.095249
v 0.156002 0.103943 0.105468
v 0.157286 0.119459 0.099760
v 0.162447 0.153571 0.140492
v 0.153654 0.139850 0.118108
v 0.154399 0.132556 0.105521
v 0.154139 0.118359 0.122208
v 0.154371 0.114829 0.110602
v 0.154858 0.073270 0.126833
v 0.154811 0.058158 0.120686
v 0.156090 0.069763 0.141004
v 0.156028 0.089788 0.138502
v 0.162962 0.099394 0.156318
v 0.155692 0.070364 0.112345
v 0.208572 0.069800 0.031520
v 0.205135 0.070248 0.018651
v 0.155319 0.062602 0.018560
v 0.145725 0.063120 0.029173
v 0.005452 0.123076 0.057600
v -0.023397 0.158740 0.033617
v 0.002314 0.235960 0.040226
v 0.064895 0.053664 0.050251
v 0.071633 0.066633 0.057880
v 0.061367 0.102410 0.050279
v 0.063459 0.083100 0.051476
v 0.049001 0.082722 0.036678
v -0.048068 0.147550 -0.000573
v -0.045303 0.146770 0.011601
v 0.011972 0.094173 -0.004769
v 0.002639 0.106728 -0.013218
v 0.011426 0.147016 -0.001583
v 0.005240 0.127686 -0.008875
v 0.000101 0.118272 -0.013879
v -0.007199 0.132651 -0.017307
v 0.033851 0.103918 0.020768
v 0.083334 0.054810 0.064376
v 0.110169 0.090248 0.064080
v 0.140346 0.096805 0.036711
v 0.138934 0.038252 0.037335
v 0.000514 0.135169 0.307009
v 0.008323 0.131303 0.320269
v 0.077872 0.139654 0.358370
v 0.077502 0.120637 0.361822
v 0.091144 0.122873 0.355292
v 0.054385 0.143209 0.351679
v -0.017492 0.092615 0.304617
v -0.021355 0.129124 0.278579
v -0.020884 0.141429 0.302567
v -0.024081 0.128587 0.308752
v -0.027599 0.141247 0.315994
v -0.017517 0.128197 0.294122
v -0.034628 0.221962 0.337911
v -0.033697 0.180468 0.330121
v -0.032448 0.159475 0.326169
v -0.017145 0.114190 0.284954
v -0.032133 0.112658 0.269260
v -0.021734 0.099638 0.276175
v 0.095907 0.152106 0.330180
v 0.089818 0.152733 0.349150
v 0.081954 0.166352 0.295172
v 0.159074 0.063284 0.248065
v 0.165827 0.097072 0.224267
v 0.172989 0.087233 0.210824
v 0.178063 0.077015 0.204630
v 0.178656 0.104342 0.201322
v 0.170519 0.107308 0.213908
v 0.171504 0.129202 0.213185
v 0.146612 0.151446 0.280081
v 0.150283 0.131679 0.275136
v 0.133879 0.157600 0.301593
v 0.123176 0.152152 0.308816
v 0.133946 0.142572 0.303952
v 0.141914 0.148639 0.293486
v 0.142426 0.132304 0.294435
v 0.159453 0.113728 0.241905
v -0.135083 0.129975 0.272998
v -0.176854 0.157792 0.161635
v -0.173337 0.180840 0.165898
v -0.191248 0.222494 0.164891
v -0.203224 0.218880 0.209554
v -0.202150 0.194670 0.207851
v -0.197162 0.191637 0.164432
v -0.186836 0.182094 0.160615
v -0.199448 0.177993 0.164411
v -0.177247 0.203563 0.163824
v -0.171418 0.193173 0.168142
v 0.020007 0.444124 0.087972
v -0.084526 0.127242 0.077064
v -0.098461 0.143635 0.080024
v -0.119815 0.170596 0.067401
v -0.123245 0.177258 0.053981
v -0.118381 0.192984 0.065807
v -0.076250 0.187997 0.066822
v -0.128768 0.143517 0.068397
v -0.135001 0.129790 0.057277
v -0.144925 0.136953 0.049018
v -0.137743 0.142273 0.109502
v -0.132556 0.166899 0.103233
v -0.126936 0.140381 0.085761
v 0.198290 0.170637 0.268624
v 0.228475 0.161826 0.251534
v 0.228209 0.098137 0.258328
v 0.216265 0.103003 0.265234
v 0.239879 0.105768 0.250879
v 0.187726 0.230309 0.231232
v 0.216176 0.187524 0.203862
v 0.202328 0.183452 0.192331
v 0.209633 0.174170 0.194931
v 0.173818 0.209348 0.223954
v 0.180090 0.174255 0.199744
v 0.191619 0.174439 0.191814
v 0.185278 0.160250 0.194594
v 0.176643 0.162165 0.204866
v 0.182858 0.200395 0.197121
v 0.185007 0.186587 0.194826
v 0.195314 0.195873 0.192452
v 0.189931 0.136102 0.192486
v 0.188360 0.097495 0.191811
v 0.193173 0.080973 0.188380
v 0.211194 0.084345 0.186723
v 0.249559 0.155437 0.185628
v 0.196670 0.091352 0.061580
v 0.198862 0.122022 0.048252
v 0.196119 0.108815 0.059538
v 0.202416 0.105746 0.043800
v 0.183324 0.134317 0.071501
v 0.203742 0.094693 0.033227
v 0.192140 0.096362 0.013956
v 0.196894 0.117532 0.029816
v 0.185637 0.117042 0.070755
v 0.174723 0.109854 0.080411
v 0.192931 0.127242 0.061597
v 0.187934 0.172305 0.042501
v 0.192594 0.151811 0.056187
v 0.190926 0.140288 0.062491
v 0.166239 0.120801 0.086922
v 0.171338 0.134270 0.081265
v 0.162092 0.189027 0.084669
v 0.163868 0.160997 0.085565
v 0.179992 0.155326 0.072883
v 0.164709 0.146411 0.085937
v 0.154398 0.153597 0.102492
v 0.176450 0.122633 0.078188
v 0.158402 0.132519 0.137853
v 0.154701 0.083261 0.117775
v 0.155561 0.105961 0.133614
v 0.156560 0.119327 0.135483
v 0.158330 0.100552 0.144656
v 0.159869 0.088839 0.150359
v 0.174757 0.121876 0.173232
v 0.181082 0.106473 0.177514
v 0.163766 0.121714 0.155274
v 0.170285 0.104598 0.167846
v 0.168187 0.116114 0.164963
v 0.000222 0.111956 0.052835
v -0.010587 0.199564 0.040530
v 0.056544 0.076206 0.043939
v 0.055860 0.091632 0.044227
v 0.045371 0.099175 0.032752
v 0.040966 0.087966 0.027991
v 0.040981 0.111020 0.029191
v 0.053081 0.120397 0.043489
v 0.032384 0.090986 0.018393
v -0.037578 0.163930 -0.009798
v -0.039679 0.148128 -0.014733
v -0.047575 0.137107 -0.010278
v -0.004159 0.154806 -0.013220
v 0.019944 0.129188 0.006456
v 0.010879 0.115029 -0.004693
v 0.026111 0.100283 0.011743
v 0.115501 0.079315 0.061761
v 0.096562 0.080594 0.067257
v 0.078511 0.084362 0.062916
v 0.069786 0.093980 0.057648
v 0.079699 0.121507 0.063833
v 0.085697 0.102667 0.065700
v 0.071681 0.109135 0.059466
v 0.064950 0.124527 0.055347
v 0.097198 0.094687 0.067345
v 0.060657 0.114383 0.050580
v 0.080809 0.177955 0.064150
v 0.076137 0.149812 0.062429
v 0.073712 0.135046 0.061421
v 0.052850 0.148658 0.046493
v 0.063925 0.144683 0.055621
v 0.062322 0.167613 0.055404
v 0.056074 0.134201 0.048282
v 0.044599 0.137857 0.036365
v 0.030529 0.142419 0.020279
v 0.134957 0.083386 0.042585
v 0.144203 0.083704 0.031071
v 0.158355 0.101735 0.018579
v 0.161987 0.088177 0.014994
v 0.148896 0.095535 0.026182
v 0.126585 0.102195 0.053980
v 0.063933 0.130115 0.358518
v 0.081258 0.109601 0.362934
v 0.046336 0.147471 0.342530
v 0.035637 0.158569 0.317713
v 0.040415 0.156137 0.331756
v 0.035167 0.136215 0.316557
v 0.041482 0.181603 0.331877
v 0.038502 0.168994 0.326589
v 0.034257 0.177615 0.306908
v -0.016129 0.155275 0.364555
v -0.032450 0.141178 0.353618
v -0.035063 0.134820 0.342234
v -0.035210 0.151550 0.340700
v -0.030388 0.157957 0.355690
v -0.014545 0.194191 0.356370
v -0.034966 0.168781 0.342897
v -0.019662 0.174854 0.359834
v -0.032216 0.188549 0.348820
v -0.029989 0.170435 0.354277
v -0.021521 0.176515 0.297079
v -0.035415 0.129293 0.269107
v -0.027851 0.159049 0.273326
v -0.027520 0.142894 0.272768
v -0.018812 0.143138 0.286513
v -0.053713 0.150691 0.270602
v -0.020233 0.158421 0.296221
v -0.047734 0.137340 0.269046
v -0.039243 0.150845 0.269623
v -0.025662 0.166449 0.311212
v -0.024379 0.152872 0.309361
v -0.021201 0.168056 0.284075
v -0.026947 0.194174 0.277201
v -0.031558 0.177103 0.271763
v -0.022187 0.182414 0.284000
v -0.046741 0.167456 0.268847
v -0.031073 0.171311 0.321663
v -0.040069 0.190459 0.268632
v -0.049699 0.103114 0.270602
v 0.075943 0.173364 0.352384
v 0.091324 0.137672 0.351418
v 0.095963 0.128902 0.344536
v 0.092548 0.156170 0.305484
v 0.078742 0.143575 0.291973
v 0.086736 0.144688 0.302438
v 0.184057 0.113447 0.195471
v 0.176840 0.134363 0.202444
v 0.164618 0.135109 0.234264
v 0.160716 0.126033 0.241726
v 0.151780 0.147108 0.257989
v 0.147000 0.123116 0.285234
v 0.146369 0.139447 0.284576
v 0.011541 0.433356 0.089219
v 0.013223 0.413322 0.070585
v 0.026259 0.423327 0.080910
v 0.011112 0.444762 0.096884
v 0.026860 0.440429 0.066791
v -0.109403 0.166974 0.075123
v -0.110873 0.182021 0.073258
v -0.120462 0.211482 0.053443
v -0.082619 0.173318 0.073328
v -0.090092 0.186206 0.075552
v -0.074023 0.174480 0.061501
v -0.045314 0.206363 0.016732
v -0.077293 0.162389 0.067015
v -0.072718 0.188660 0.027369
v -0.072345 0.178009 0.042995
v -0.069819 0.201866 0.047771
v -0.074833 0.158370 0.018304
v -0.072039 0.191038 0.040417
v -0.071521 0.186880 0.053741
v -0.075465 0.147634 0.031275
v -0.074600 0.172132 0.027625
v -0.051150 0.143544 0.013413
v -0.036958 0.141135 0.025202
v -0.074715 0.137180 0.013354
v -0.045031 0.129578 0.017889
v -0.055489 0.122219 0.010551
v -0.040542 0.173854 0.021614
v -0.079427 0.138265 0.024545
v -0.081703 0.122508 0.018487
v -0.042894 0.156751 0.020861
v -0.060414 0.174535 0.012394
v -0.025746 0.162446 0.035570
v -0.070754 0.169669 0.016383
v -0.049557 0.166692 0.014481
v -0.029729 0.149962 0.032381
v -0.035001 0.164100 0.027260
v -0.129074 0.157377 0.092410
v -0.126759 0.190415 0.075003
v -0.126010 0.171963 0.080189
v 0.215846 0.165626 0.259208
v 0.215217 0.150833 0.261314
v 0.184518 0.209799 0.230541
v 0.257454 0.144659 0.188821
v 0.242100 0.140366 0.182930
v 0.226026 0.134886 0.183592
v 0.233013 0.154389 0.183777
v 0.200467 0.153826 0.186897
v 0.210639 0.140809 0.185455
v 0.216789 0.159237 0.186772
v 0.191654 0.130175 0.184189
v 0.196343 0.117347 0.184780
v 0.222053 0.147313 0.185130
v 0.202715 0.174379 0.188702
v 0.197822 0.141324 0.185714
v 0.216228 0.172881 0.187430
v 0.218162 0.250552 0.191239
v 0.229485 0.211474 0.187187
v 0.225970 0.191091 0.185940
v 0.196805 0.081968 0.012450
v 0.197627 0.104255 0.024531
v 0.185552 0.112046 0.015328
v 0.176346 0.099180 0.011882
v 0.167107 0.119696 0.016962
v 0.187134 0.170056 0.061599
v 0.154514 0.174882 0.099073
v 0.155212 0.160449 0.122015
v 0.154567 0.130252 0.126146
v 0.157040 0.144739 0.130895
v 0.164627 0.140415 0.153707
v 0.176402 0.153699 0.174740
v 0.183661 0.142436 0.181276
v 0.168436 0.131745 0.164681
v 0.169733 0.145605 0.165571
v 0.159577 0.113268 0.146458
v -0.017202 0.180777 0.038680
v -0.035870 0.202477 0.015328
v 0.052882 0.107096 0.040802
v -0.026749 0.162035 -0.015726
v -0.045226 0.160520 0.000495
v 0.001513 0.141880 -0.010597
v -0.011791 0.145016 -0.017721
v 0.012385 0.134686 -0.001616
v 0.028864 0.119093 0.016178
v 0.027658 0.131329 0.015786
v 0.093054 0.115630 0.067080
v 0.095843 0.138672 0.067264
v 0.021137 0.143677 0.008989
v 0.020964 0.189440 0.013300
v 0.025972 0.166017 0.017079
v 0.017867 0.158489 0.006395
v 0.016849 0.174927 0.006684
v 0.039466 0.158697 0.032531
v 0.006223 0.166199 -0.004476
v -0.005052 0.167996 -0.011347
v -0.005490 0.203728 -0.005731
v 0.002024 0.185467 -0.005506
v 0.012123 0.187165 0.003325
v 0.121507 0.091162 0.058137
v 0.037909 0.143572 0.327508
v 0.033657 0.148092 0.304271
v 0.033746 0.163036 0.303590
v 0.034445 0.122744 0.312626
v 0.036628 0.185101 0.318883
v 0.002598 0.167403 0.354584
v -0.023424 0.185965 0.356732
v -0.027717 0.207991 0.350368
v -0.034456 0.201528 0.332371
v -0.044051 0.113533 0.268900
v -0.070346 0.111715 0.287363
v -0.065788 0.092123 0.282892
v -0.040011 0.092424 0.268586
v -0.031401 0.100711 0.269197
v 0.086931 0.166114 0.348745
v 0.087804 0.181923 0.343786
v 0.084596 0.192751 0.308948
v 0.090842 0.195294 0.328005
v 0.087524 0.168280 0.313291
v 0.094404 0.163775 0.323810
v 0.093065 0.179973 0.323075
v 0.063710 0.159284 0.354042
v 0.077731 0.157283 0.355051
v 0.066418 0.146393 0.356639
v 0.175009 0.117817 0.205482
v 0.165821 0.126255 0.224645
v 0.149822 0.143647 0.270285
v 0.030263 0.406726 0.072364
v -0.001261 0.353833 0.048831
v 0.012152 0.410752 0.072540
v 0.023287 0.378406 0.051736
v -0.039614 0.386470 0.054761
v 0.032198 0.391017 0.062101
v -0.019593 0.416337 0.064365
v 0.009869 0.393663 0.061633
v -0.005678 0.416253 0.077049
v 0.020559 0.388151 0.058972
v 0.019774 0.402492 0.064972
v 0.009881 0.432824 0.073906
v 0.016856 0.450445 0.076007
v -0.121200 0.199076 0.055202
v -0.118997 0.281759 0.036608
v -0.111868 0.210760 0.071058
v -0.065280 0.149154 0.010131
v -0.061493 0.135017 0.008831
v -0.048989 0.188550 0.014824
v -0.063999 0.188983 0.015133
v -0.129074 0.186546 0.095450
v -0.139881 0.173833 0.056932
v 0.182977 0.198194 0.231157
v 0.209678 0.216152 0.219766
v 0.213522 0.201974 0.211820
v 0.203861 0.201243 0.225812
v 0.203464 0.188736 0.226582
v 0.197860 0.214117 0.227587
v 0.189468 0.165691 0.184957
v 0.200365 0.202665 0.190300
v 0.256733 0.190071 0.210117
v 0.168257 0.107751 0.014906
v 0.146540 0.120165 0.030473
v 0.187216 0.158554 0.064174
v 0.191405 0.163658 0.051339
v 0.189856 0.148703 0.032290
v 0.182523 0.211620 0.056514
v 0.174667 0.173612 0.075807
v 0.156777 0.163354 0.095336
v 0.161478 0.174963 0.086714
v 0.153213 0.151352 0.114307
v 0.153004 0.165613 0.109324
v 0.170545 0.200081 0.142593
v 0.158271 0.186253 0.124262
v 0.155290 0.173814 0.119835
v 0.164314 0.172850 0.137248
v 0.168762 0.166743 0.158259
v 0.165949 0.154086 0.153740
v -0.033086 0.187921 -0.004181
v -0.041396 0.175615 0.000439
v -0.038182 0.183616 0.017390
v -0.038570 0.192217 0.007185
v -0.037116 0.172299 0.020661
v -0.028026 0.193426 0.029843
v -0.030121 0.181055 0.027069
v -0.019311 0.192297 0.037610
v 0.038032 0.146412 0.029690
v 0.036426 0.183144 0.031395
v 0.049587 0.165194 0.044480
v 0.041446 0.171542 0.035915
v -0.009158 0.166401 0.361198
v -0.005053 0.181285 0.356921
v 0.006124 0.231971 0.328795
v 0.007540 0.202029 0.337547
v 0.000326 0.194977 0.350154
v 0.009110 0.182471 0.337929
v 0.004445 0.178630 0.349020
v -0.005474 0.218974 0.350290
v -0.007592 0.205733 0.353529
v -0.034901 0.190331 0.337117
v -0.034526 0.210223 0.340705
v -0.026291 0.221340 0.301707
v -0.022894 0.199839 0.297652
v -0.027840 0.188833 0.313253
v -0.025108 0.178150 0.308438
v -0.060351 0.112425 0.275998
v -0.084592 0.121931 0.305272
v -0.086868 0.109411 0.308761
v -0.077366 0.106114 0.298533
v -0.056802 0.093657 0.274443
v -0.074414 0.090722 0.296003
v 0.078862 0.293162 0.308572
v 0.009526 0.411324 0.051385
v 0.000795 0.376333 0.049305
v -0.004190 0.392597 0.061383
v 0.002644 0.398204 0.074717
v -0.016813 0.438762 0.075867
v -0.033696 0.448490 0.089132
v -0.033925 0.459731 0.095706
v 0.021431 0.435169 0.078768
v -0.116399 0.245129 0.038682
v -0.092081 0.214132 0.074190
v -0.084517 0.200479 0.071813
v -0.073420 0.217345 0.062831
v -0.072949 0.201952 0.062421
v -0.125797 0.183145 0.084474
v -0.136171 0.181444 0.108884
v -0.143149 0.190880 0.119255
v -0.138001 0.250121 0.104379
v -0.143521 0.221394 0.114375
v -0.145979 0.206588 0.119862
v -0.133125 0.206628 0.102459
v -0.136254 0.194930 0.108413
v -0.130020 0.163585 0.066072
v -0.129969 0.178391 0.066951
v -0.137146 0.194478 0.059477
v -0.139534 0.159756 0.056396
v -0.147040 0.150641 0.049173
v 0.216014 0.203241 0.188061
v 0.210568 0.188264 0.188946
v 0.207626 0.227217 0.191351
v 0.216873 0.217122 0.188805
v 0.231847 0.233306 0.189515
v 0.195519 0.188485 0.188536
v 0.247467 0.183904 0.189786
v 0.155382 0.114653 0.021725
v 0.195496 0.133193 0.036038
v 0.195483 0.139746 0.048856
v 0.186316 0.190466 0.054239
v 0.153623 0.198124 0.104263
v 0.160279 0.162475 0.132714
v 0.166216 0.187406 0.136549
v 0.171309 0.185401 0.154849
v 0.175412 0.170223 0.173013
v 0.174864 0.185998 0.170377
v 0.182526 0.202608 0.180368
v -0.030296 0.175769 -0.010336
v -0.015578 0.188787 -0.009925
v -0.007611 0.179719 -0.009943
v -0.011070 0.190821 0.290463
v -0.022151 0.224800 0.350069
v -0.006598 0.242996 0.345710
v -0.010673 0.231080 0.349559
v 0.001412 0.228661 0.342038
v 0.004061 0.215036 0.341058
v -0.032457 0.216042 0.319455
v -0.025365 0.214080 0.282758
v -0.032455 0.191769 0.324616
v 0.083880 0.246547 0.331369
v 0.008157 0.405977 0.062106
v 0.011157 0.424921 0.060079
v 0.006242 0.393820 0.043204
v -0.008128 0.406665 0.065714
v -0.022854 0.396985 0.056664
v -0.007551 0.446276 0.082643
v -0.005128 0.431345 0.081490
v -0.020498 0.452215 0.084898
v -0.013027 0.426145 0.071301
v -0.119836 0.226151 0.040812
v -0.101782 0.207266 0.077014
v -0.104876 0.226970 0.075302
v -0.110960 0.258102 0.067856
v -0.103917 0.243864 0.073911
v -0.116596 0.235172 0.059658
v -0.113837 0.223213 0.065721
v -0.113102 0.245849 0.065463
v -0.083207 0.223548 0.069980
v -0.066101 0.237856 0.029055
v -0.130312 0.229276 0.096545
v -0.125933 0.201557 0.087878
v -0.127908 0.215519 0.091999
v -0.135061 0.235141 0.064116
v -0.129133 0.215135 0.071245
v -0.126582 0.203224 0.075220
v -0.149339 0.186755 0.048872
v -0.156935 0.167827 0.033897
v -0.150411 0.165363 0.047390
v -0.155645 0.156366 0.039730
v -0.159748 0.152147 0.018024
v -0.142723 0.173867 0.009020
v -0.145435 0.153708 0.004688
v -0.128599 0.172037 0.014241
v -0.133307 0.197288 0.013894
v -0.127413 0.185347 0.016405
v -0.121814 0.197208 0.023080
v -0.153057 0.195208 0.026720
v -0.152781 0.195706 0.039856
v -0.155350 0.182493 0.033838
v -0.152327 0.181879 0.018474
v -0.145231 0.192688 0.016579
v -0.154767 0.166732 0.015811
v 0.218170 0.236481 0.190367
v 0.235761 0.262704 0.221889
v 0.248857 0.217016 0.205142
v 0.235417 0.182206 0.185361
v 0.240418 0.198958 0.188289
v 0.242746 0.212549 0.192841
v 0.251106 0.201811 0.201019
v 0.188617 0.178536 0.052947
v 0.176372 0.197731 0.071400
v 0.182140 0.183323 0.066914
v 0.153460 0.184595 0.110019
v 0.154880 0.187861 0.095822
v 0.168210 0.174925 0.148879
v 0.174958 0.204585 0.161906
v 0.189902 0.219485 0.187794
v 0.003930 0.191665 0.313185
v -0.027551 0.208517 0.308180
v -0.023300 0.202299 0.285637
v -0.023325 0.211761 0.294633
v -0.053123 0.311523 0.266310
v -0.034546 0.207558 0.270293
v -0.048609 0.258619 0.268391
v -0.037040 0.234303 0.270277
v -0.031615 0.221321 0.272305
v -0.025505 0.235258 0.286386
v -0.049881 0.221004 0.270030
v -0.056559 0.240238 0.272578
v 0.086061 0.220285 0.334959
v 0.026794 0.425792 0.060321
v 0.070803 0.427554 0.077229
v 0.049753 0.419576 0.066736
v 0.037439 0.418621 0.062440
v 0.003022 0.387868 0.053290
v 0.020025 0.399964 0.048387
v -0.119511 0.214337 0.041959
v -0.119398 0.224276 0.053490
v -0.117972 0.236455 0.047411
v -0.067893 0.222478 0.043510
v -0.066503 0.211341 0.023304
v -0.071829 0.203590 0.033859
v -0.135112 0.219619 0.104290
v -0.124774 0.231373 0.079025
v -0.124833 0.219684 0.081313
v -0.127432 0.246302 0.089676
v -0.129649 0.279628 0.091066
v -0.130956 0.262616 0.094557
v -0.131890 0.264976 0.067917
v -0.124417 0.259037 0.080586
v -0.124685 0.274112 0.077774
v -0.130640 0.249278 0.069753
v -0.125909 0.302784 0.074461
v -0.124418 0.288958 0.080450
v -0.132569 0.296025 0.093328
v -0.124831 0.243365 0.078395
v -0.153283 0.280193 0.119382
v -0.128500 0.308716 0.087423
v -0.127185 0.373721 0.085219
v -0.133899 0.339841 0.069184
v -0.126260 0.322359 0.073552
v -0.146475 0.295544 0.108032
v -0.141623 0.274527 0.105204
v -0.140411 0.218850 0.056939
v -0.144708 0.242875 0.032618
v -0.144855 0.251675 0.052647
v -0.139961 0.206371 0.056914
v -0.151081 0.224010 0.040097
v -0.152065 0.209925 0.032728
v -0.148774 0.216508 0.048940
v -0.145929 0.233346 0.052267
v -0.148001 0.242838 0.044554
v -0.161952 0.138130 0.015368
v -0.160679 0.138788 0.028905
v -0.153578 0.146388 0.009543
v -0.133852 0.159948 0.009504
v -0.138132 0.184746 0.011106
v 0.236713 0.253478 0.200936
v 0.183074 0.200147 0.061270
v 0.159230 0.235923 0.083602
v 0.172024 0.186450 0.076518
v 0.176393 0.197728 0.171488
v 0.172827 0.196859 0.153515
v 0.201801 0.215577 0.191242
v 0.190220 0.207767 0.187511
v 0.178903 0.219313 0.172712
v 0.185158 0.259276 0.178941
v 0.183870 0.238305 0.180212
v 0.183536 0.226517 0.180803
v 0.008795 0.192063 0.326928
v 0.007709 0.176262 0.319983
v 0.006558 0.161069 0.317093
v -0.003769 0.172803 0.301281
v 0.001827 0.179942 0.309724
v -0.030184 0.252982 0.276315
v -0.024079 0.223725 0.290017
v -0.034068 0.255798 0.318420
v -0.030516 0.246228 0.340647
v -0.029885 0.233179 0.343246
v -0.044661 0.245559 0.268939
v -0.110028 0.279056 0.292735
v 0.087062 0.205986 0.336904
v 0.087821 0.212014 0.316099
v -0.068706 0.213476 0.052022
v -0.069880 0.240576 0.058893
v -0.083844 0.264571 0.068221
v -0.090443 0.250978 0.071434
v -0.098056 0.263740 0.072468
v -0.076925 0.251772 0.065522
v -0.112862 0.284821 0.062507
v -0.061925 0.279802 0.037749
v -0.092272 0.284809 0.069987
v -0.108949 0.272344 0.068609
v -0.064276 0.260046 0.048565
v -0.112571 0.266660 0.048989
v -0.068667 0.223922 0.029468
v -0.051029 0.227420 0.017387
v -0.136083 0.343587 0.095091
v -0.131482 0.326445 0.090779
v -0.125447 0.339582 0.083178
v -0.125849 0.356431 0.088622
v -0.131474 0.360980 0.068470
v -0.130920 0.350496 0.077115
v -0.132040 0.314998 0.042180
v -0.178706 0.346247 0.172162
v -0.149632 0.260424 0.117262
v -0.146938 0.283894 0.110111
v -0.126764 0.233866 0.022043
v -0.141741 0.222819 0.023953
v -0.143120 0.207775 0.019997
v -0.128217 0.215030 0.018035
v -0.146584 0.231011 0.031356
v -0.139790 0.268041 0.033859
v 0.231007 0.246675 0.190896
v 0.162051 0.212553 0.082822
v 0.156356 0.201347 0.090296
v 0.196947 0.249250 0.192691
v 0.193887 0.233970 0.190938
v -0.014321 0.162090 0.270302
v -0.029196 0.240952 0.276466
v -0.033532 0.286644 0.277604
v -0.028195 0.253715 0.297593
v -0.031839 0.235882 0.314854
v -0.035161 0.234205 0.329319
v -0.034838 0.247283 0.328344
v -0.079750 0.264451 0.284183
v 0.089472 0.200120 0.317080
v 0.049251 0.220598 0.288364
v 0.086075 0.231467 0.318701
v -0.065959 0.237659 0.044369
v -0.068469 0.227619 0.055842
v -0.069744 0.283072 0.060187
v -0.112385 0.280784 0.049030
v -0.114884 0.303099 0.044185
v -0.120342 0.263100 0.031382
v -0.055573 0.214866 0.016636
v -0.042134 0.259931 0.020720
v -0.160084 0.331851 0.130798
v -0.109090 0.390285 0.062624
v -0.137545 0.311765 0.061019
v -0.114564 0.343885 0.045020
v -0.141907 0.261928 0.107231
v -0.148412 0.240418 0.118522
v -0.157581 0.223660 0.140139
v -0.152227 0.218773 0.126679
v -0.155176 0.232885 0.129059
v -0.174532 0.265655 0.158771
v -0.162740 0.246401 0.148443
v -0.158471 0.236593 0.141072
v -0.158411 0.252441 0.131479
v -0.160739 0.265199 0.145533
v -0.158122 0.267995 0.128310
v -0.119080 0.234940 0.031885
v -0.121115 0.222283 0.027161
v 0.166435 0.200481 0.079655
v 0.174567 0.214787 0.071325
v 0.167195 0.225222 0.078050
v 0.187137 0.248960 0.185362
v -0.013374 0.173039 0.285339
v -0.008936 0.154657 0.293271
v -0.000935 0.155697 0.305597
v -0.013981 0.160433 0.282999
v -0.015649 0.141975 0.274136
v -0.035327 0.269679 0.272404
v -0.028534 0.265463 0.286464
v -0.056543 0.285080 0.268580
v -0.048642 0.273026 0.268054
v -0.066104 0.269982 0.273080
v -0.069270 0.252462 0.275782
v -0.109139 0.207776 0.303509
v -0.057758 0.252105 0.272471
v -0.089409 0.234198 0.295855
v -0.080383 0.176338 0.294443
v -0.081511 0.247256 0.287209
v -0.074846 0.212873 0.282374
v -0.066683 0.167206 0.278947
v -0.098410 0.259503 0.295983
v -0.061529 0.212234 0.274789
v -0.068501 0.228176 0.276661
v -0.069004 0.190461 0.278955
v -0.057403 0.162335 0.272419
v -0.087132 0.257508 0.291299
v -0.073595 0.240281 0.279084
v -0.079505 0.226609 0.287082
v -0.090340 0.214018 0.298848
v -0.055296 0.187604 0.271670
v -0.063989 0.179214 0.275700
v -0.026691 0.247608 0.286927
v -0.030480 0.224710 0.311992
v -0.030781 0.247479 0.308831
v 0.070215 0.211134 0.298990
v 0.085831 0.233306 0.331871
v 0.049110 0.232247 0.335166
v 0.068407 0.229127 0.344722
v 0.074393 0.212895 0.346449
v 0.056861 0.194891 0.345994
v 0.056764 0.176195 0.349126
v 0.068534 0.200967 0.348617
v 0.054872 0.214488 0.342519
v 0.048940 0.184719 0.342478
v 0.043011 0.201441 0.333399
v 0.087893 0.220993 0.323505
v 0.076112 0.259575 0.301413
v -0.081057 0.277863 0.066074
v -0.102404 0.312634 0.065818
v -0.115334 0.270842 0.038486
v -0.114859 0.257321 0.041018
v -0.124679 0.248991 0.025913
v -0.128120 0.273667 0.031859
v -0.139642 0.291094 0.044337
v -0.136802 0.288903 0.064352
v -0.133058 0.277600 0.068859
v -0.142980 0.271443 0.052987
v -0.052193 0.245089 0.020580
v -0.063530 0.256424 0.030253
v -0.064450 0.249826 0.041041
v -0.064241 0.267043 0.037675
v -0.053566 0.271720 0.025356
v -0.026650 0.327275 0.036834
v -0.043415 0.302252 0.025870
v -0.052414 0.288308 0.027209
v -0.058190 0.307623 0.048284
v -0.029407 0.280839 0.028511
v -0.056259 0.301639 0.034198
v -0.062488 0.293169 0.045314
v -0.051376 0.326912 0.032482
v -0.050751 0.313367 0.029624
v -0.038180 0.320793 0.030568
v -0.040029 0.273870 0.022516
v -0.039267 0.289265 0.024545
v -0.013235 0.229531 0.050490
v -0.029966 0.237282 0.030097
v -0.040236 0.236842 0.019874
v -0.035288 0.219513 0.026001
v -0.043667 0.218097 0.017776
v -0.023998 0.223333 0.038478
v -0.028066 0.194541 0.034179
v -0.028730 0.178260 0.032546
v -0.037541 0.188276 0.024431
v -0.035309 0.205001 0.027144
v -0.025772 0.208681 0.037760
v 0.005618 0.189232 0.063114
v -0.011698 0.195531 0.049903
v -0.013516 0.175263 0.046216
v -0.149770 0.316626 0.116866
v -0.143778 0.329145 0.104362
v -0.145139 0.317203 0.105796
v -0.149164 0.332558 0.119097
v -0.143160 0.384674 0.135360
v -0.140687 0.370717 0.109637
v -0.130120 0.367217 0.098897
v -0.139780 0.355891 0.104304
v -0.151037 0.356108 0.125688
v -0.142876 0.359831 0.116314
v -0.143842 0.345260 0.113734
v -0.146812 0.371650 0.126581
v -0.154661 0.343077 0.125588
v -0.158103 0.349365 0.153305
v -0.153658 0.349756 0.138975
v -0.150881 0.369129 0.148243
v -0.149173 0.363397 0.136519
v -0.121642 0.377752 0.070532
v -0.136085 0.326427 0.063119
v -0.130043 0.338809 0.051928
v -0.131471 0.349927 0.060089
v -0.121619 0.328730 0.040648
v -0.133061 0.325823 0.050088
v -0.112357 0.328868 0.058645
v -0.118703 0.315495 0.040322
v -0.145554 0.250339 0.113189
v -0.139061 0.235192 0.107608
v -0.167282 0.257284 0.152803
v -0.188895 0.236797 0.161804
v -0.180115 0.250405 0.160061
v -0.171576 0.229298 0.154612
v -0.218618 0.272803 0.188114
v -0.206795 0.258927 0.167479
v -0.194922 0.250631 0.163111
v -0.192164 0.268720 0.162518
v -0.208525 0.280746 0.170835
v -0.175754 0.306362 0.163590
v -0.203410 0.270578 0.166627
v -0.180647 0.286226 0.158278
v -0.182172 0.274619 0.160156
v -0.008868 0.148231 0.256666
v -0.012062 0.143343 0.286910
v -0.016277 0.126765 0.273503
v -0.012226 0.126352 0.286133
v -0.078973 0.148054 0.295812
v -0.104445 0.225414 0.301449
v -0.104437 0.243040 0.299008
v -0.136866 0.224774 0.253431
v -0.092534 0.246727 0.295857
v -0.128894 0.221567 0.283852
v -0.119192 0.219296 0.297062
v -0.122177 0.238166 0.292109
v -0.093299 0.192459 0.302438
v -0.027228 0.235853 0.300820
v 0.081443 0.205870 0.305356
v 0.081033 0.222930 0.304852
v 0.064301 0.229829 0.297068
v 0.079721 0.241527 0.304364
v 0.083788 0.253830 0.315733
v 0.065362 0.247012 0.296629
v 0.081844 0.273963 0.314372
v 0.062289 0.253049 0.339669
v 0.067961 0.186087 0.351123
v 0.057109 0.226304 0.341840
v 0.050790 0.203692 0.341615
v 0.043058 0.217577 0.331984
v -0.102986 0.296555 0.067161
v -0.114605 0.298986 0.058387
v -0.115246 0.249140 0.052198
v -0.137155 0.254610 0.029823
v -0.145204 0.257377 0.040348
v -0.138193 0.304328 0.049066
v -0.135082 0.300942 0.066424
v -0.139088 0.260994 0.058576
v -0.140895 0.283568 0.054031
v -0.018988 0.187155 0.041620
v -0.005347 0.183422 0.055278
v 0.008371 0.165676 0.063014
v -0.010626 0.153499 0.048975
v -0.157545 0.299448 0.124666
v -0.162297 0.285313 0.139516
v -0.164999 0.369484 0.169854
v -0.145294 0.396501 0.165957
v -0.130381 0.371008 0.074367
v -0.111266 0.368640 0.049618
v -0.122054 0.361194 0.056839
v -0.077060 0.341107 0.054370
v -0.172005 0.241848 0.155640
v -0.167385 0.212192 0.150211
v -0.156971 0.208326 0.139601
v -0.168827 0.185083 0.148248
v -0.164665 0.198635 0.146668
v -0.184502 0.221898 0.159517
v -0.230895 0.206576 0.180042
v -0.236346 0.173948 0.180863
v -0.243404 0.162331 0.190893
v -0.208581 0.210744 0.165535
v -0.239664 0.151197 0.181066
v -0.195148 0.212624 0.161265
v -0.213253 0.234930 0.168901
v -0.206594 0.245898 0.166461
v -0.203463 0.224711 0.164123
v -0.215521 0.268322 0.174563
v -0.224143 0.247368 0.187505
v -0.218352 0.251643 0.174141
v -0.221017 0.260104 0.184225
v -0.198756 0.322504 0.198522
v -0.195180 0.284026 0.163471
v -0.204631 0.312176 0.174378
v -0.203755 0.296453 0.169736
v -0.213285 0.296492 0.191602
v -0.192493 0.307520 0.163832
v -0.189297 0.295278 0.161344
v -0.210495 0.301548 0.179759
v -0.210043 0.312734 0.191719
v -0.191534 0.329213 0.168638
v -0.205416 0.330344 0.182875
v -0.183235 0.317420 0.169143
v -0.170007 0.326005 0.151132
v -0.014379 0.150925 0.266651
v -0.013999 0.139637 0.262775
v 0.004526 0.133333 0.249246
v 0.015452 0.182187 0.256910
v -0.008266 0.189281 0.263786
v -0.013429 0.185245 0.276998
v -0.011744 0.175656 0.266525
v -0.000338 0.177880 0.254815
v 0.014249 0.156638 0.254316
v 0.010545 0.169761 0.254159
v -0.003270 0.162550 0.253948
v -0.076308 0.162104 0.289924
v -0.068149 0.148425 0.281297
v -0.067049 0.129443 0.281274
v -0.059990 0.139261 0.274844
v -0.130589 0.241188 0.269941
v -0.079892 0.193251 0.291852
v -0.074800 0.200528 0.283256
v -0.086727 0.202032 0.297673
v -0.124309 0.172753 0.300200
v -0.127794 0.196187 0.291493
v -0.120848 0.205999 0.297355
v -0.114187 0.188949 0.303977
v 0.059938 0.217849 0.295036
v 0.054116 0.195065 0.292578
v 0.072231 0.278275 0.298157
v 0.061886 0.289923 0.333210
v -0.114671 0.314034 0.057299
v -0.016317 0.163328 0.043717
v -0.004442 0.166286 0.054671
v -0.008254 0.134091 0.049047
v -0.013272 0.123245 0.043547
v -0.150381 0.304300 0.115823
v -0.152663 0.291732 0.117259
v -0.160188 0.315150 0.129811
v -0.160584 0.322839 0.141438
v -0.163537 0.303898 0.145419
v -0.158739 0.287484 0.127828
v -0.165156 0.278487 0.154275
v -0.166931 0.293880 0.157083
v -0.155982 0.362305 0.160493
v -0.165311 0.351670 0.166674
v -0.150956 0.379368 0.163846
v -0.166347 0.338160 0.159653
v -0.177686 0.329404 0.162936
v -0.144435 0.388439 0.151486
v -0.130533 0.416642 0.146039
v -0.138184 0.403655 0.152891
v -0.117903 0.432994 0.133983
v -0.139791 0.412678 0.166997
v -0.133868 0.401713 0.134111
v -0.114918 0.443405 0.141042
v -0.130755 0.424617 0.160132
v -0.123355 0.432434 0.148641
v -0.128050 0.441422 0.167023
v -0.114902 0.378403 0.058674
v -0.099708 0.349926 0.061662
v -0.092692 0.330410 0.062580
v -0.200485 0.236129 0.163877
v -0.216001 0.285861 0.182113
v -0.200144 0.323407 0.174713
v -0.174347 0.372159 0.183015
v -0.197770 0.346370 0.174691
v -0.006492 0.136919 0.252874
v -0.004678 0.123211 0.249536
v 0.009763 0.119263 0.249254
v 0.030749 0.197916 0.281021
v 0.034065 0.242458 0.294142
v 0.036818 0.233529 0.315784
v 0.040500 0.228731 0.326768
v 0.036403 0.215935 0.315435
v 0.034385 0.225087 0.299799
v 0.038906 0.206254 0.322759
v 0.027032 0.225235 0.271893
v 0.031751 0.229986 0.285597
v 0.031222 0.214026 0.282782
v 0.033551 0.204214 0.297216
v 0.032826 0.187952 0.294065
v 0.034687 0.213952 0.303892
v 0.029599 0.177947 0.276512
v 0.024434 0.166774 0.264172
v 0.032594 0.174334 0.293824
v 0.026995 0.146110 0.267256
v 0.029574 0.164729 0.276143
v 0.004005 0.147462 0.250803
v 0.017423 0.141494 0.255683
v -0.075470 0.124928 0.293295
v -0.074158 0.137536 0.289143
v -0.128534 0.234490 0.281118
v -0.131530 0.225139 0.268494
v -0.134646 0.195552 0.261849
v -0.132361 0.208501 0.273068
v -0.151718 0.183869 0.244210
v -0.143793 0.169960 0.248485
v -0.135274 0.210357 0.258184
v -0.155393 0.209768 0.242577
v -0.143077 0.199585 0.247872
v -0.143310 0.214045 0.247621
v -0.132503 0.193574 0.277016
v -0.133826 0.179859 0.267523
v -0.131027 0.180462 0.287106
v -0.129195 0.208357 0.286075
v -0.157608 0.170512 0.243937
v -0.166731 0.182502 0.245750
v -0.160554 0.195835 0.243472
v -0.139307 0.183853 0.253147
v -0.132583 0.160181 0.286490
v -0.133532 0.170150 0.277162
v -0.124486 0.185251 0.297310
v -0.100165 0.167245 0.308814
v -0.086844 0.160762 0.302181
v -0.100648 0.142729 0.311639
v -0.096061 0.154783 0.309276
v -0.104563 0.196472 0.305140
v 0.056287 0.321251 0.268369
v 0.078524 0.288064 0.327308
v 0.001170 0.145113 0.057074
v 0.008887 0.153279 0.062356
v 0.007849 0.135036 0.059882
v -0.014804 0.143130 0.045048
v -0.161673 0.296834 0.135756
v -0.181686 0.334668 0.172728
v -0.124233 0.416488 0.128896
v -0.112151 0.428200 0.107244
v -0.130908 0.399241 0.104603
v -0.128480 0.383889 0.098412
v -0.119783 0.427819 0.120090
v -0.112935 0.440443 0.122619
v -0.123829 0.414967 0.108607
v -0.120380 0.397328 0.083752
v -0.127068 0.403494 0.119606
v -0.129057 0.387097 0.085387
v -0.121180 0.406972 0.095713
v -0.106279 0.412903 0.082237
v -0.133872 0.386217 0.117437
v -0.136354 0.381287 0.106837
v -0.110566 0.342471 0.058019
v -0.102808 0.324432 0.064113
v -0.088904 0.342683 0.059785
v -0.074391 0.319395 0.058546
v -0.083790 0.302516 0.064704
v -0.186647 0.366496 0.174531
v -0.176387 0.359587 0.168723
v 0.025228 0.190868 0.267090
v 0.024735 0.208393 0.267569
v -0.003533 0.224266 0.262755
v 0.014171 0.221042 0.259576
v 0.001606 0.205569 0.257622
v 0.004524 0.191536 0.255345
v 0.015684 0.200895 0.258439
v 0.028928 0.131212 0.273448
v -0.133933 0.153309 0.274661
v -0.091743 0.177940 0.303479
v -0.104564 0.179994 0.307266
v -0.122323 0.149610 0.304669
v -0.110356 0.156928 0.308342
v 0.057699 0.303897 0.291630
v 0.070703 0.271748 0.337259
v 0.081998 0.262844 0.329336
v 0.080867 0.275431 0.326997
v 0.075366 0.254699 0.337652
v 0.074549 0.240882 0.340105
v -0.116357 0.389620 0.073680
v -0.107694 0.401741 0.072250
v -0.111359 0.418578 0.095424
v -0.092705 0.435568 0.092903
v -0.100463 0.424411 0.088468
v -0.136117 0.391402 0.128131
v -0.081751 0.329449 0.056182
v -0.059001 0.331269 0.051311
v -0.088842 0.316073 0.060605
v -0.069928 0.304608 0.058034
v -0.188260 0.354277 0.171337
v -0.127570 0.160074 0.298646
v 0.069185 0.293760 0.295967
v 0.071253 0.283266 0.335052
v -0.053988 0.363724 0.049049
v -0.054553 0.320307 0.044127
v -0.065404 0.293676 0.056854
v -0.061194 0.348423 0.053493
v -0.050162 0.347698 0.035991
v -0.055770 0.341344 0.044933
v -0.037063 0.364989 0.044676
v -0.039079 0.336512 0.033991
v -0.035558 0.350843 0.038641
v -0.005700 0.357372 0.052997
v -0.020092 0.358140 0.045130
v 0.017078 0.362614 0.061313
v -0.022720 0.377167 0.050600
v -0.010393 0.339152 0.043296
v 0.022101 0.378139 0.065724
v -0.011807 0.368957 0.047935
v -0.009961 0.382439 0.053078
v 0.000936 0.373771 0.068085
v 0.006371 0.385294 0.072849
v -0.023236 0.344670 0.041547
v -0.010706 0.351004 0.044585
v 0.033067 0.367291 0.058629
v 0.020600 0.357092 0.045545
v 0.026654 0.366532 0.050016
v 0.012224 0.367295 0.053071
v -0.047543 0.360710 0.038014
v -0.034908 0.375799 0.050484
v -0.049739 0.379054 0.043896
v -0.077327 0.385376 0.062041
v -0.080852 0.363751 0.055673
v -0.091119 0.400832 0.059593
v -0.062451 0.377926 0.056060
v -0.066925 0.361349 0.054374
v -0.074487 0.374478 0.056898
v -0.059876 0.406458 0.055871
v -0.052445 0.393702 0.049825
v -0.064765 0.392590 0.058821
v -0.074969 0.405666 0.064299
v -0.086012 0.411824 0.063662
v -0.028172 0.387095 0.053613
v 0.007897 0.334697 0.067825
v 0.002385 0.358075 0.067229
v 0.014539 0.348689 0.067388
v 0.033894 0.330570 0.053855
v 0.023552 0.336024 0.064658
v -0.001816 0.344660 0.061053
v 0.029724 0.350869 0.059699
v 0.019853 0.313290 0.061425
v 0.016812 0.324878 0.067048
v -0.008903 0.304881 0.054743
v -0.000340 0.318748 0.063470
v 0.006388 0.299996 0.067162
v -0.010730 0.321941 0.049146
v -0.002671 0.332805 0.053407
v -0.019040 0.307233 0.036221
v -0.027136 0.295706 0.030705
v -0.031657 0.308690 0.031319
v -0.014757 0.283795 0.046273
v -0.017464 0.294579 0.039353
v -0.014949 0.328388 0.039716
v -0.013124 0.310966 0.045610
v -0.094046 0.382962 0.054563
v -0.039979 0.407720 0.065748
v -0.044766 0.397414 0.059450
v 0.012591 0.330380 0.043582
v 0.009195 0.312017 0.067749
v 0.023118 0.296572 0.064129
v 0.036281 0.250330 0.052625
v 0.033541 0.274933 0.056136
v 0.031926 0.288168 0.058360
v -0.004867 0.288545 0.060007
v -0.004960 0.257787 0.059471
v -0.008199 0.273245 0.056484
v 0.012624 0.274152 0.067657
v -0.021027 0.259022 0.039820
v -0.029483 0.264195 0.028116
v -0.028069 0.250860 0.031344
v -0.019577 0.242866 0.043054
v 0.001201 0.277968 0.063582
v 0.012943 0.287910 0.067679
v -0.013147 0.262619 0.050017
v -0.009477 0.243874 0.054652
v 0.015119 0.239371 0.067505
v 0.000165 0.230834 0.062378
v 0.001980 0.245484 0.064140
v 0.008526 0.259235 0.066979
v 0.024670 0.263004 0.064033
v 0.019770 0.212387 0.067264
v -0.005461 0.212723 0.057156
v -0.016196 0.214494 0.047270
v 0.019065 0.251703 0.067019
v 0.012673 0.225062 0.066995
v 0.006273 0.213103 0.064428
v -0.028366 0.407904 0.060839
v -0.058257 0.433399 0.074882
v -0.066280 0.421364 0.064129
v -0.075390 0.430825 0.075713
v -0.050594 0.420119 0.068459
v -0.087098 0.429894 0.082072
v -0.068775 0.451362 0.091825
v -0.077850 0.440647 0.086747
v -0.062117 0.462089 0.100097
v -0.065315 0.442364 0.082233
v -0.051044 0.452086 0.090248
v -0.039463 0.431563 0.080267
v -0.027777 0.426610 0.072202
v -0.044230 0.442098 0.085992
v -0.038316 0.418961 0.072734
v 0.010867 0.345413 0.045683
v 0.025608 0.339682 0.043712
v 0.032762 0.343407 0.053269
v -0.036342 0.248698 0.022107
v -0.002190 0.199573 0.058821
v -0.028604 0.438814 0.081369
v 0.063725 0.442751 0.296946
v 0.059938 0.471372 0.287979
v 0.064175 0.483412 0.278548
v 0.073624 0.465196 0.273454
v 0.081137 0.476169 0.272077
v 0.061530 0.453761 0.281829
v 0.080301 0.405552 0.268059
v 0.084225 0.436326 0.269137
v 0.074122 0.448801 0.272477
v 0.063571 0.429548 0.277961
v 0.092487 0.452595 0.274372
v 0.073618 0.436723 0.275707
v 0.074991 0.421575 0.268466
v 0.060715 0.440743 0.284319
v 0.085409 0.462432 0.273879
v 0.110101 0.426756 0.266890
v 0.101904 0.459816 0.266485
v 0.105427 0.443123 0.269128
v 0.094392 0.419315 0.277527
v 0.100988 0.431620 0.276041
v 0.102179 0.390047 0.281028
v 0.110279 0.407446 0.273671
v 0.092350 0.402990 0.278864
v 0.106078 0.418631 0.274964
v 0.114072 0.392631 0.271524
v 0.118896 0.327893 0.275416
v 0.127234 0.360552 0.259872
v 0.120100 0.378105 0.261145
v 0.108658 0.361186 0.282949
v 0.111945 0.376876 0.277397
v 0.116674 0.364259 0.270247
v 0.117591 0.346489 0.275962
v 0.132411 0.339278 0.262322
v 0.122565 0.337723 0.269221
v 0.116094 0.413286 0.258950
v 0.160188 0.417451 0.225579
v 0.154664 0.437005 0.206389
v 0.149640 0.450135 0.198621
v 0.126351 0.438075 0.243688
v 0.140150 0.411660 0.243349
v 0.114621 0.438758 0.255734
v 0.126989 0.407732 0.249912
v 0.141569 0.386002 0.248559
v 0.129069 0.422629 0.245304
v 0.137128 0.398935 0.247347
v 0.147910 0.432008 0.237470
v 0.158502 0.397972 0.238178
v 0.118956 0.451357 0.247554
v 0.140226 0.458484 0.232399
v 0.130521 0.451057 0.239449
v 0.142912 0.445221 0.236573
v 0.156047 0.441645 0.223897
v 0.110509 0.449853 0.259796
v 0.129118 0.386989 0.254940
v 0.135709 0.372683 0.254549
v 0.157227 0.429699 0.228720
v 0.156424 0.273424 0.250955
v 0.118462 0.425717 0.253380
v 0.152524 0.417757 0.238214
v 0.145623 0.305262 0.265383
v 0.133879 0.320456 0.266063
v -0.086211 0.459527 0.113115
v -0.075596 0.457569 0.103265
v -0.088209 0.447914 0.102162
v -0.100941 0.439322 0.105898
v -0.094481 0.460603 0.122837
v -0.079342 0.469288 0.117797
v 0.155273 0.046881 0.259578
v 0.155334 0.035263 0.259543
v 0.128629 0.504284 0.211871
v 0.108367 0.452828 0.109978
v 0.107992 0.422156 0.085371
v 0.097536 0.440395 0.094114
v 0.099039 0.449644 0.102423
v 0.113031 0.438256 0.101375
v 0.106697 0.432342 0.092453
v 0.089955 0.427833 0.080956
v 0.073602 0.448207 0.091803
v 0.052376 0.458218 0.092452
v 0.055253 0.467754 0.100384
v 0.069529 0.461219 0.099810
v 0.081122 0.455477 0.099411
v 0.036736 0.453352 0.079907
v 0.087365 0.363628 0.055021
v 0.052437 0.380881 0.054743
v 0.039117 0.394681 0.049463
v 0.046925 0.406585 0.057402
v 0.084461 0.439287 0.088120
v 0.032761 0.464946 0.087372
v 0.053736 0.440317 0.080455
v 0.083640 0.398052 0.062777
v 0.066280 0.408457 0.063167
v 0.024894 0.358924 0.035414
v 0.022348 0.379838 0.040524
v 0.047749 0.450333 0.084180
v 0.060668 0.448459 0.088511
v 0.057294 0.428432 0.074295
v 0.040034 0.439703 0.074092
v 0.082140 0.414377 0.071229
v 0.102154 0.405816 0.071746
v 0.090629 0.406322 0.068391
v 0.067365 0.390727 0.058551
v 0.082148 0.380841 0.056977
v 0.054461 0.394941 0.054624
v 0.108820 0.378902 0.065658
v 0.067383 0.367026 0.053052
v 0.095649 0.375392 0.059593
v 0.098037 0.390981 0.064514
v 0.064770 0.379053 0.055092
v 0.027801 0.390349 0.045499
v 0.038442 0.376935 0.045631
v 0.029797 0.369670 0.039985
v 0.045712 0.350196 0.050894
v 0.047814 0.365894 0.052230
v 0.037322 0.359789 0.045817
v 0.007063 0.368457 0.032783
v 0.098531 0.418201 0.076387
v 0.137859 0.394993 0.086390
v 0.133292 0.417682 0.104403
v 0.120592 0.424165 0.096010
v 0.154418 0.416365 0.154794
v 0.126690 0.430451 0.107953
v 0.139270 0.428703 0.133648
v 0.132331 0.433481 0.121437
v 0.128142 0.409450 0.089714
v 0.134529 0.445507 0.140479
v 0.120527 0.396730 0.075239
v 0.130505 0.443140 0.129071
v 0.145284 0.433412 0.151300
v 0.110160 0.391426 0.069317
v 0.072541 0.337629 0.052301
v 0.005673 0.381153 0.037794
v 0.003411 0.336473 0.023742
v -0.002891 0.365437 0.041525
v -0.000384 0.352617 0.029745
v 0.012580 0.356222 0.030610
v 0.136864 0.452368 0.159184
v 0.133100 0.455022 0.148024
v 0.113965 0.409382 0.080124
v 0.134400 0.374864 0.069665
v 0.146746 0.421219 0.143548
v 0.157712 0.378671 0.127810
v 0.144868 0.406121 0.123363
v 0.139587 0.420158 0.121136
v 0.144381 0.415551 0.132215
v 0.159533 0.434971 0.179421
v 0.153862 0.454776 0.178547
v 0.173454 0.437667 0.202327
v 0.164410 0.450574 0.202818
v 0.161257 0.437923 0.212587
v 0.167986 0.444558 0.188678
v 0.158026 0.418340 0.203049
v 0.162740 0.429962 0.205141
v 0.152666 0.425942 0.214983
v 0.075370 0.353357 0.052413
v 0.060921 0.347741 0.051974
v 0.133563 0.462970 0.163089
v 0.139677 0.444086 0.151053
v 0.131573 0.387535 0.075967
v 0.122117 0.381126 0.068376
v 0.149504 0.427668 0.167255
v 0.142189 0.453818 0.171594
v 0.143389 0.440789 0.165261
v 0.148812 0.465597 0.177295
v 0.161584 0.454937 0.187345
v 0.057975 0.359440 0.052131
v 0.150613 0.443100 0.175169
v 0.040873 0.091242 0.065341
v 0.026646 0.111829 0.064754
v 0.012714 0.110142 0.060370
v 0.021930 0.127759 0.064834
v 0.020776 0.100301 0.063168
v 0.044841 0.145835 0.059213
v 0.039954 0.124433 0.064645
v 0.031563 0.140327 0.065936
v 0.031829 0.162177 0.065648
v 0.049949 0.130806 0.051879
v 0.037092 0.116549 0.037501
v 0.048489 0.120227 0.043635
v 0.048484 0.101036 0.040579
v 0.052653 0.097766 0.056719
v 0.044296 0.160966 0.056927
v 0.023475 0.159060 0.034824
v 0.040440 0.164374 0.038761
v 0.006686 0.136930 0.040587
v -0.007112 0.131732 0.040536
v -0.005108 0.147472 0.041222
v 0.009467 0.152123 0.037237
v 0.006402 0.176329 0.037249
v 0.011998 0.164741 0.036299
v 0.038220 0.142190 0.036461
v 0.045387 0.151511 0.045525
v 0.021820 0.141347 0.035782
v 0.006423 0.119950 0.042017
v 0.027059 0.180150 0.033225
v 0.034783 0.154027 0.034873
v 0.030644 0.129624 0.035733
v 0.021490 0.117270 0.038720
v 0.029014 0.106021 0.041163
v 0.030475 0.168696 0.033867
v 0.040050 0.178994 0.039662
v 0.040264 0.202927 0.053175
v 0.042476 0.189425 0.049066
v 0.028113 0.187002 0.066670
v 0.017212 0.129539 0.038698
v 0.044645 0.087463 0.036832
v -0.006363 0.172806 0.039879
v -0.003083 0.187037 0.040139
v 0.034559 0.175367 0.063939
v 0.019860 0.174654 0.065904
v 0.037126 0.132753 0.278217
v 0.030455 0.111141 0.268590
v 0.148414 0.097941 0.283950
v -0.125373 0.461620 0.216162
v -0.016802 0.107618 0.260942
v 0.011195 0.147839 0.329563
v 0.008755 0.153911 0.345591
v 0.000229 0.151212 0.360456
v -0.012223 0.128140 0.370265
v 0.006525 0.131769 0.358036
v -0.009518 0.142298 0.367032
v -0.023221 0.143134 0.364027
v -0.028722 0.126818 0.362492
v -0.020812 0.114903 0.370903
v -0.004727 0.113899 0.371581
v 0.006997 0.143470 0.352814
v -0.000567 0.124748 0.366107
v 0.188095 0.220729 0.265038
v 0.170934 0.222949 0.246253
v 0.177346 0.221331 0.233945
v 0.170820 0.208124 0.240200
v 0.172397 0.193460 0.257338
v 0.168823 0.188694 0.246642
v 0.233391 0.128390 0.252223
v 0.223089 0.123976 0.259126
v 0.240117 0.118214 0.249277
v 0.244267 0.146900 0.243492
v 0.230363 0.144782 0.252394
v 0.242522 0.134602 0.246028
v 0.116581 0.221558 0.302159
v -0.200957 0.209166 0.185120
v -0.192670 0.206779 0.163589
v -0.199206 0.214594 0.172706
v -0.198576 0.238973 0.183726
v -0.198834 0.228281 0.174916
v -0.184680 0.247867 0.165359
v -0.194919 0.240680 0.170736
v -0.196647 0.251676 0.178829
v -0.124396 0.159533 0.056856
v 0.171265 0.181044 0.225638
v 0.171557 0.169340 0.216677
v 0.175381 0.188298 0.209813
v 0.164473 0.160530 0.239860
v 0.168907 0.168449 0.229878
v 0.173244 0.194989 0.222445
v 0.176513 0.203387 0.210415
v 0.187171 0.252344 0.195908
v 0.180231 0.229633 0.207991
v 0.177174 0.217022 0.212899
v 0.074998 0.164522 0.062248
v 0.097711 0.162012 0.067607
v 0.060842 0.195829 0.055285
v 0.050195 0.183421 0.046877
v 0.048012 0.199583 0.045934
v 0.061567 0.181721 0.055071
v 0.034911 0.202564 0.031864
v 0.040956 0.193116 0.037697
v 0.029221 0.192533 0.024063
v 0.016153 0.248544 0.012890
v 0.028725 0.228065 0.025259
v 0.021727 0.210510 0.015657
v 0.034697 0.217048 0.032559
v 0.015564 0.228742 0.010312
v 0.022316 0.237609 0.018047
v 0.051748 0.279237 0.052688
v 0.038067 0.254567 0.039185
v 0.031801 0.243204 0.029728
v 0.040519 0.231840 0.039599
v 0.022420 0.222166 0.017268
v 0.008619 0.213103 0.002445
v 0.014736 0.200872 0.007071
v -0.019569 0.238975 0.006091
v -0.002128 0.230659 0.000329
v 0.007394 0.224651 0.003140
v -0.003479 0.217200 -0.002931
v -0.025456 0.212642 -0.000564
v -0.019106 0.201481 -0.005683
v 0.005430 0.197613 -0.001655
v -0.002505 0.251323 0.004654
v 0.007887 0.239712 0.005187
v -0.032518 0.224332 0.017335
v -0.028898 0.211408 0.029355
v -0.020901 0.233062 0.036365
v -0.027682 0.224398 0.029396
v -0.016624 0.225396 -0.000794
v -0.008307 0.240928 0.002162
v 0.010322 0.292977 0.015083
v -0.033552 0.213930 0.009522
v -0.022807 0.270092 0.027605
v -0.028934 0.242320 0.022058
v -0.020338 0.252665 0.036227
v -0.020145 0.257327 0.013023
v 0.008990 0.270341 0.010620
v -0.010648 0.242607 0.040430
v 0.012223 0.272672 0.038554
v -0.003389 0.261024 0.042277
v -0.026078 0.255047 0.024594
v 0.008296 0.257626 0.008050
v -0.006920 0.266458 0.009480
v -0.002447 0.282306 0.012951
v -0.015646 0.276366 0.016250
v -0.012907 0.304090 0.040383
v -0.018587 0.288696 0.030655
v -0.007621 0.300693 0.019366
v 0.014305 0.252274 0.036650
v -0.016151 0.265774 0.039110
v -0.004434 0.284816 0.043369
v -0.013173 0.288891 0.018962
v -0.015680 0.300752 0.028755
v -0.008991 0.320666 0.029026
v 0.007878 0.261774 0.039182
v 0.002196 0.249147 0.040833
v 0.030896 0.225771 0.035633
v 0.013849 0.206195 0.034941
v 0.002895 0.199165 0.038845
v 0.033237 0.200038 0.034349
v 0.015350 0.190527 0.034713
v 0.000051 0.217496 0.040218
v -0.016387 0.216731 0.038745
v 0.014758 0.222696 0.034846
v -0.008859 0.228058 0.040473
v 0.020331 0.237638 0.034666
v 0.035513 0.241095 0.039227
v 0.035785 0.225063 0.054802
v 0.026532 0.224466 0.065227
v 0.031095 0.238409 0.060751
v 0.033202 0.212033 0.061937
v 0.026979 0.200705 0.066615
v 0.031771 0.259728 0.036780
v 0.038735 0.230147 0.044008
v 0.039305 0.214427 0.042513
v 0.035903 0.263505 0.049097
v 0.020009 0.263248 0.036870
v 0.030388 0.280076 0.037450
v 0.010992 0.304923 0.040517
v -0.013410 0.292157 0.040756
v -0.015638 0.279064 0.039281
v 0.000329 0.273115 0.042682
v -0.004852 0.321356 0.046014
v -0.003321 0.337576 0.047613
v -0.005930 0.339893 0.033844
v 0.009279 0.314962 0.019906
v 0.026423 0.212464 0.033383
v -0.000765 0.298350 0.044317
v 0.011209 0.288779 0.039426
v 0.025541 0.297203 0.037478
v 0.029552 0.315819 0.041974
v -0.012177 0.315705 0.039012
v 0.007599 0.317846 0.042559
v -0.010026 0.328976 0.037985
v 0.004147 0.303926 0.016346
v 0.000616 0.324130 0.021548
v 0.028251 0.330178 0.035338
v 0.022319 0.344054 0.031391
v 0.048869 0.322972 0.051347
v 0.033456 0.344810 0.042541
v 0.051281 0.337087 0.051939
v 0.038094 0.331367 0.046112
v 0.033256 0.313391 0.055800
v 0.016523 0.327974 0.025171
v 0.029315 0.301594 0.034194
v 0.022851 0.313921 0.027306
v 0.033822 0.315807 0.041735
v 0.020380 0.300242 0.022765
v 0.028035 0.276190 0.028944
v 0.026391 0.289624 0.028606
v 0.037953 0.287607 0.043190
v 0.027784 0.259391 0.026655
v 0.052503 0.301314 0.052211
v 0.040102 0.270778 0.043744
v 0.020409 0.269084 0.019126
v 0.047280 0.290393 0.050529
v 0.039048 0.302348 0.045747
v 0.069706 0.315442 0.052875
v 0.018843 0.282869 0.019193
v 0.076299 0.289558 0.056126
v 0.057069 0.313295 0.053076
v 0.062355 0.327589 0.051836
v 0.124709 0.320081 0.064954
v 0.061700 0.290012 0.054276
v 0.069557 0.301514 0.053752
v 0.096950 0.323444 0.058441
v 0.091542 0.342320 0.055244
v 0.088750 0.305151 0.057990
v 0.108297 0.356499 0.061222
v 0.122388 0.365113 0.063482
v 0.146039 0.348797 0.063275
v 0.136856 0.360925 0.063977
v 0.147972 0.366528 0.075166
v 0.125926 0.341857 0.065047
v 0.144679 0.380724 0.082391
v 0.152348 0.352390 0.075939
v 0.157954 0.295904 0.103792
v 0.161266 0.314251 0.073318
v 0.157321 0.333711 0.070192
v 0.119931 0.352803 0.063931
v 0.145781 0.384683 0.106896
v 0.144963 0.386973 0.094018
v 0.141611 0.402388 0.101828
v 0.146095 0.370670 0.097834
v 0.141054 0.410594 0.111891
v 0.144683 0.396459 0.113728
v 0.151533 0.392716 0.126814
v 0.163896 0.391423 0.150291
v 0.158155 0.388026 0.138133
v 0.154064 0.403699 0.143536
v 0.153932 0.370883 0.113052
v 0.176284 0.330259 0.138194
v 0.166970 0.353526 0.128563
v 0.169537 0.368947 0.145899
v 0.160981 0.365466 0.123935
v 0.081959 0.325217 0.054245
v 0.108405 0.307094 0.064596
v 0.096333 0.354412 0.056655
v 0.140503 0.330206 0.058737
v 0.111766 0.331736 0.062846
v 0.112135 0.319175 0.064220
v 0.157699 0.325725 0.096074
v 0.148895 0.338805 0.087354
v 0.158167 0.347797 0.107314
v 0.150732 0.323649 0.081533
v 0.151436 0.347634 0.096374
v 0.153031 0.360331 0.104063
v 0.151282 0.308799 0.092511
v 0.098305 0.311775 0.060438
v 0.145577 0.270994 0.047659
v 0.174612 0.253854 0.056535
v 0.171859 0.242104 0.071060
v 0.162841 0.278991 0.078249
v 0.179195 0.228967 0.060905
v 0.152656 0.291399 0.086956
v 0.159975 0.257479 0.080863
v 0.143349 0.219509 0.041718
v 0.164292 0.296464 0.074241
v 0.162838 0.246062 0.078056
v 0.170387 0.256856 0.070380
v 0.155413 0.269610 0.101964
v 0.167925 0.223046 0.039513
v 0.158295 0.305008 0.082145
v 0.165012 0.280303 0.055777
v 0.172011 0.268008 0.060655
v 0.161994 0.262556 0.046065
v 0.152721 0.276528 0.088970
v 0.155607 0.283040 0.100446
v 0.178719 0.222526 0.048452
v 0.172218 0.239262 0.046184
v 0.168001 0.285372 0.067724
v 0.156464 0.302506 0.053590
v 0.157727 0.274536 0.047174
v 0.147303 0.288159 0.050017
v 0.142968 0.245282 0.045110
v 0.162426 0.304811 0.064661
v 0.159215 0.290520 0.051826
v 0.121443 0.279952 0.063837
v 0.135820 0.304608 0.056302
v 0.149005 0.257843 0.044473
v 0.160324 0.247871 0.041819
v 0.135084 0.279736 0.055735
v 0.130713 0.258358 0.057675
v 0.128368 0.292284 0.059553
v 0.114925 0.293452 0.066576
v 0.096363 0.275068 0.064534
v 0.108219 0.281486 0.066844
v 0.111529 0.260263 0.066492
v 0.095947 0.291259 0.062568
v 0.152690 0.233184 0.038683
v 0.076039 0.236751 0.061564
v 0.056739 0.229765 0.053964
v 0.047574 0.226025 0.047279
v 0.129962 0.330719 0.064125
v 0.137038 0.341419 0.060954
v 0.149988 0.337341 0.061289
v 0.152636 0.249049 0.098757
v 0.176265 0.201583 0.037132
v 0.135814 0.317758 0.058140
v 0.123336 0.229715 0.061297
v 0.123672 0.305307 0.064699
v 0.122446 0.266851 0.063314
v 0.090416 0.253520 0.064816
v 0.048214 0.244352 0.049193
v 0.052163 0.261367 0.052998
v 0.062504 0.244743 0.057096
v 0.069369 0.270792 0.056793
v 0.075600 0.252211 0.060580
v 0.071947 0.214636 0.060688
v 0.152918 0.260816 0.091935
v 0.175018 0.250442 0.136861
v 0.171510 0.278973 0.126211
v 0.163062 0.277586 0.113095
v 0.166424 0.260265 0.122014
v 0.176094 0.226625 0.147797
v 0.176587 0.218188 0.158977
v 0.173780 0.212996 0.146482
v 0.179845 0.235415 0.162957
v 0.161009 0.216051 0.122896
v 0.169914 0.221964 0.134276
v 0.153361 0.221402 0.101792
v 0.167065 0.208711 0.132631
v 0.162655 0.238247 0.120819
v 0.173261 0.235923 0.136924
v 0.178671 0.242646 0.149518
v 0.182327 0.267960 0.154594
v 0.182163 0.252621 0.163244
v 0.179720 0.256207 0.148214
v 0.176417 0.266854 0.136141
v 0.183509 0.201681 0.048021
v 0.182765 0.187061 0.039084
v 0.143300 0.168598 0.036324
v 0.161596 0.183403 0.029739
v 0.172557 0.190301 0.031579
v 0.120535 0.246232 0.063664
v 0.132075 0.244014 0.054869
v 0.137231 0.231676 0.048048
v 0.101673 0.233540 0.067141
v 0.106785 0.246837 0.067111
v 0.113715 0.236084 0.065773
v 0.099086 0.262745 0.066256
v 0.082564 0.276680 0.059664
v 0.082476 0.263520 0.061346
v 0.064483 0.258459 0.056958
v 0.057079 0.212044 0.053479
v 0.068125 0.226855 0.059216
v 0.078198 0.196796 0.063012
v 0.157887 0.257301 0.110082
v 0.153139 0.234821 0.096564
v 0.155670 0.240283 0.109037
v 0.167898 0.248405 0.126502
v 0.157028 0.226790 0.114446
v 0.087129 0.223096 0.065310
v 0.089233 0.239564 0.065203
v 0.071881 0.186143 0.060753
v 0.067683 0.159456 0.274571
v 0.069355 0.126999 0.282736
v 0.076903 0.131055 0.292063
v 0.068848 0.143196 0.278464
v 0.045241 0.145566 0.262458
v 0.059150 0.148622 0.267984
v 0.047697 0.170697 0.263197
v 0.055745 0.127890 0.266718
v 0.050711 0.157702 0.263052
v 0.057582 0.115250 0.271609
v 0.036793 0.128271 0.260791
v 0.046917 0.133993 0.262029
v 0.032163 0.140755 0.266979
v 0.041265 0.155811 0.283473
v 0.034384 0.160712 0.268271
v 0.038677 0.182883 0.277938
v 0.036161 0.173785 0.268745
v 0.031349 0.123613 0.271384
v 0.043393 0.114465 0.285368
v 0.036590 0.115943 0.258858
v 0.059619 0.135627 0.293383
v 0.046589 0.101297 0.286499
v 0.036308 0.105640 0.278871
v 0.058117 0.119215 0.291367
v 0.047353 0.128989 0.288295
v 0.043639 0.142277 0.286052
v 0.069274 0.125967 0.296448
v 0.077223 0.145434 0.300885
v 0.082757 0.132585 0.305314
v 0.062177 0.153946 0.294247
v 0.051619 0.160122 0.289940
v 0.042515 0.170411 0.284726
v 0.047895 0.182939 0.288668
v 0.074409 0.167730 0.299386
v 0.085393 0.154069 0.309702
v 0.068613 0.184923 0.297178
v 0.072365 0.197757 0.299400
v 0.080105 0.179988 0.304187
v 0.168058 0.141481 0.221121
v 0.167943 0.153477 0.228301
v -0.074665 0.161171 0.038230
v 0.262105 0.166251 0.204540
v 0.136049 0.113010 0.043188
v 0.123062 0.123551 0.057232
v 0.128529 0.113958 0.052500
v 0.108944 0.128002 0.065538
v 0.122746 0.152107 0.058744
v 0.119243 0.137653 0.060556
v 0.108550 0.148688 0.065836
v 0.136634 0.138898 0.043169
v 0.128774 0.134202 0.052413
v 0.138902 0.125897 0.040077
v 0.244482 0.169688 0.185588
v 0.254451 0.172844 0.194852
v 0.004402 0.258494 0.327480
v 0.221720 0.294293 0.194068
v 0.206235 0.273428 0.194728
v 0.207096 0.259214 0.193628
v 0.192708 0.265694 0.191392
v 0.189648 0.309289 0.177313
v 0.189850 0.288773 0.188797
v 0.194719 0.277975 0.192928
v 0.205108 0.291153 0.195924
v 0.194051 0.305542 0.194478
v 0.194843 0.362265 0.189265
v 0.189626 0.333606 0.192086
v 0.187635 0.318579 0.189380
v 0.242199 0.237464 0.219780
v -0.024407 0.283375 0.339694
v -0.032380 0.265673 0.335603
v -0.017098 0.259183 0.345200
v -0.019155 0.246330 0.347100
v -0.003000 0.256749 0.340469
v 0.003128 0.244687 0.335156
v -0.001026 0.274279 0.335223
v -0.007078 0.294471 0.334562
v -0.000040 0.285468 0.331480
v -0.022522 0.270715 0.342343
v -0.004101 0.342201 0.294348
v -0.036780 0.330845 0.311958
v 0.002215 0.315476 0.311823
v -0.028704 0.310078 0.330080
v 0.001860 0.301191 0.321527
v -0.008799 0.319144 0.331807
v -0.005065 0.306735 0.330853
v -0.021616 0.298532 0.337661
v -0.017327 0.310488 0.335751
v -0.064042 0.274151 0.050645
v -0.071090 0.265585 0.060597
v -0.043975 0.296890 0.268321
v -0.042382 0.284145 0.268775
v -0.033262 0.313710 0.288618
v -0.034262 0.301903 0.278960
v -0.039074 0.316919 0.273344
v -0.035616 0.341223 0.286275
v -0.035368 0.327022 0.283100
v -0.034761 0.325369 0.298069
v -0.034536 0.305902 0.309959
v -0.031007 0.292781 0.295931
v -0.035257 0.291379 0.324320
v -0.032328 0.305111 0.297665
v -0.029532 0.279650 0.289766
v -0.033392 0.278114 0.309385
v -0.029979 0.267556 0.300461
v -0.035420 0.303567 0.322051
v -0.035331 0.318214 0.319601
v -0.024552 0.334397 0.329740
v -0.033860 0.278712 0.330381
v -0.034038 0.291990 0.310466
v -0.003395 0.342357 0.319805
v -0.034324 0.269500 0.320118
v -0.010067 0.333620 0.329375
v -0.001379 0.327720 0.319169
v 0.000388 0.329131 0.303053
v 0.007460 0.287282 0.265988
v -0.000060 0.341854 0.307006
v -0.005228 0.382570 0.302619
v -0.002390 0.363158 0.312904
v -0.008526 0.305848 0.284178
v 0.011449 0.254169 0.262594
v 0.026791 0.246115 0.273331
v -0.003713 0.314741 0.296812
v 0.007882 0.237208 0.260903
v -0.001596 0.293862 0.301944
v -0.006912 0.326921 0.279205
v 0.018325 0.243588 0.264255
v 0.001713 0.303282 0.309328
v -0.003531 0.329933 0.291047
v 0.019635 0.231239 0.264040
v -0.007497 0.363653 0.291837
v -0.035681 0.386190 0.307163
v -0.020041 0.357854 0.326724
v -0.016786 0.345182 0.329629
v 0.032980 0.279790 0.289023
v -0.004928 0.263562 0.299652
v -0.009980 0.247246 0.277660
v -0.005714 0.238481 0.266513
v 0.007360 0.310805 0.269590
v -0.004318 0.369893 0.302384
v -0.002888 0.354633 0.301649
v 0.001604 0.349091 0.275374
v -0.001511 0.382856 0.282170
v -0.007472 0.355118 0.322571
v -0.016450 0.381882 0.320125
v -0.032905 0.347137 0.319431
v -0.033883 0.367191 0.314828
v -0.036985 0.345427 0.302868
v -0.035675 0.355496 0.310354
v 0.025374 0.267894 0.272354
v -0.000536 0.278025 0.305819
v 0.004292 0.269292 0.317029
v -0.004288 0.314469 0.274908
v -0.006904 0.351828 0.285375
v -0.006934 0.409737 0.292179
v -0.007267 0.376463 0.291580
v 0.001619 0.366394 0.277445
v -0.004454 0.376884 0.315254
v -0.023737 0.370676 0.323125
v 0.022244 0.256533 0.268229
v 0.032036 0.257994 0.285572
v 0.031008 0.269677 0.282786
v 0.025008 0.287042 0.273317
v 0.011060 0.270914 0.264314
v -0.008528 0.272721 0.277409
v -0.000210 0.276676 0.267994
v -0.006460 0.291035 0.275420
v -0.008199 0.282356 0.291357
v 0.001644 0.298887 0.268627
v 0.016383 0.298904 0.270432
v -0.009077 0.269910 0.289627
v -0.007806 0.295077 0.290920
v -0.007213 0.393921 0.291883
v 0.001736 0.396197 0.281904
v -0.011022 0.367880 0.322184
v -0.084517 0.303753 0.283792
v -0.078079 0.284554 0.280932
v -0.067939 0.282537 0.273556
v -0.093710 0.288672 0.290908
v -0.090874 0.272994 0.291979
v -0.128732 0.300075 0.035888
v -0.131817 0.286776 0.033936
v -0.118929 0.259463 0.291324
v -0.127034 0.249849 0.282278
v -0.133399 0.273363 0.257778
v -0.130646 0.258722 0.267363
v -0.109278 0.253976 0.296371
v -0.126448 0.277512 0.278502
v -0.126654 0.263696 0.280520
v -0.145910 0.250836 0.244621
v -0.155063 0.231592 0.242096
v -0.129969 0.270699 0.269097
v -0.119462 0.316469 0.281117
v -0.135159 0.248107 0.256210
v -0.111065 0.299273 0.288927
v -0.138387 0.261372 0.251238
v -0.146265 0.277968 0.243067
v -0.141199 0.237605 0.248264
v -0.134016 0.235794 0.258997
v -0.105211 0.289641 0.291883
v -0.097271 0.302446 0.289855
v -0.119919 0.272035 0.288217
v -0.183436 0.221529 0.267215
v -0.173477 0.209251 0.253352
v -0.129755 0.299558 0.263262
v -0.119427 0.287781 0.285951
v -0.127277 0.291207 0.274542
v -0.130815 0.285961 0.262424
v -0.125864 0.305196 0.275558
v -0.137255 0.294104 0.249678
v -0.175570 0.257396 0.259171
v -0.165361 0.220943 0.246979
v -0.170817 0.239689 0.251285
v -0.185607 0.199822 0.268965
v -0.195831 0.176585 0.277124
v -0.186982 0.168689 0.269796
v -0.201222 0.156022 0.280507
v -0.218018 0.146881 0.278739
v -0.210068 0.138761 0.282880
v -0.172077 0.195471 0.251384
v -0.137747 0.282053 0.250606
v -0.167664 0.282063 0.252847
v -0.160064 0.245885 0.242639
v -0.158259 0.264161 0.242011
v -0.146391 0.265864 0.243394
v -0.159802 0.277651 0.242706
v -0.166826 0.255991 0.248811
v -0.169329 0.268468 0.254001
v -0.183530 0.240979 0.265947
v -0.174313 0.226696 0.257018
v -0.180401 0.209912 0.263739
v -0.211473 0.207710 0.249448
v -0.185600 0.184658 0.269381
v -0.215959 0.160699 0.241327
v -0.204285 0.212253 0.271258
v -0.177898 0.263289 0.224646
v -0.206880 0.140265 0.231516
v -0.224896 0.140928 0.250039
v -0.191062 0.211613 0.271758
v -0.200174 0.231293 0.269211
v -0.199341 0.261869 0.250833
v -0.187783 0.275331 0.264486
v -0.199857 0.129962 0.226096
v -0.211079 0.127090 0.234023
v -0.221157 0.130107 0.242656
v -0.229819 0.132211 0.258393
v -0.226587 0.147929 0.264789
v -0.223589 0.155286 0.252535
v -0.217875 0.182102 0.259429
v -0.220132 0.169531 0.252228
v -0.217938 0.166124 0.272318
v -0.207045 0.184459 0.235920
v -0.214051 0.174098 0.241059
v -0.197125 0.164495 0.227185
v -0.182724 0.152050 0.216517
v -0.207201 0.221470 0.257799
v -0.203632 0.241252 0.250866
v -0.192161 0.257219 0.267048
v -0.199626 0.251203 0.258279
v -0.190381 0.289919 0.237702
v -0.212896 0.157639 0.278952
v -0.211199 0.180825 0.274163
v -0.206637 0.169205 0.278322
v -0.199587 0.193223 0.276180
v -0.194190 0.144254 0.223512
v -0.183427 0.168405 0.218827
v -0.167606 0.181793 0.202838
v -0.164127 0.164475 0.190548
v -0.175753 0.178706 0.213616
v -0.171372 0.162671 0.206848
v -0.193463 0.249664 0.233032
v -0.196057 0.243762 0.268413
v -0.195502 0.278678 0.249617
v -0.190205 0.272436 0.233788
v -0.188731 0.260702 0.230021
v -0.212531 0.197854 0.265266
v -0.163687 0.179438 0.188459
v -0.166138 0.175125 0.175853
v -0.200023 0.251227 0.243795
v -0.168329 0.224150 0.209779
v -0.197160 0.222974 0.232744
v -0.206733 0.220084 0.243324
v -0.176561 0.241351 0.221214
v -0.199579 0.236880 0.237332
v -0.188330 0.234167 0.227531
v -0.181835 0.216086 0.221864
v -0.172552 0.199444 0.213077
v -0.163290 0.258738 0.191338
v -0.176375 0.228083 0.219690
v -0.195636 0.201678 0.229873
v -0.204868 0.207887 0.237628
v -0.172069 0.212429 0.214069
v -0.163067 0.209090 0.193120
v -0.163686 0.193757 0.194038
v -0.164905 0.243688 0.205031
v -0.191916 0.213096 0.227946
v -0.183638 0.201809 0.221946
v -0.196083 0.188209 0.229026
v -0.169271 0.235803 0.213205
v -0.169349 0.253913 0.215779
v -0.165473 0.233403 0.179155
v -0.162959 0.230304 0.195292
v -0.163298 0.243970 0.189397
v -0.168274 0.253575 0.173523
v -0.163633 0.220643 0.184982
v -0.171884 0.219974 0.169021
v -0.166118 0.207019 0.176706
v -0.175415 0.235236 0.167121
v -0.181620 0.215043 0.163456
v -0.169997 0.297316 0.170867
v -0.181648 0.268075 0.167039
v -0.187132 0.233944 0.164298
v -0.191201 0.258953 0.169065
v -0.177659 0.257033 0.167453
v -0.165969 0.272554 0.177753
v -0.191300 0.288630 0.175175
v -0.164720 0.288614 0.207566
v -0.166238 0.271617 0.213617
v -0.176309 0.283603 0.225530
v -0.163565 0.275048 0.196966
v -0.164310 0.260940 0.204972
v -0.169176 0.291529 0.189269
v -0.174594 0.282217 0.168617
v -0.166779 0.285359 0.178270
v -0.191339 0.275493 0.172413
v -0.162799 0.341224 0.207072
v -0.165178 0.320187 0.187374
v -0.174288 0.316982 0.226739
v -0.166662 0.305419 0.183444
v -0.165637 0.307866 0.203461
v -0.180025 0.300495 0.228330
v -0.166727 0.304291 0.219412
v -0.168263 0.296824 0.199847
v -0.163206 0.324671 0.203521
v -0.165299 0.317999 0.215859
v -0.168124 0.291496 0.219601
v -0.155754 0.178991 0.135977
v -0.158111 0.190642 0.139704
v -0.156133 0.165696 0.135221
v -0.165716 0.171393 0.144534
v -0.190969 0.169835 0.157219
v -0.177882 0.174245 0.152251
v -0.199369 0.190363 0.161838
v -0.180674 0.157722 0.151880
v -0.182687 0.189725 0.156350
v -0.184642 0.145466 0.151884
v -0.194111 0.156023 0.156121
v -0.216345 0.167705 0.164620
v -0.203568 0.165143 0.160193
v -0.225646 0.151909 0.168644
v -0.207356 0.178616 0.162832
v -0.174968 0.198468 0.153029
v -0.191416 0.181784 0.158873
v -0.232757 0.161758 0.175317
v -0.211196 0.147838 0.161160
v -0.227730 0.201681 0.212458
v -0.221741 0.219930 0.172889
v -0.228694 0.225397 0.192885
v -0.225206 0.234020 0.179133
v -0.229683 0.218771 0.182401
v -0.199229 0.276505 0.206454
v -0.213215 0.256902 0.205855
v -0.197821 0.256895 0.199158
v -0.195855 0.270287 0.193728
v -0.194890 0.288772 0.193319
v -0.194647 0.279280 0.184388
v -0.188243 0.308611 0.185701
v -0.176995 0.319193 0.169018
v -0.197653 0.304497 0.202480
v -0.192477 0.296979 0.184312
v -0.192273 0.312873 0.195989
v -0.202566 0.263956 0.209320
v -0.212875 0.272132 0.201978
v -0.208826 0.286256 0.201164
v -0.218917 0.262714 0.196290
v -0.198611 0.292282 0.204538
v -0.163817 0.338178 0.144303
v -0.166810 0.313095 0.155312
v 0.042446 0.253526 0.327200
v 0.035308 0.260274 0.307352
v 0.033995 0.254285 0.296910
v 0.053047 0.267795 0.332931
v 0.060224 0.277717 0.334728
v 0.039669 0.270238 0.321475
v 0.035216 0.277829 0.306302
v 0.042135 0.293009 0.321966
v 0.035637 0.329819 0.296202
v 0.027398 0.317448 0.278636
v 0.038066 0.282017 0.317661
v 0.028169 0.356721 0.284589
v 0.014807 0.357753 0.276319
v 0.018960 0.336680 0.274980
v 0.021878 0.376882 0.282337
v 0.009518 0.377053 0.277842
v 0.037089 0.248030 0.314914
v 0.032432 0.299815 0.286946
v 0.004398 0.334519 0.273283
v 0.013697 0.323648 0.271558
v 0.029716 0.331210 0.283033
v 0.033829 0.343866 0.290526
v 0.072635 0.357259 0.315066
v 0.045045 0.348963 0.319449
v 0.037669 0.342535 0.306345
v 0.042626 0.319911 0.320073
v 0.036384 0.367374 0.305055
v 0.035528 0.356488 0.296346
v 0.032456 0.370269 0.290792
v 0.034700 0.399206 0.304100
v 0.031768 0.387612 0.291605
v 0.038661 0.328894 0.309940
v 0.035593 0.311342 0.302214
v 0.038818 0.355249 0.309705
v 0.036256 0.383373 0.306295
v 0.054461 0.373376 0.319812
v 0.042808 0.374799 0.313914
v 0.028455 0.404081 0.289339
v 0.036019 0.431305 0.304419
v 0.011528 0.419786 0.288972
v 0.032342 0.415393 0.300927
v 0.017917 0.409482 0.284382
v 0.026627 0.427863 0.290429
v 0.025807 0.447414 0.298117
v 0.026480 0.304554 0.276405
v 0.072643 0.319565 0.327085
v 0.033679 0.317710 0.290514
v 0.034664 0.294407 0.302798
v 0.038779 0.303048 0.312917
v 0.003574 0.409937 0.283301
v 0.010498 0.439202 0.295535
v 0.045373 0.449573 0.301704
v 0.057832 0.457615 0.296449
v 0.072140 0.303149 0.331178
v 0.078460 0.308010 0.316426
v 0.073045 0.311949 0.298873
v 0.056400 0.311642 0.328399
v 0.057507 0.326744 0.290663
v 0.061725 0.315495 0.294593
v 0.053453 0.314797 0.281876
v 0.057638 0.280298 0.264306
v 0.055436 0.300628 0.267155
v 0.051228 0.280676 0.285982
v 0.057149 0.290802 0.291784
v 0.050057 0.293830 0.279179
v 0.021460 0.438732 0.291064
v 0.015598 0.449583 0.292996
v -0.028301 0.445942 0.301492
v -0.005633 0.429331 0.289738
v 0.035537 0.443173 0.302981
v 0.051968 0.434550 0.305061
v 0.052125 0.411900 0.311523
v 0.050621 0.392757 0.315523
v 0.045577 0.423326 0.309042
v 0.040416 0.409526 0.308324
v 0.075525 0.293082 0.273434
v -0.016415 0.421185 0.312207
v 0.067955 0.392029 0.289854
v 0.061148 0.407845 0.277232
v 0.064883 0.291438 0.265633
v 0.071500 0.310395 0.267535
v 0.095254 0.313890 0.291244
v 0.082121 0.344196 0.273919
v 0.082161 0.307447 0.281293
v 0.103046 0.334993 0.288699
v 0.073276 0.328974 0.267700
v 0.084658 0.293141 0.285429
v 0.113521 0.336630 0.282317
v 0.084708 0.325771 0.281838
v 0.056833 0.352997 0.274241
v 0.094379 0.326147 0.289502
v 0.059210 0.337683 0.268187
v 0.069553 0.349149 0.266446
v 0.084652 0.371807 0.272296
v 0.080199 0.358123 0.270534
v 0.091436 0.355654 0.284536
v 0.056328 0.340250 0.283115
v 0.065387 0.358750 0.295361
v 0.058981 0.352130 0.286685
v 0.096770 0.373147 0.284057
v 0.086520 0.387662 0.276571
v 0.090154 0.341084 0.285685
v 0.103293 0.348826 0.286731
v 0.066415 0.385889 0.270028
v 0.078433 0.382160 0.268361
v -0.004556 0.420965 0.302601
v -0.009213 0.440902 0.306108
v -0.006605 0.401773 0.312686
v 0.067642 0.399669 0.308576
v 0.111056 0.319821 0.288394
v 0.113941 0.289222 0.292580
v 0.097666 0.289533 0.294812
v 0.108267 0.304403 0.292656
v 0.092795 0.301130 0.291581
v 0.125020 0.302160 0.277003
v 0.119085 0.314479 0.278623
v 0.116973 0.299073 0.285791
v 0.068775 0.399116 0.270537
v -0.021910 0.434071 0.307469
v -0.043434 0.416202 0.284189
v -0.035084 0.417663 0.303987
v -0.004014 0.445573 0.291426
v 0.057675 0.401894 0.313783
v 0.064726 0.385199 0.315567
v 0.068141 0.371029 0.316292
v 0.072562 0.379057 0.301110
v 0.062868 0.374580 0.285925
v 0.059126 0.386652 0.281264
v 0.067365 0.409318 0.293670
v 0.061034 0.418559 0.285762
v 0.066918 0.425529 0.300929
v 0.133879 0.308102 0.269794
v -0.041064 0.433248 0.293722
v -0.038202 0.400854 0.294789
v -0.026037 0.403981 0.315434
v 0.074175 0.365391 0.303801
v 0.065048 0.413307 0.307450
v -0.040376 0.421508 0.294233
v -0.033158 0.430295 0.303207
v -0.046095 0.461874 0.280894
v -0.037555 0.478195 0.282076
v -0.062073 0.380487 0.265146
v -0.015637 0.409351 0.314334
v -0.026700 0.415499 0.312034
v -0.034835 0.405065 0.306331
v -0.027686 0.390102 0.317964
v -0.041222 0.449928 0.291707
v -0.027980 0.464780 0.294015
v -0.007721 0.476851 0.291639
v -0.011270 0.459974 0.301814
v -0.056061 0.437418 0.270698
v -0.045744 0.440104 0.281261
v -0.048095 0.426980 0.276147
v -0.072281 0.411372 0.264951
v -0.061037 0.422451 0.267713
v -0.079998 0.438308 0.266503
v -0.074497 0.425322 0.265001
v -0.095111 0.423595 0.271713
v -0.052838 0.476267 0.276576
v -0.064264 0.484462 0.268241
v -0.064486 0.458868 0.268455
v -0.077944 0.475969 0.265443
v -0.094450 0.479831 0.249389
v -0.055263 0.464805 0.273425
v -0.052302 0.450734 0.274294
v -0.066043 0.471650 0.267372
v -0.088767 0.473053 0.259018
v -0.046865 0.395616 0.273850
v -0.057156 0.406773 0.268295
v -0.068276 0.395561 0.264975
v -0.046943 0.408030 0.275373
v -0.056747 0.391506 0.267512
v -0.083603 0.400186 0.271528
v -0.084895 0.414086 0.270261
v -0.038657 0.467682 0.288629
v -0.023686 0.478398 0.288680
v -0.022191 0.456089 0.299879
v -0.000514 0.459522 0.293179
v -0.016559 0.468846 0.294909
v -0.098660 0.443832 0.262770
v -0.102690 0.460333 0.250219
v -0.038990 0.381517 0.287082
v -0.046655 0.378474 0.272157
v -0.036433 0.361891 0.291187
v -0.056845 0.348874 0.265617
v -0.045561 0.334115 0.268999
v -0.054988 0.365407 0.266246
v -0.042312 0.349837 0.273664
v -0.066262 0.329194 0.269127
v -0.043043 0.364467 0.274634
v -0.057139 0.336653 0.266090
v -0.091861 0.435887 0.270208
v -0.087951 0.449055 0.268697
v -0.096175 0.456206 0.260321
v -0.116864 0.476326 0.232413
v -0.110373 0.494795 0.225700
v -0.133338 0.423934 0.236624
v -0.037211 0.389160 0.295871
v -0.036811 0.372599 0.301374
v -0.096738 0.358779 0.281247
v -0.094468 0.330561 0.285180
v -0.092251 0.315999 0.286654
v -0.077468 0.318611 0.277565
v -0.106202 0.321305 0.285987
v -0.113945 0.342787 0.280270
v -0.115910 0.329485 0.281575
v -0.076021 0.359796 0.271552
v -0.093892 0.381017 0.277592
v -0.068668 0.302009 0.272827
v -0.080149 0.335669 0.277065
v -0.064906 0.358178 0.266561
v -0.070606 0.344646 0.269766
v -0.092634 0.393089 0.275625
v -0.078510 0.382600 0.269982
v -0.057043 0.298221 0.268000
v -0.090854 0.344903 0.282217
v -0.084550 0.370693 0.274712
v -0.071493 0.371588 0.267679
v -0.080785 0.348934 0.275837
v -0.104986 0.472525 0.241163
v -0.103875 0.487875 0.239261
v -0.117084 0.486166 0.198984
v -0.114438 0.415243 0.252213
v -0.120309 0.370961 0.264552
v -0.065760 0.315383 0.270582
v -0.076872 0.296148 0.278964
v -0.113504 0.496634 0.209153
v -0.110031 0.502045 0.191018
v -0.122105 0.481982 0.216290
v -0.109529 0.492871 0.178275
v -0.121632 0.471561 0.204263
v -0.126561 0.474794 0.185949
v -0.128422 0.472234 0.225046
v -0.136898 0.448889 0.232058
v -0.135218 0.460348 0.225050
v -0.106609 0.414571 0.265886
v -0.108069 0.430108 0.258145
v -0.115267 0.430614 0.239969
v -0.108336 0.371278 0.277196
v -0.108660 0.387746 0.273155
v -0.115127 0.399494 0.261029
v -0.117063 0.357701 0.273848
v -0.128505 0.397284 0.238927
v -0.117960 0.385210 0.262310
v -0.119145 0.391811 0.249063
v -0.118611 0.404745 0.244633
v -0.128602 0.411038 0.237583
v -0.140381 0.339917 0.241005
v -0.129007 0.327221 0.260111
v -0.136105 0.368758 0.241293
v -0.130038 0.313768 0.264899
v -0.129320 0.382384 0.242549
v -0.138373 0.314896 0.244952
v -0.123909 0.370484 0.249955
v -0.129412 0.352975 0.248139
v -0.107707 0.353404 0.280487
v -0.125517 0.343592 0.266618
v -0.133523 0.305989 0.252815
v -0.133178 0.339902 0.253864
v -0.135315 0.328299 0.246681
v -0.124488 0.357301 0.261241
v -0.124055 0.331475 0.271501
v -0.116621 0.484165 0.185648
v -0.123768 0.471584 0.173777
v -0.109459 0.444457 0.248496
v -0.114641 0.456902 0.234375
v -0.127505 0.437729 0.235184
v -0.118355 0.418156 0.240439
v -0.165232 0.324211 0.251941
v -0.151766 0.325699 0.240391
v -0.186025 0.315258 0.249107
v -0.159718 0.311385 0.243070
v -0.184629 0.312156 0.235268
v -0.189244 0.296915 0.256788
v -0.165404 0.297055 0.247601
v -0.174472 0.294048 0.259641
v -0.170724 0.309590 0.256427
v -0.177278 0.321432 0.257435
v -0.175632 0.359720 0.240913
v -0.182410 0.337125 0.240735
v -0.181889 0.325346 0.234051
v -0.171762 0.339172 0.224427
v -0.189809 0.302498 0.243998
v -0.182875 0.307679 0.258471
v -0.178357 0.348244 0.232987
v -0.165555 0.331354 0.215605
v 0.030457 0.149958 0.280639
v -0.096242 0.128545 0.311637
v -0.085796 0.137283 0.304445
v -0.191196 0.358228 0.195957
v -0.201163 0.344724 0.191496
v -0.203790 0.333069 0.194656
v -0.181250 0.334136 0.187213
v -0.187501 0.344933 0.193432
v -0.176321 0.351946 0.176990
v -0.182001 0.360931 0.185960
v -0.174846 0.335905 0.171756
v -0.167408 0.325663 0.175536
v -0.162527 0.338943 0.188240
v -0.163397 0.368587 0.193950
v -0.167301 0.365518 0.218358
v -0.172015 0.352771 0.221425
v -0.161798 0.400089 0.233676
v -0.150727 0.385722 0.246307
v -0.147851 0.411355 0.242513
v -0.141433 0.380227 0.239776
v -0.164577 0.344635 0.175672
v -0.160371 0.354588 0.187244
v -0.161627 0.355943 0.202583
v -0.160001 0.367867 0.179021
v -0.148406 0.429041 0.227502
v -0.130464 0.438908 0.216323
v -0.153738 0.398960 0.244435
v -0.155324 0.414243 0.228674
v -0.146714 0.393414 0.205842
v -0.159416 0.391630 0.184960
v -0.164281 0.380080 0.181077
v -0.152109 0.400251 0.220096
v -0.172113 0.413180 0.182121
v -0.138213 0.416919 0.208003
v -0.160096 0.382150 0.216061
v -0.156592 0.418090 0.172724
v -0.143554 0.405167 0.211278
v -0.143704 0.417308 0.221032
v -0.163794 0.399562 0.170958
v -0.155040 0.436622 0.194057
v -0.155802 0.389767 0.169437
v -0.163649 0.427532 0.183560
v -0.155043 0.411622 0.199560
v -0.143345 0.404195 0.197186
v -0.152456 0.439720 0.177726
v -0.158240 0.423674 0.194902
v -0.143223 0.426965 0.197268
v -0.134856 0.429952 0.207267
v -0.142043 0.456820 0.191084
v -0.139872 0.446144 0.204245
v -0.129250 0.457700 0.201323
v -0.127017 0.450084 0.211196
v -0.140240 0.449379 0.172909
v -0.149694 0.446733 0.187965
v -0.133636 0.466629 0.193270
v -0.145907 0.423728 0.238851
v -0.140908 0.436345 0.236200
v -0.153669 0.379277 0.201462
v -0.153935 0.390504 0.196087
v -0.155213 0.376884 0.189077
v -0.165528 0.373165 0.206855
v -0.169168 0.378864 0.233910
v -0.163817 0.388829 0.242534
v -0.162627 0.370759 0.249417
v -0.152580 0.406169 0.170082
v -0.183978 0.390358 0.183528
v -0.173214 0.384197 0.194676
v -0.186946 0.374508 0.194595
v -0.169074 0.401374 0.196273
v -0.192825 0.366684 0.185969
v -0.177730 0.401760 0.186535
v -0.169096 0.376856 0.222080
v -0.172891 0.366693 0.230185
v -0.164555 0.389101 0.226559
v -0.171573 0.370835 0.242088
v -0.162103 0.347466 0.250676
v -0.158828 0.334956 0.247082
v -0.167935 0.358957 0.251047
v -0.176492 0.346992 0.249753
v -0.173414 0.334709 0.255391
v -0.130082 0.136971 0.297763
v -0.122446 0.125454 0.308500
v -0.126715 0.110912 0.306437
v -0.110812 0.132785 0.312093
v -0.116625 0.111075 0.313635
v -0.096988 0.366942 0.060542
v -0.086667 0.374648 0.061354
v -0.020599 0.273527 0.037644
v 0.128425 0.480650 0.233377
v 0.120912 0.468151 0.243206
v 0.112295 0.480440 0.249629
v 0.131900 0.468086 0.236132
v 0.137161 0.469565 0.221545
v 0.136600 0.479387 0.211827
v 0.119430 0.492709 0.241442
v 0.153054 0.454986 0.214233
v 0.146985 0.450843 0.224574
v 0.163044 0.393184 0.212696
v 0.041333 0.106769 0.064824
v 0.193328 0.197041 0.267614
v 0.184616 0.261415 0.256064
v 0.175715 0.210684 0.257830
v 0.180533 0.200588 0.265387
v 0.179558 0.186307 0.267661
v 0.249525 0.175360 0.234694
v 0.119910 0.188114 0.305696
v 0.121075 0.170119 0.307616
v 0.098489 0.178760 0.305679
v 0.091232 0.168613 0.303472
v 0.107686 0.169313 0.308339
v -0.199492 0.207520 0.200155
v 0.147938 0.200002 0.263488
v 0.163544 0.194218 0.245245
v 0.169569 0.201153 0.234577
v 0.163489 0.177202 0.243526
v 0.162122 0.235889 0.248028
v 0.169027 0.219910 0.239484
v 0.174984 0.230101 0.225519
v 0.152518 0.184605 0.255582
v 0.153410 0.165477 0.254245
v 0.180212 0.250087 0.217036
v 0.170688 0.233244 0.237931
v 0.169961 0.256988 0.240236
v 0.145086 0.179125 0.281652
v 0.142819 0.164754 0.289616
v 0.157822 0.154422 0.249157
v 0.148651 0.158859 0.267031
v 0.178606 0.237945 0.216849
v 0.146895 0.186439 0.269033
v 0.147312 0.172510 0.269573
v 0.134843 0.179994 0.297475
v 0.139109 0.204221 0.287718
v 0.144412 0.193097 0.281080
v 0.131463 0.169335 0.301741
v 0.131634 0.195340 0.298234
v 0.128622 0.211396 0.297918
v 0.142355 0.240671 0.278449
v 0.114239 0.204521 0.304693
v 0.131834 0.230637 0.292489
v 0.081386 0.216604 0.289912
v 0.105372 0.192250 0.305157
v 0.095229 0.208821 0.301424
v 0.154507 0.217480 0.254190
v 0.178179 0.311490 0.210683
v 0.143044 0.221380 0.279733
v 0.123638 0.260153 0.292280
v 0.105929 0.270248 0.297185
v 0.095998 0.232036 0.299248
v 0.080568 0.191736 0.291001
v 0.091138 0.190884 0.301332
v 0.084175 0.179838 0.296915
v 0.075800 0.175997 0.282583
v 0.161891 0.224108 0.247865
v 0.148308 0.234275 0.261374
v 0.155849 0.203580 0.252407
v 0.180007 0.280322 0.208257
v 0.135564 0.218594 0.289813
v 0.145504 0.207858 0.275327
v 0.146266 0.218765 0.265938
v 0.132068 0.246587 0.289471
v 0.114102 0.242908 0.299941
v 0.119549 0.274943 0.292004
v 0.141990 0.273102 0.274964
v 0.130139 0.269753 0.283111
v 0.126101 0.285890 0.280961
v 0.140532 0.257185 0.279687
v 0.147368 0.259912 0.261666
v 0.090511 0.220392 0.298191
v 0.084346 0.204255 0.294715
v 0.143969 0.230602 0.272004
v 0.164982 0.208475 0.244416
v 0.181052 0.263547 0.206941
v 0.177376 0.270359 0.226236
v 0.111156 0.256915 0.298499
v 0.108545 0.231482 0.301435
v 0.121172 0.232654 0.298653
v 0.140804 0.290340 0.272869
v 0.146906 0.280601 0.261679
v 0.145024 0.246940 0.266273
v 0.154961 0.248371 0.254261
v 0.176546 0.256893 0.228298
v 0.175030 0.243266 0.229578
v 0.177474 0.294493 0.227800
v 0.169679 0.273778 0.240723
v 0.175414 0.282120 0.232152
v 0.159709 0.260165 0.248916
v 0.195056 0.221494 0.193159
v 0.089327 0.150948 0.066642
v 0.168681 0.401792 0.181696
v 0.157395 0.412056 0.171932
v 0.169731 0.419965 0.182270
v 0.162873 0.396685 0.166476
v 0.174800 0.431234 0.189715
v 0.192769 0.396698 0.215599
v 0.186756 0.410582 0.196587
v 0.172331 0.374733 0.179802
v 0.160354 0.404045 0.155428
v 0.175778 0.416609 0.217953
v 0.162140 0.421160 0.216450
v 0.165621 0.396718 0.212981
v 0.172218 0.428744 0.212431
v 0.165510 0.408573 0.218595
v 0.178282 0.397962 0.225311
v 0.182427 0.420660 0.206008
v 0.186522 0.409212 0.213256
v 0.178413 0.409940 0.186115
v 0.188225 0.388762 0.188720
v 0.167485 0.388091 0.177097
v 0.170302 0.378014 0.161824
v 0.184502 0.347205 0.221978
v 0.172182 0.371662 0.218653
v 0.170242 0.385942 0.222048
v 0.176645 0.380173 0.201721
v 0.190291 0.379118 0.230365
v 0.188643 0.390833 0.225749
v 0.170128 0.392216 0.201124
v 0.165157 0.405878 0.201961
v 0.158453 0.407071 0.215125
v 0.164446 0.399343 0.225392
v 0.170290 0.359161 0.232742
v 0.168712 0.378985 0.226788
v 0.155581 0.369055 0.245921
v 0.185801 0.361364 0.205455
v 0.170791 0.363373 0.212302
v 0.166633 0.379022 0.212237
v 0.146047 0.353211 0.255232
v 0.165360 0.371068 0.237040
v 0.158047 0.383389 0.242031
v 0.177930 0.358748 0.216884
v 0.185349 0.356102 0.236928
v 0.176862 0.364434 0.229587
v 0.181960 0.372507 0.210534
v 0.189281 0.334671 0.200622
v 0.170825 0.367319 0.223844
v 0.175382 0.367481 0.201209
v 0.145734 0.365458 0.252640
v 0.134552 0.350789 0.258613
v 0.154265 0.326685 0.248934
v 0.159999 0.352095 0.244828
v 0.152261 0.341058 0.250164
v 0.145296 0.331911 0.259828
v 0.149261 0.317935 0.259341
v 0.160329 0.299655 0.245171
v 0.167479 0.287688 0.242478
v 0.156148 0.312753 0.248246
v 0.174491 0.322986 0.233472
v 0.164829 0.321280 0.242602
v 0.168106 0.337845 0.239517
v 0.154591 0.287907 0.251658
v 0.172348 0.341045 0.217535
v 0.174944 0.335114 0.228829
v 0.174692 0.325574 0.216430
v 0.181660 0.323494 0.204382
v 0.201631 0.297993 0.208625
v 0.191436 0.309204 0.198762
v 0.182655 0.296490 0.205202
v 0.196087 0.319849 0.218289
v 0.177414 0.300087 0.216318
v 0.177104 0.309395 0.227927
v 0.171610 0.301806 0.237807
v 0.194983 0.284269 0.196985
v 0.199385 0.311054 0.209050
v 0.195061 0.322157 0.202042
v 0.191947 0.268119 0.195541
v 0.208738 0.251124 0.211555
v 0.206560 0.272267 0.210195
v 0.201233 0.256671 0.199545
v 0.199393 0.238873 0.196260
v 0.184819 0.237886 0.196786
v 0.209214 0.225441 0.203978
v 0.206179 0.214256 0.196678
v 0.206624 0.234556 0.219922
v 0.208646 0.238793 0.206046
v 0.193691 0.249620 0.225591
v 0.191940 0.347469 0.208638
v 0.176495 0.347984 0.203049
v 0.194581 0.333984 0.214266
v 0.174916 0.353853 0.221042
v 0.199901 0.261268 0.217249
v 0.198887 0.284758 0.220143
v 0.177432 0.293665 0.245729
v 0.194457 0.302375 0.225556
v 0.184846 0.285302 0.231534
v 0.178340 0.319687 0.238685
v 0.183309 0.328159 0.225171
v 0.175110 0.267907 0.238452
v 0.185753 0.298551 0.235722
v 0.188396 0.314893 0.229470
v 0.182068 0.338405 0.241482
v 0.176207 0.281123 0.240932
v 0.203656 0.284911 0.206993
v 0.198658 0.226674 0.225907
v 0.182566 0.258537 0.229705
v 0.176992 0.346836 0.232836
v 0.198886 0.320176 0.241054
v 0.187755 0.326592 0.246104
v 0.201084 0.341228 0.233890
v 0.191734 0.345945 0.240237
v 0.213101 0.324974 0.225455
v 0.202886 0.361618 0.225121
v 0.204787 0.328970 0.234048
v 0.208950 0.315088 0.233726
v 0.226313 0.311237 0.210665
v 0.193085 0.366107 0.232740
v 0.212777 0.344646 0.216510
v 0.201193 0.378334 0.214069
v 0.219532 0.313439 0.222041
v 0.205886 0.349339 0.225683
v 0.221144 0.329429 0.209400
v 0.209515 0.321507 0.192266
v 0.219442 0.318517 0.201222
v 0.210619 0.305570 0.191915
v 0.197877 0.372588 0.223949
v 0.209785 0.361895 0.206942
v 0.197733 0.389221 0.201965
v 0.191543 0.398629 0.195699
v 0.196322 0.376705 0.193687
v 0.185386 0.372549 0.185431
v 0.210052 0.342880 0.196384
v 0.217050 0.340573 0.206003
v 0.204753 0.373377 0.202870
v 0.202705 0.332786 0.192270
v 0.205543 0.356044 0.195377
v 0.193927 0.347752 0.192105
v 0.179439 0.349402 0.172880
v 0.176748 0.360676 0.182361
v 0.182088 0.343765 0.185588
v 0.175021 0.363506 0.166767
v 0.183098 0.328357 0.171117
v 0.176282 0.348030 0.151227
v 0.183202 0.311272 0.153259
v 0.180560 0.339545 0.162232
v 0.182663 0.325893 0.156481
v 0.173059 0.344359 0.137811
v 0.173976 0.360326 0.154402
v 0.186479 0.316111 0.165734
v 0.178647 0.335639 0.149381
v 0.105048 0.343220 0.058588
v 0.167705 0.334720 0.120090
v 0.164181 0.346777 0.118323
v 0.172072 0.308024 0.123332
v 0.167852 0.292860 0.117780
v 0.161352 0.333804 0.107311
v 0.166806 0.319905 0.113615
v 0.172840 0.322292 0.126571
v 0.178627 0.314769 0.138887
v 0.180605 0.292484 0.141437
v 0.164648 0.305966 0.111334
v 0.174505 0.291794 0.129454
v 0.178188 0.279969 0.137559
v 0.158909 0.313973 0.102278
v 0.185727 0.290840 0.163917
v 0.184001 0.297999 0.152928
v 0.154859 0.319809 0.057834
v 0.146901 0.310331 0.055667
v 0.157051 0.206970 0.033672
v 0.155409 0.220024 0.036074
v 0.168369 0.211076 0.036338
v 0.137142 0.193412 0.044965
v 0.143810 0.205112 0.039405
v 0.150789 0.193266 0.033265
v 0.149095 0.180052 0.032769
v 0.156990 0.201195 0.119353
v 0.154001 0.210502 0.109909
v 0.163328 0.197223 0.129361
v 0.156255 0.223519 0.088604
v 0.157697 0.146350 0.024121
v 0.156800 0.130517 0.022463
v 0.146613 0.138192 0.031307
v 0.171307 0.138022 0.019671
v 0.142239 0.152581 0.036903
v 0.174257 0.157361 0.023488
v 0.158436 0.165668 0.026748
v 0.175688 0.173845 0.027956
v 0.183656 0.141271 0.023231
v 0.132910 0.152147 0.048191
v 0.128319 0.174029 0.054007
v 0.184962 0.162529 0.032011
v 0.151298 0.155766 0.029054
v 0.107641 0.191697 0.067030
v 0.105371 0.212722 0.067456
v 0.091855 0.189299 0.066512
v 0.091280 0.205283 0.066450
v 0.101716 0.177176 0.067556
v 0.116718 0.179364 0.063252
v 0.124306 0.196396 0.058845
v 0.119699 0.165650 0.061463
v 0.132400 0.210155 0.051658
v 0.120428 0.211565 0.062175
v 0.129918 0.186618 0.052953
v 0.130827 0.222510 0.054049
v 0.076168 0.156593 0.286035
v 0.061530 0.171641 0.268617
v 0.047826 0.192545 0.263493
v 0.065473 0.211982 0.268977
v 0.075556 0.203853 0.280091
v 0.067133 0.198730 0.270872
v 0.074604 0.191119 0.279724
v 0.039297 0.204464 0.278472
v 0.048516 0.206873 0.288316
v 0.038692 0.193833 0.271891
v 0.048260 0.210471 0.264190
v 0.055790 0.201193 0.266938
v 0.053899 0.245080 0.263940
v 0.040713 0.220173 0.274697
v 0.056300 0.226895 0.263526
v 0.044422 0.240293 0.281274
v 0.073534 0.230812 0.275759
v 0.046399 0.234608 0.268971
v 0.054470 0.238946 0.291588
v 0.050385 0.259510 0.288115
v 0.064150 0.237052 0.268097
v 0.076438 0.256341 0.280149
v 0.090740 0.256282 0.295138
v 0.066902 0.252302 0.268564
v 0.074116 0.244025 0.275978
v 0.082238 0.236834 0.289662
v 0.070446 0.269580 0.270040
v 0.053027 0.262956 0.264989
v 0.066250 0.223845 0.269358
v 0.074589 0.217356 0.278052
v 0.063290 0.261347 0.294683
v 0.091020 0.243478 0.296259
v 0.078938 0.270058 0.281134
v 0.048627 0.273709 0.273593
v 0.045958 0.253010 0.273583
v 0.093161 0.269096 0.295126
v 0.082716 0.249321 0.288419
v 0.060181 0.274370 0.293740
v 0.266722 0.151003 0.216383
v 0.270781 0.139498 0.211214
v 0.265434 0.153845 0.203960
v 0.260636 0.167099 0.222735
v 0.260334 0.177004 0.213076
v 0.253245 0.158827 0.235506
v 0.241165 0.165185 0.243091
v 0.228416 0.191443 0.247453
v 0.220385 0.179880 0.254403
v 0.237761 0.180113 0.243188
v 0.211519 0.198656 0.257526
v 0.246923 0.200386 0.230908
v 0.239412 0.193186 0.239667
v 0.252476 0.203893 0.216577
v 0.245384 0.219279 0.226219
v 0.255350 0.145884 0.236558
v 0.229517 0.173722 0.249353
v 0.203816 0.190303 0.263884
v 0.201190 0.210784 0.262405
v 0.222389 0.224450 0.245271
v 0.230885 0.208727 0.242929
v 0.213877 0.213818 0.253410
v 0.204747 0.235662 0.256750
v 0.205442 0.222595 0.258390
v 0.234875 0.222189 0.236854
v 0.221729 0.202524 0.250123
v 0.246351 0.225858 0.214733
v 0.243439 0.231140 0.200098
v 0.242931 0.242910 0.207229
v 0.232803 0.276299 0.203589
v 0.002003 0.244083 0.309787
v 0.005369 0.246354 0.322309
v 0.002005 0.257785 0.309924
v -0.003669 0.259556 0.267875
v -0.216498 0.146511 0.239982
v -0.214170 0.192153 0.247777
v -0.206353 0.154685 0.232379
v -0.211323 0.205660 0.218963
v -0.219776 0.223797 0.211975
v -0.217940 0.186511 0.222165
v -0.211709 0.217292 0.217436
v -0.228991 0.174758 0.220758
v -0.209547 0.193771 0.217356
v -0.237300 0.184349 0.202615
v -0.240626 0.175171 0.193471
v -0.205861 0.239082 0.213646
v -0.222586 0.238641 0.202769
v -0.221216 0.250404 0.199071
v -0.228541 0.214309 0.203606
v -0.230366 0.187723 0.214695
v -0.198847 0.232189 0.199532
v -0.198408 0.219677 0.193699
v -0.197464 0.244443 0.195433
v -0.214060 0.245189 0.207681
v -0.184677 0.302563 0.171661
v 0.050943 0.246128 0.335419
v 0.058408 0.357682 0.322785
v 0.061015 0.336857 0.325344
v 0.053859 0.325036 0.326063
v 0.075290 0.336181 0.313564
v 0.076906 0.321978 0.313750
v 0.070637 0.345665 0.321860
v 0.072093 0.331707 0.324567
v 0.074604 0.347736 0.302451
v 0.071684 0.331873 0.297885
v 0.063872 0.342865 0.295515
v 0.052536 0.298574 0.328608
v 0.044809 0.307547 0.323404
v 0.065254 0.367902 0.268217
v 0.057080 0.365566 0.278266
v 0.009786 0.477054 0.291887
v 0.034737 0.471073 0.292598
v 0.045063 0.462699 0.296451
v 0.021400 0.470140 0.291904
v -0.067491 0.445012 0.266416
v -0.181240 0.320647 0.182446
v -0.142055 0.440287 0.222949
v -0.173289 0.384640 0.171264
v -0.174739 0.396076 0.176068
v -0.176774 0.372765 0.170268
v -0.149598 0.356051 0.239868
v -0.152338 0.343786 0.240918
v -0.150898 0.369962 0.241775
v 0.129354 0.492708 0.225496
v 0.180771 0.239798 0.256555
v 0.173213 0.250020 0.243279
v 0.174734 0.236195 0.236782
v 0.182160 0.245294 0.230563
v 0.179065 0.251197 0.253520
v 0.172886 0.234775 0.248737
v 0.192084 0.234065 0.262639
v 0.196503 0.250050 0.259578
v 0.217622 0.255957 0.242077
v 0.228862 0.240849 0.236789
v 0.208699 0.248864 0.251417
v 0.215761 0.236936 0.247725
v 0.203292 0.270740 0.251046
v 0.188464 0.281631 0.255240
v 0.196834 0.262139 0.257073
v 0.204362 0.291517 0.244636
v 0.201979 0.305889 0.242714
v 0.191593 0.297864 0.252030
v 0.189608 0.312252 0.249294
v 0.199517 0.282204 0.250579
v 0.178188 0.307172 0.243991
v 0.237921 0.233478 0.231263
v 0.236644 0.248916 0.227249
v 0.227855 0.258522 0.232753
v 0.223757 0.281538 0.229411
v 0.182253 0.272079 0.248645
v 0.214721 0.290436 0.235359
v 0.214132 0.275257 0.240359
v 0.182108 0.215568 0.198562
v 0.187796 0.295539 0.176835
v 0.184940 0.277156 0.175807
v 0.183782 0.266564 0.167791
v 0.182980 0.282533 0.152117
v 0.134938 0.165282 0.046288
v 0.254079 0.187355 0.225433
v 0.237494 0.264582 0.208668
v 0.227509 0.264880 0.192014
v 0.223291 0.279364 0.192401
v 0.230739 0.293408 0.209745
v 0.225094 0.300303 0.220726
v 0.232768 0.280853 0.217685
v 0.000781 0.217517 0.307410
v 0.007583 0.213306 0.323526
v 0.003730 0.205374 0.313040
v -0.003688 0.198271 0.301650
v -0.011953 0.216008 0.285061
v -0.010330 0.204269 0.291549
v -0.012544 0.202385 0.274325
v -0.010385 0.227535 0.275622
v -0.009654 0.215034 0.270479
v -0.008102 0.233965 0.294757
v 0.005352 0.224992 0.317462
v -0.000254 0.231140 0.305683
v -0.006968 0.220622 0.296769
v -0.011238 0.236703 0.283438
v -0.008709 0.249663 0.293185
v -0.235966 0.190783 0.186222
v -0.233800 0.200647 0.198123
v -0.222964 0.189952 0.170470
v -0.231442 0.184351 0.177045
v -0.220494 0.204192 0.170351
v -0.211421 0.195238 0.165719
v 0.044996 0.334831 0.321060
v 0.046497 0.481454 0.285944
v 0.030547 0.488393 0.288825
v -0.201479 0.193229 0.190965
v -0.201940 0.184514 0.200198
v -0.203515 0.188814 0.177222
v 0.134184 0.500210 0.203868
v 0.129885 0.500040 0.227233
v 0.116338 0.497872 0.247037
v 0.097250 0.495228 0.262868
v 0.075687 0.493680 0.275659
v 0.053220 0.491962 0.286658
v 0.028679 0.489438 0.292527
v 0.003293 0.488957 0.293326
v -0.021902 0.488728 0.290389
v -0.045591 0.489080 0.281427
v -0.067977 0.490950 0.269564
v -0.088502 0.494880 0.255514
v -0.105687 0.498712 0.238238
v -0.114865 0.499982 0.215945
v -0.115084 0.498462 0.192398
v -0.082795 0.506927 0.257483
v -0.056100 0.500728 0.275371
v 0.045704 0.503671 0.286773
v -0.109591 0.505390 0.226501
v -0.038934 0.503072 0.283591
v 0.015579 0.503681 0.290492
v -0.005107 0.503513 0.290614
v 0.014469 0.505129 0.109862
v 0.014987 0.486488 0.105130
v 0.039334 0.488785 0.106972
v 0.063454 0.492772 0.111917
v 0.085135 0.497318 0.123165
v 0.103486 0.499832 0.139568
v 0.118619 0.501337 0.158886
v 0.129328 0.501893 0.180646
v 0.026358 0.496312 0.107912
v 0.050252 0.502350 0.110630
v -0.009479 0.489852 0.106555
v -0.034139 0.490415 0.108971
v -0.057528 0.492913 0.117017
v -0.077874 0.495432 0.131080
v -0.094319 0.498025 0.149533
v -0.107297 0.500001 0.169921
v 0.003162 0.495994 0.107667
v -0.100208 0.505461 0.161059
v -0.045113 0.505746 0.114216
v -0.015665 0.501351 0.108934
v -0.073204 0.507207 0.260015
v -0.100969 0.509597 0.172414
v -0.104175 0.509454 0.181095
v 0.097162 0.504568 0.257384
v -0.059016 0.509953 0.126578
v -0.090943 0.509805 0.155935
v 0.028024 0.508860 0.113779
v 0.122425 0.505973 0.176290
v 0.121814 0.506016 0.174796
v 0.079368 0.507746 0.127284
v 0.068530 0.508055 0.121092
v -0.111837 0.509003 0.206813
v -0.111251 0.509290 0.193472
v -0.065832 0.506902 0.268456
v -0.080102 0.507334 0.259184
v 0.032890 0.504867 0.289657
v -0.066466 0.510069 0.126669
v -0.083329 0.509999 0.141774
v -0.010738 0.509545 0.110563
v -0.055011 0.509931 0.124690
v -0.038288 0.509823 0.117660
v -0.083638 0.507526 0.253089
v -0.086637 0.507623 0.250871
v -0.061154 0.509953 0.128070
v 0.081739 0.507678 0.128627
v 0.132285 0.505193 0.204301
v 0.129402 0.504881 0.220357
v 0.068749 0.508127 0.117710
v -0.108803 0.509419 0.185975
v -0.085800 0.509980 0.144409
v -0.099093 0.509791 0.162330
v -0.103829 0.508396 0.228392
v -0.096465 0.508008 0.240580
v -0.096277 0.509706 0.164164
v 0.006954 0.509194 0.113749
v -0.022601 0.505788 0.287719
v 0.131383 0.505353 0.197767
v 0.092660 0.507411 0.132861
v 0.084249 0.507687 0.126443
v 0.070198 0.508089 0.118388
v -0.105317 0.509604 0.175176
v 0.005217 0.509291 0.110619
v -0.005530 0.509464 0.110499
v -0.034040 0.509856 0.113137
v -0.064630 0.510062 0.125647
v -0.048679 0.509975 0.118233
v 0.106438 0.506798 0.150605
v -0.095028 0.507955 0.241899
v -0.076830 0.509936 0.140014
v -0.002420 0.509345 0.113639
v -0.086805 0.509854 0.150758
v 0.127276 0.505549 0.191895
v 0.127796 0.505482 0.194512
v 0.128202 0.505179 0.207862
v 0.105591 0.506831 0.149705
v 0.063795 0.508164 0.119585
v -0.053091 0.506541 0.275589
v 0.128391 0.504790 0.225197
v 0.124161 0.504608 0.236362
v -0.032940 0.506017 0.284823
v 0.052043 0.504680 0.284443
v -0.009920 0.505546 0.289605
v 0.105692 0.506930 0.145230
v 0.049501 0.508558 0.112027
v 0.099587 0.507172 0.138663
v 0.066848 0.508170 0.117157
v 0.128394 0.505093 0.211578
v 0.048875 0.508511 0.114619
v -0.069000 0.506996 0.266497
v 0.110612 0.504513 0.250254
v 0.123099 0.504590 0.237936
v 0.018665 0.505081 0.290134
v 0.046807 0.504722 0.286246
v 0.044395 0.504745 0.286952
v -0.110336 0.508729 0.218065
v -0.038128 0.506129 0.283460
v 0.115122 0.506525 0.156712
v 0.031416 0.508870 0.110880
v 0.121918 0.506165 0.168037
v -0.025063 0.509746 0.111721
v 0.098977 0.504566 0.256182
v 0.111412 0.504613 0.245193
v 0.120951 0.504740 0.232709
v 0.123451 0.504779 0.229173
v 0.034972 0.508745 0.113972
v 0.123727 0.504799 0.228091
v 0.050529 0.508476 0.114988
v -0.104782 0.508445 0.226852
v -0.103086 0.508243 0.234729
v -0.092945 0.507784 0.248135
v 0.101320 0.504495 0.257699
v 0.091297 0.504491 0.264974
v -0.084007 0.507461 0.256254
v 0.045871 0.504727 0.286713
v 0.015495 0.505125 0.290430
v 0.014263 0.505145 0.290418
v 0.128506 0.505729 0.182926
v 0.034703 0.508814 0.111066
v 0.125040 0.505978 0.174198
v 0.014349 0.509144 0.110708
v -0.101038 0.509723 0.166787
v -0.044425 0.509959 0.115945
v -0.074804 0.509947 0.138059
v -0.033922 0.509798 0.115686
v -0.107233 0.509298 0.190285
v 0.115554 0.506375 0.163115
v 0.120850 0.506071 0.173027
v 0.025247 0.508905 0.113722
v 0.113247 0.504618 0.243660
v -0.097862 0.507967 0.243416
v 0.063787 0.504590 0.280112
v 0.075570 0.504545 0.273756
v 0.084531 0.504511 0.268914
v 0.028046 0.508924 0.110863
v -0.028482 0.509791 0.112138
v -0.089673 0.509928 0.149476
v 0.010915 0.509199 0.110695
v 0.091094 0.504580 0.261119
v 0.083999 0.504589 0.265777
v 0.107144 0.506764 0.151641
v 0.073037 0.504625 0.271946
v -0.029046 0.509736 0.115006
v -0.011489 0.509495 0.113344
v 0.094610 0.507253 0.138586
v 0.086655 0.507513 0.132556
v -0.111931 0.508893 0.211825
v -0.108388 0.508525 0.225801
v -0.041302 0.506219 0.281671
v -0.082747 0.507416 0.257380
v 0.060956 0.504605 0.281472
v -0.005380 0.505455 0.290474
v -0.002764 0.505413 0.290496
v -0.066031 0.510068 0.126380
vn 0.9990 -0.0040 0.0453
vn 0.9690 -0.0145 -0.2465
vn 0.9952 0.0264 -0.0941
vn -0.6806 0.0770 -0.7286
vn -0.7804 0.0618 -0.6222
vn -0.7781 0.0557 -0.6256
vn 0.9842 -0.0871 0.1544
vn 0.9861 -0.0928 0.1376
vn 0.9890 -0.0814 0.1232
vn 0.2087 -0.2312 0.9503
vn 0.7943 -0.0157 0.6073
vn -0.3520 0.0074 0.9360
vn 0.9554 0.1159 0.2717
vn 0.8223 0.1117 0.5580
vn -0.3987 0.1040 -0.9112
vn -0.4061 0.0659 -0.9115
vn -0.3746 0.0961 -0.9222
vn -0.4608 0.0129 -0.8874
vn -0.4457 0.0238 -0.8949
vn -0.4586 0.0055 -0.8886
vn 0.9403 0.0883 0.3287
vn 0.9177 0.0060 -0.3972
vn 0.8972 0.0061 -0.4415
vn 0.9247 0.0053 -0.3807
vn -0.8992 -0.0204 0.4371
vn -0.8381 -0.0512 0.5431
vn -0.7513 -0.0513 0.6579
vn -0.9064 0.0511 0.4193
vn -0.9288 0.0531 0.3668
vn -0.9702 0.0481 0.2373
vn -0.9899 0.1327 0.0503
vn -0.9950 0.0994 0.0132
vn -0.9789 0.1471 0.1417
vn -0.9907 0.1323 -0.0316
vn -0.9737 0.0721 -0.2162
vn -0.9886 0.1426 0.0490
vn -0.9859 0.0037 0.1672
vn -0.9710 0.0375 0.2362
vn -0.9841 -0.0064 0.1778
vn 0.9369 -0.0505 0.3459
vn 0.9578 -0.0714 0.2784
vn 0.2431 -0.1102 0.9637
vn 0.7507 0.0989 -0.6532
vn 0.1062 0.1943 -0.9752
vn 0.4075 0.1588 -0.8993
vn -0.7451 -0.0680 0.6635
vn -0.7306 -0.0699 0.6792
vn -0.6703 -0.0786 0.7379
vn 0.6330 -0.1257 0.7639
vn -0.2036 -0.1603 0.9658
vn 0.9667 0.0329 -0.2536
vn 0.9794 -0.0104 -0.2018
vn 0.9100 0.0309 -0.4135
vn 0.6230 0.0558 -0.7802
vn 0.5982 0.0931 -0.7959
vn 0.5990 0.0602 -0.7985
vn -0.1470 0.2034 -0.9680
vn 0.5043 0.1185 -0.8554
vn 0.7148 0.1100 -0.6907
vn -0.9800 0.0045 0.1990
vn -0.9838 -0.0068 0.1793
vn -0.9380 0.0156 0.3462
vn -0.9484 -0.0505 -0.3131
vn -0.8976 -0.0849 -0.4326
vn -0.8998 -0.0836 -0.4283
vn 0.4482 0.0969 0.8887
vn 0.5313 0.1112 0.8399
vn 0.4504 0.1098 0.8861
vn -0.2469 0.1784 0.9525
vn 0.1741 0.0468 0.9836
vn 0.2260 0.0954 0.9694
vn 0.4633 0.0687 0.8836
vn 0.0570 0.0056 0.9984
vn 0.4208 0.0104 0.9071
vn -0.9360 -0.0784 -0.3432
vn -0.9923 -0.0721 -0.1007
vn 0.6764 0.1540 0.7202
vn 0.4897 0.1178 0.8639
vn 0.5054 0.1312 0.8528
vn 0.6285 0.1854 -0.7554
vn 0.9563 0.2366 -0.1717
vn 0.9469 0.2969 -0.1231
vn 0.1381 0.0532 0.9890
vn 0.4769 0.0161 0.8788
vn 0.6762 0.1009 0.7298
vn -0.9178 -0.0946 -0.3857
vn 0.5368 0.0940 0.8385
vn 0.5328 0.1033 0.8399
vn 0.5414 0.1015 0.8346
vn -0.5369 0.1336 0.8330
vn -0.8861 0.0615 0.4594
vn -0.8756 0.1106 0.4702
vn -0.7196 0.1279 0.6825
vn -0.9620 0.1413 0.2334
vn -0.9845 -0.0269 -0.1732
vn -0.9884 -0.1505 0.0183
vn -0.5614 -0.1044 0.8210
vn -0.4894 -0.1302 0.8623
vn -0.4874 0.0901 0.8685
vn 0.2772 0.1435 0.9500
vn -0.0200 0.1749 0.9844
vn -0.9990 -0.0255 -0.0355
vn -0.9592 0.0359 0.2806
vn 0.6198 0.0947 0.7791
vn 0.8414 0.0566 0.5374
vn 0.8552 0.0776 0.5125
vn -0.2443 -0.0859 0.9659
vn -0.0045 -0.0892 0.9960
vn -0.8005 -0.1709 0.5745
vn 0.6998 0.1613 0.6959
vn -0.9605 -0.1157 -0.2532
vn -0.6385 -0.0283 -0.7691
vn -0.6485 -0.0226 -0.7609
vn -0.8981 0.0266 -0.4390
vn 0.4828 0.0550 0.8740
vn 0.4777 0.0742 0.8754
vn 0.5030 0.0747 0.8611
vn 0.7406 0.0558 0.6697
vn 0.7868 0.0476 0.6154
vn 0.9961 0.0343 -0.0814
vn 0.9327 -0.0022 -0.3607
vn 0.9969 0.0398 -0.0680
vn -0.6291 -0.0767 -0.7735
vn -0.9883 -0.1076 0.1084
vn -0.9733 -0.2295 -0.0089
vn -0.7653 -0.0421 0.6422
vn -0.6821 0.1032 0.7239
vn -0.6845 0.1957 0.7023
vn -0.6371 0.0918 -0.7653
vn -0.5918 0.0564 -0.8041
vn -0.5706 0.0824 -0.8171
vn 0.0540 0.1815 0.9819
vn -0.4138 0.0629 0.9082
vn 0.4073 0.0563 0.9116
vn -0.6793 -0.0461 0.7324
vn -0.8245 -0.1390 0.5485
vn -0.7328 -0.0962 0.6736
vn 0.5009 0.0528 -0.8639
vn 0.3641 0.0882 -0.9272
vn 0.5230 0.0346 -0.8517
vn 0.0181 0.1497 0.9886
vn 0.0161 0.0843 0.9963
vn -0.0698 0.1304 0.9890
vn 0.6181 0.0171 -0.7859
vn 0.4755 0.0730 -0.8767
vn 0.9567 -0.0900 0.2769
vn 0.9659 -0.0255 -0.2578
vn 0.9810 -0.0132 -0.1934
vn -0.8281 -0.0377 0.5592
vn -0.9456 -0.0240 0.3244
vn -0.9930 0.0302 -0.1146
vn 0.1079 0.1362 0.9848
vn -0.0947 0.1048 0.9900
vn -0.4754 0.0487 0.8784
vn -0.5588 0.2632 0.7864
vn 0.0223 0.1231 0.9921
vn 0.3889 0.0467 0.9201
vn 0.7298 -0.0575 0.6813
vn 0.5709 -0.0011 0.8210
vn 0.3538 0.0239 0.9350
vn 0.4589 0.1632 0.8734
vn 0.4847 -0.0135 0.8746
vn 0.4108 0.1576 0.8980
vn -0.6686 -0.0025 0.7436
vn -0.6532 -0.0120 0.7571
vn 0.7858 -0.0429 0.6170
vn 0.5305 -0.0522 0.8461
vn 0.7730 -0.0823 0.6290
vn 0.6874 -0.0519 0.7244
vn 0.7692 -0.0393 0.6378
vn 0.7483 -0.0191 0.6631
vn -0.2934 0.0404 0.9551
vn -0.8318 -0.1618 0.5309
vn -0.7163 -0.1005 0.6905
vn -0.6098 0.0731 -0.7892
vn -0.5693 0.0593 -0.8200
vn -0.6113 0.0866 -0.7867
vn -0.6367 0.1348 0.7592
vn -0.8606 0.0180 0.5090
vn 0.9689 -0.0579 -0.2406
vn 0.9848 -0.1220 0.1233
vn 0.7800 -0.0578 -0.6231
vn 0.9799 0.0879 -0.1792
vn 0.9760 0.0338 -0.2149
vn 0.8812 0.0356 -0.4714
vn -0.4477 0.0225 -0.8939
vn -0.4408 0.0386 -0.8968
vn -0.9891 0.0063 0.1474
vn -0.9883 0.0067 0.1526
vn -0.9885 0.0022 0.1515
vn -0.6782 0.0194 0.7346
vn -0.3167 0.1070 0.9425
vn -0.5192 0.0948 0.8494
vn -0.6516 0.4111 -0.6375
vn -0.6067 0.2832 -0.7428
vn -0.5236 0.4582 -0.7182
vn -0.4356 0.2753 -0.8570
vn -0.2322 0.2734 -0.9335
vn -0.3553 0.2131 -0.9101
vn -0.4574 0.1779 -0.8713
vn -0.9864 0.0084 0.1641
vn -0.9877 0.0025 0.1561
vn 0.8046 0.0058 -0.5937
vn -0.7943 0.3921 -0.4640
vn -0.6699 0.3273 -0.6664
vn -0.6775 0.4657 -0.5694
vn 0.6484 0.0416 -0.7602
vn 0.6570 0.0106 -0.7538
vn 0.1249 0.1265 0.9841
vn 0.5333 0.0810 0.8420
vn -0.3407 0.2153 0.9152
vn 0.1162 0.1178 0.9862
vn 0.1135 0.2842 0.9520
vn 0.8906 0.1111 0.4411
vn 0.7411 0.1744 0.6483
vn 0.4291 0.1281 0.8941
vn -0.9598 -0.0153 0.2802
vn -0.9658 0.0049 0.2591
vn -0.9869 0.0250 0.1592
vn -0.0599 0.1937 0.9792
vn -0.2498 0.1166 0.9613
vn 0.0036 0.2338 0.9723
vn 0.9821 0.0081 -0.1883
vn 0.9330 -0.0048 -0.3600
vn 0.6094 0.1313 0.7819
vn 0.6305 0.0114 -0.7761
vn 0.7053 0.0150 -0.7087
vn 0.8964 -0.0142 0.4431
vn 0.9919 -0.0818 -0.0974
vn 0.9948 -0.0977 -0.0283
vn -0.1992 0.1602 0.9668
vn -0.6738 0.0818 0.7343
vn 0.9525 0.1590 0.2599
vn 0.9274 0.1275 0.3518
vn 0.6022 0.1429 0.7854
vn 0.9871 -0.0969 0.1278
vn 0.9938 -0.0772 -0.0797
vn 0.9892 -0.1269 -0.0736
vn 0.9395 -0.0600 -0.3374
vn 0.6065 -0.0440 -0.7939
vn 0.6448 -0.0929 -0.7587
vn -0.8836 0.2767 -0.3778
vn -0.8684 0.3204 -0.3786
vn -0.9035 0.3123 -0.2936
vn -0.9400 0.0495 0.3377
vn -0.9862 0.0401 0.1604
vn -0.9843 0.0222 0.1753
vn 0.0992 -0.0098 0.9950
vn 0.2867 -0.0257 0.9577
vn 0.7009 -0.0187 0.7130
vn 0.9939 0.0864 -0.0693
vn 0.9685 0.0895 -0.2322
vn -0.9456 0.0339 0.3236
vn -0.5921 0.0401 0.8049
vn -0.7993 0.0579 0.5981
vn -0.6108 0.0920 0.7864
vn -0.6761 0.0489 0.7351
vn -0.2566 -0.0016 0.9665
vn -0.9061 0.0358 0.4216
vn -0.7442 0.0289 0.6673
vn -0.9220 0.0524 0.3836
vn 0.9272 0.0156 0.3743
vn 0.9615 -0.0128 0.2747
vn 0.9260 0.0190 0.3771
vn 0.7722 0.0681 0.6318
vn 0.3922 0.1236 0.9115
vn 0.7390 0.0037 0.6737
vn 0.5805 0.0875 0.8095
vn -0.9901 0.0159 0.1393
vn -0.9899 0.0160 0.1407
vn -0.9830 0.0112 0.1834
vn 0.7845 -0.0867 0.6140
vn 0.6169 -0.0590 0.7848
vn -0.9867 0.0296 0.1599
vn -0.9538 0.0627 0.2937
vn 0.8006 -0.0597 0.5962
vn 0.7997 0.4614 -0.3843
vn 0.8468 0.4252 -0.3196
vn 0.7001 0.5090 -0.5008
vn 0.3814 0.0788 0.9210
vn -0.0513 0.0940 0.9942
vn -0.4221 0.2297 0.8770
vn -0.2409 0.3153 0.9179
vn -0.6307 0.2098 0.7471
vn 0.4718 0.0355 0.8810
vn 0.6677 0.0647 0.7416
vn 0.4488 0.0335 0.8930
vn -0.2261 0.1714 0.9589
vn -0.3308 -0.0443 0.9427
vn -0.6753 -0.0145 0.7374
vn -0.9181 -0.0147 0.3961
vn -0.9833 0.0339 0.1788
vn -0.9903 0.0294 0.1356
vn -0.9860 0.0343 0.1633
vn 0.7332 0.1759 0.6569
vn 0.8139 0.1174 0.5691
vn 0.7239 0.1366 0.6762
vn -0.9697 0.1643 -0.1808
vn -0.7467 0.2068 0.6321
vn -0.9012 0.2565 0.3493
vn -0.8130 0.1178 -0.5703
vn -0.9614 0.1835 -0.2051
vn -0.8298 0.1123 -0.5467
vn -0.8167 -0.0437 -0.5754
vn -0.8492 -0.0465 -0.5260
vn -0.7937 -0.0704 -0.6042
vn -0.7413 0.0539 -0.6690
vn -0.6935 0.0738 -0.7166
vn 0.6949 0.0480 -0.7175
vn 0.6887 0.0630 -0.7223
vn 0.6751 0.0063 -0.7377
vn -0.3846 -0.0556 -0.9214
vn -0.0174 -0.1408 -0.9899
vn -0.4279 -0.0617 -0.9017
vn -0.7003 0.1199 -0.7037
vn -0.6023 0.1151 -0.7899
vn -0.1260 0.5864 -0.8002
vn -0.1673 0.5677 -0.8061
vn -0.1560 0.5251 -0.8366
vn -0.7691 0.1276 -0.6263
vn -0.7829 0.1126 -0.6118
vn -0.8678 0.1688 -0.4674
vn 0.9986 -0.0196 -0.0486
vn 0.9946 -0.0123 0.1031
vn 0.9828 -0.0660 0.1722
vn 0.9950 -0.0873 0.0476
vn -0.9653 0.0688 -0.2518
vn 0.9056 0.0313 0.4230
vn 0.8989 0.0466 0.4356
vn 0.9261 0.0243 0.3766
vn -0.9701 -0.1599 -0.1826
vn -0.8508 -0.0754 -0.5200
vn -0.5931 -0.0584 -0.8030
vn -0.8681 -0.0544 0.4935
vn -0.6635 -0.0113 0.7481
vn -0.9973 0.0724 -0.0104
vn -0.7690 -0.0552 -0.6368
vn -0.7847 -0.0314 -0.6191
vn -0.7401 -0.0230 -0.6722
vn -0.3111 -0.1148 0.9434
vn 0.2345 -0.0226 0.9718
vn 0.3030 -0.0780 -0.9498
vn -0.3706 -0.0235 -0.9285
vn -0.4975 -0.0397 -0.8666
vn 0.7870 0.0371 0.6159
vn -0.9604 -0.0284 -0.2772
vn -0.8278 -0.0172 -0.5607
vn -0.8833 0.0457 -0.4666
vn 0.9797 -0.0784 0.1844
vn 0.6899 0.0372 0.7230
vn 0.9940 -0.1010 0.0408
vn 0.9502 -0.1234 0.2860
vn 0.9859 -0.1638 -0.0350
vn 0.3411 0.0417 -0.9391
vn 0.1359 0.0559 -0.9891
vn 0.5086 0.0180 -0.8608
vn -0.6465 -0.0354 -0.7621
vn -0.7351 -0.0037 -0.6779
vn -0.3282 0.1093 -0.9383
vn -0.8906 0.2504 0.3796
vn -0.5572 0.2207 0.8005
vn -0.7754 0.2595 0.5757
vn -0.7083 0.0715 -0.7023
vn -0.7840 0.1226 -0.6085
vn -0.9555 0.2105 -0.2067
vn 0.1322 0.4433 -0.8866
vn -0.0217 0.1664 -0.9858
vn 0.2611 0.2782 -0.9243
vn 0.1747 0.0363 -0.9840
vn 0.0724 0.0334 -0.9968
vn 0.3884 0.0470 -0.9203
vn 0.7118 0.0531 0.7004
vn 0.7988 0.0703 0.5975
vn 0.6782 0.0717 0.7314
vn -0.9649 0.0619 0.2552
vn -0.5468 0.2035 0.8121
vn -0.6608 0.2299 0.7145
vn -0.6430 0.3514 0.6805
vn 0.9841 0.1668 -0.0614
vn 0.7717 -0.0108 -0.6358
vn 0.9312 -0.0017 -0.3645
vn 0.9964 -0.0834 -0.0175
vn -0.5421 0.1549 0.8259
vn -0.7185 0.2273 0.6574
vn -0.8697 0.2063 0.4483
vn -0.3654 0.2373 0.9001
vn -0.2270 0.1401 0.9638
vn 0.6825 0.1555 0.7141
vn 0.6491 0.1643 0.7427
vn 0.8569 0.2261 0.4632
vn 0.9911 -0.1284 0.0338
vn -0.9396 -0.1069 0.3251
vn -0.6170 -0.0603 0.7846
vn -0.7329 -0.0733 0.6763
vn -0.9479 0.2292 0.2215
vn -0.9684 0.1641 -0.1880
vn -0.8197 0.0281 -0.5721
vn -0.7774 0.0514 -0.6269
vn -0.8148 0.0345 -0.5788
vn -0.4512 0.0048 0.8924
vn -0.6715 0.0219 0.7407
vn -0.5730 -0.0501 0.8180
vn -0.8290 -0.0324 0.5583
vn -0.7109 -0.0778 0.6989
vn -0.8627 -0.0235 0.5051
vn -0.4591 0.0180 -0.8882
vn -0.4492 0.0233 -0.8931
vn 0.8976 -0.1238 -0.4231
vn 0.9335 -0.0724 -0.3513
vn 0.9020 -0.1229 -0.4138
vn 0.2425 0.2752 -0.9303
vn 0.1421 0.2746 -0.9510
vn 0.2589 0.1950 -0.9460
vn -0.5620 0.3931 -0.7277
vn 0.2364 0.3233 -0.9163
vn -0.0237 0.3216 -0.9466
vn -0.4578 0.0124 -0.8890
vn -0.7380 0.0670 -0.6714
vn 0.9318 -0.0869 0.3525
vn 0.9424 -0.0851 0.3235
vn 0.9732 0.0035 -0.2300
vn 0.9970 0.0576 0.0521
vn 0.8277 0.1429 0.5426
vn 0.9926 0.0783 0.0928
vn 0.2630 0.1366 0.9551
vn -0.3938 0.1214 0.9112
vn -0.3725 0.1953 0.9072
vn -0.4689 0.0550 -0.8815
vn -0.5153 0.0814 -0.8532
vn -0.5968 0.0995 -0.7962
vn 0.3663 -0.1421 0.9196
vn -0.2856 -0.1154 0.9514
vn 0.4729 -0.0922 0.8763
vn -0.8881 0.0299 -0.4587
vn -0.8333 0.0722 -0.5481
vn -0.9374 0.0281 -0.3471
vn -0.9990 0.0175 -0.0400
vn -0.7973 -0.0287 0.6029
vn -0.5327 -0.0488 0.8449
vn -0.9538 -0.0516 0.2959
vn -0.7293 -0.0743 0.6802
vn 0.9946 -0.0495 0.0916
vn 0.9193 -0.0183 -0.3931
vn -0.7051 -0.0793 0.7047
vn -0.8564 -0.0522 0.5137
vn 0.9240 0.0038 -0.3823
vn 0.8854 0.0028 -0.4649
vn -0.9209 -0.0075 0.3897
vn -0.9912 -0.1317 0.0144
vn -0.9310 -0.0879 -0.3541
vn -0.5747 -0.0287 -0.8178
vn 0.6767 0.0643 0.7335
vn -0.3739 -0.0425 -0.9265
vn -0.3560 0.0153 -0.9343
vn -0.6378 0.0448 -0.7689
vn 0.1342 0.1252 0.9830
vn -0.4461 -0.0333 0.8944
vn -0.9083 -0.0384 0.4166
vn -0.6752 -0.0197 0.7374
vn 0.9613 -0.0257 0.2745
vn 0.9303 0.0225 0.3661
vn 0.9647 -0.0268 0.2619
vn 0.8977 0.3547 -0.2612
vn 0.9307 0.2577 -0.2596
vn 0.8610 0.3950 -0.3203
vn 0.3987 0.1773 0.8998
vn 0.4504 0.2024 0.8696
vn 0.9356 0.0193 0.3525
vn 0.2870 -0.0285 0.9575
vn 0.5896 0.0063 0.8077
vn 0.7584 0.0534 0.6497
vn 0.4316 0.1531 0.8890
vn 0.3656 0.1680 0.9155
vn 0.9674 -0.0198 0.2525
vn 0.9723 -0.0349 0.2311
vn 0.9603 -0.0149 0.2786
vn 0.4966 0.0666 0.8654
vn 0.8132 0.5448 0.2048
vn 0.6971 0.6883 -0.2005
vn 0.8694 0.4927 0.0383
vn 0.0686 -0.0607 0.9958
vn -0.1382 -0.0407 0.9896
vn -0.7770 -0.0978 0.6219
vn -0.4935 -0.1267 0.8605
vn -0.6598 -0.0302 0.7509
vn -0.6991 0.1064 0.7071
vn -0.6207 0.0088 0.7840
vn -0.3126 -0.0447 -0.9488
vn -0.3243 -0.0716 -0.9433
vn -0.3012 -0.1056 -0.9477
vn -0.6442 -0.0503 0.7632
vn -0.6333 -0.0330 0.7732
vn 0.2651 0.2056 0.9421
vn 0.7891 0.1707 0.5901
vn 0.2986 0.1540 0.9419
vn -0.7722 -0.0350 -0.6345
vn 0.5003 0.1141 -0.8583
vn 0.8672 -0.0292 -0.4971
vn 0.9630 -0.0314 -0.2678
vn 0.9451 0.0225 0.3261
vn -0.8190 -0.0958 -0.5658
vn 0.4902 0.0648 0.8692
vn 0.4773 0.0203 0.8785
vn -0.5707 -0.0534 -0.8194
vn -0.4746 -0.0544 -0.8785
vn -0.7627 -0.0457 -0.6451
vn 0.6216 -0.0170 -0.7831
vn 0.6259 -0.0272 -0.7795
vn 0.7109 0.0116 -0.7032
vn -0.4355 -0.0960 -0.8951
vn -0.4925 -0.1172 -0.8624
vn -0.7824 -0.0928 0.6159
vn -0.9293 0.0308 0.3680
vn 0.7147 0.1924 0.6724
vn 0.7904 0.1596 0.5915
vn 0.7097 0.1249 0.6933
vn -0.9072 -0.0100 -0.4205
vn -0.9610 -0.0111 -0.2762
vn -0.9501 0.0028 -0.3118
vn -0.6553 -0.0079 -0.7553
vn -0.8170 0.0042 -0.5766
vn 0.4137 0.4330 -0.8009
vn -0.1106 0.3610 -0.9260
vn -0.1180 0.5414 -0.8324
vn 0.4282 0.0451 0.9026
vn 0.3904 0.0450 0.9195
vn -0.9763 0.0700 0.2049
vn -0.8750 0.0577 0.4807
vn -0.2039 -0.0250 0.9787
vn 0.5061 0.0645 0.8600
vn -0.2004 0.1320 0.9708
vn 0.8141 0.1624 0.5576
vn 0.2489 0.1792 0.9518
vn 0.7641 0.1875 0.6172
vn 0.4794 0.0533 0.8760
vn 0.5183 0.1364 0.8443
vn 0.5060 0.0545 0.8608
vn -0.9555 0.0060 -0.2949
vn -0.9553 0.0450 -0.2920
vn -0.9342 0.1391 0.3286
vn 0.4725 0.1130 -0.8741
vn 0.5133 0.0956 0.8529
vn 0.4595 0.0289 -0.8877
vn 0.5521 0.0183 -0.8335
vn 0.7037 0.0127 -0.7104
vn -0.3643 0.0901 0.9269
vn 0.0742 0.1099 0.9912
vn -0.3599 0.0832 0.9293
vn -0.8631 0.0441 0.5030
vn -0.6090 -0.0382 0.7923
vn 0.4845 0.0741 0.8717
vn 0.5071 0.0783 0.8583
vn 0.7174 0.2100 -0.6643
vn -0.9882 -0.0115 0.1526
vn -0.6358 -0.0653 0.7691
vn 0.1229 0.0493 -0.9912
vn 0.3501 0.0638 -0.9345
vn -0.9268 -0.0820 -0.3665
vn -0.8776 -0.0961 -0.4696
vn 0.3377 0.1032 -0.9356
vn 0.0693 0.0443 -0.9966
vn -0.0264 -0.0025 -0.9996
vn 0.0809 0.0281 -0.9963
vn 0.2730 0.0892 -0.9579
vn 0.8812 0.0048 -0.4727
vn 0.9220 -0.0045 -0.3871
vn 0.8647 -0.0039 -0.5023
vn 0.9538 0.0152 -0.3000
vn 0.8804 -0.0068 -0.4742
vn 0.9347 0.1909 0.2998
vn 0.8167 0.2039 -0.5398
vn 0.4307 0.0535 -0.9009
vn 0.7471 0.0281 -0.6641
vn 0.6485 0.0053 -0.7612
vn 0.8789 0.1262 0.4601
vn 0.5977 0.1613 0.7853
vn 0.9813 0.0668 0.1803
vn 0.1396 0.0610 -0.9883
vn 0.0322 0.0522 -0.9981
vn -0.0238 0.0616 -0.9978
vn -0.7840 0.1244 0.6081
vn -0.9874 0.0158 0.1575
vn -0.0329 0.0739 -0.9967
vn -0.8327 0.0627 0.5501
vn 0.8909 -0.0153 -0.4539
vn 0.7340 -0.0103 -0.6791
vn 0.8186 0.0637 0.5708
vn 0.0883 -0.0042 -0.9961
vn 0.0461 -0.0082 -0.9989
vn 0.3466 -0.0048 -0.9380
vn 0.7173 0.0360 -0.6958
vn 0.7471 0.0366 -0.6637
vn 0.7427 0.0390 -0.6684
vn 0.9699 0.0375 0.2406
vn 0.9538 0.0475 0.2967
vn 0.9991 0.0145 0.0404
vn 0.6717 0.0385 0.7398
vn 0.6711 0.0302 0.7408
vn 0.4833 0.4829 -0.7302
vn 0.3445 0.5785 -0.7394
vn 0.5873 0.0844 -0.8050
vn 0.6324 0.0701 -0.7715
vn 0.4889 0.1122 -0.8651
vn -0.0843 0.0390 -0.9957
vn -0.1540 0.0370 -0.9874
vn -0.0738 0.0513 -0.9960
vn -0.3572 0.4629 -0.8113
vn -0.3783 0.6319 -0.6764
vn 0.7631 0.2094 -0.6115
vn 0.1466 0.1770 -0.9732
vn 0.5643 0.2843 -0.7750
vn 0.9880 0.1446 0.0534
vn 0.9534 0.1525 0.2604
vn 0.8686 0.0555 0.4924
vn 0.6503 0.0485 -0.7582
vn 0.6339 0.0450 -0.7721
vn 0.5790 0.0338 -0.8146
vn 0.5702 0.0162 -0.8214
vn 0.5865 0.0003 -0.8100
vn 0.5959 0.0266 -0.8026
vn -0.6029 0.0442 -0.7966
vn -0.6816 0.0147 -0.7316
vn -0.7474 0.0331 -0.6635
vn -0.1532 -0.0240 -0.9879
vn 0.3860 0.0770 -0.9193
vn -0.0223 0.0123 -0.9997
vn 0.6613 0.0302 0.7495
vn 0.6528 0.0405 0.7565
vn 0.7063 0.0465 0.7064
vn 0.1742 0.2303 -0.9574
vn 0.3003 0.1964 -0.9334
vn 0.2212 0.4513 -0.8645
vn -0.0833 0.1940 -0.9775
vn 0.4299 0.2577 -0.8653
vn -0.9402 0.1462 0.3077
vn -0.9537 0.2287 -0.1951
vn -0.9053 0.1255 0.4059
vn -0.4999 0.0815 -0.8623
vn -0.3549 0.0858 -0.9310
vn -0.7735 0.0550 0.6314
vn -0.7277 0.0202 0.6856
vn 0.9023 -0.0070 -0.4310
vn -0.1181 0.1321 0.9842
vn 0.3189 0.1053 0.9419
vn -0.0567 0.1186 0.9913
vn -0.5607 0.0978 0.8222
vn 0.8763 0.2344 -0.4208
vn 0.9794 0.1695 0.1094
vn 0.9795 0.1803 0.0897
vn -0.7109 0.0918 -0.6973
vn -0.2273 0.6197 -0.7512
vn 0.3606 -0.0050 -0.9327
vn 0.5522 0.0223 -0.8334
vn -0.8219 0.3570 -0.4440
vn -0.8505 0.4059 -0.3345
vn -0.8627 0.4205 -0.2808
vn -0.5007 0.0704 0.8628
vn -0.4979 0.1578 0.8528
vn -0.5584 0.1204 0.8208
vn -0.9772 0.1766 -0.1175
vn -0.9732 0.2174 0.0749
vn -0.9330 0.2482 0.2606
vn -0.9361 0.2680 0.2279
vn 0.0001 0.1707 -0.9853
vn -0.1132 0.3056 -0.9454
vn 0.0279 0.1610 -0.9866
vn -0.7450 0.5140 -0.4253
vn -0.8483 0.3991 -0.3479
vn -0.7971 0.3447 -0.4958
vn 0.5907 0.0682 -0.8040
vn 0.5666 0.0782 -0.8202
vn 0.5740 0.0538 -0.8171
vn 0.5620 0.0272 -0.8267
vn 0.4539 -0.0625 -0.8888
vn -0.0800 -0.0678 0.9945
vn -0.0863 -0.0869 0.9925
vn 0.7854 -0.0947 0.6117
vn 0.5745 0.0044 0.8185
vn 0.6567 -0.0486 0.7526
vn 0.0914 0.0293 0.9954
vn -0.2138 -0.0169 -0.9767
vn 0.3855 0.0744 -0.9197
vn 0.2376 0.0445 -0.9703
vn -0.9848 0.0811 0.1537
vn -0.9676 0.0309 0.2504
vn 0.6731 0.0019 0.7395
vn 0.7047 -0.0507 0.7077
vn 0.7861 -0.0727 0.6138
vn 0.4146 0.1071 0.9037
vn 0.7358 0.0732 0.6733
vn 0.6353 0.0831 0.7678
vn 0.5360 0.0838 -0.8401
vn 0.5533 0.0733 -0.8297
vn 0.5106 0.0866 -0.8554
vn 0.4245 0.1489 -0.8931
vn 0.8769 0.2046 -0.4349
vn 0.7045 0.1876 -0.6845
vn 0.7681 -0.0517 0.6382
vn 0.3974 -0.0222 0.9174
vn 0.8251 -0.0520 -0.5626
vn -0.9576 0.1383 -0.2527
vn -0.6043 0.2489 -0.7569
vn -0.2112 0.1878 -0.9592
vn 0.9600 0.0429 0.2766
vn 0.6410 0.1614 -0.7504
vn 0.1330 -0.0181 0.9909
vn 0.2501 -0.0127 0.9681
vn -0.9805 0.1668 -0.1037
vn 0.7344 0.0713 -0.6750
vn 0.5452 0.1010 -0.8322
vn 0.1721 0.2219 -0.9598
vn 0.5710 0.2253 0.7895
vn 0.6058 0.1445 0.7824
vn -0.4618 0.0828 0.8831
vn -0.0099 -0.0880 -0.9961
vn -0.4511 -0.0440 -0.8914
vn -0.9047 0.0634 -0.4213
vn -0.5119 0.0122 -0.8589
vn 0.3653 -0.0342 -0.9303
vn 0.8883 -0.0297 0.4583
vn 0.9556 -0.0216 0.2939
vn 0.8828 -0.0086 -0.4697
vn 0.9909 0.0007 -0.1347
vn 0.6439 0.0098 -0.7651
vn -0.7158 0.1013 0.6909
vn -0.7734 0.1548 0.6147
vn -0.7640 0.1754 0.6209
vn -0.4079 0.0739 0.9100
vn 0.9897 -0.0896 0.1119
vn 0.9817 -0.0967 0.1640
vn 0.9623 -0.0528 -0.2667
vn -0.9737 0.1844 0.1338
vn -0.9546 0.2082 0.2131
vn -0.5567 0.1072 0.8238
vn -0.1529 0.1436 0.9777
vn -0.1519 0.1673 0.9741
vn 0.5728 0.5150 -0.6378
vn 0.6456 0.3594 -0.6739
vn 0.6883 0.4137 -0.5959
vn 0.7306 0.0410 -0.6816
vn 0.7236 0.0349 -0.6894
vn 0.7396 0.0410 -0.6718
vn 0.5588 0.0920 -0.8242
vn 0.4355 0.1290 -0.8909
vn 0.2641 0.1731 -0.9488
vn 0.4453 0.0996 0.8898
vn 0.4829 0.0889 0.8712
vn 0.7502 0.0794 0.6564
vn 0.3506 0.1159 0.9293
vn 0.7019 0.0953 0.7059
vn 0.5530 0.0443 -0.8320
vn 0.2498 0.1590 -0.9551
vn 0.7351 0.0517 -0.6760
vn 0.7461 0.0416 -0.6646
vn -0.7752 0.0405 -0.6304
vn -0.7180 0.0927 -0.6898
vn -0.5551 0.0653 -0.8292
vn -0.4791 0.0300 -0.8772
vn -0.3823 0.0021 -0.9240
vn -0.3557 -0.0438 -0.9336
vn 0.7203 0.0501 -0.6919
vn 0.7115 0.0505 -0.7009
vn 0.6108 0.0191 -0.7916
vn 0.3885 0.0480 -0.9202
vn 0.7221 0.0264 -0.6913
vn 0.7254 0.0438 -0.6869
vn 0.9689 0.2431 -0.0461
vn 0.9724 0.1597 0.1699
vn 0.9319 0.2334 -0.2775
vn 0.1077 0.0624 -0.9922
vn 0.5502 0.1637 -0.8188
vn 0.6041 0.2141 -0.7676
vn 0.7231 0.0778 -0.6864
vn 0.4553 0.1100 0.8835
vn 0.5113 0.1067 0.8527
vn 0.8003 0.2300 -0.5538
vn 0.8568 0.2461 -0.4532
vn 0.9932 -0.0056 -0.1163
vn 0.7503 0.0374 -0.6600
vn 0.7466 0.0475 -0.6636
vn -0.8088 0.0061 -0.5880
vn 0.2147 -0.0396 0.9759
vn 0.1967 -0.0488 0.9793
vn -0.0704 -0.0765 0.9946
vn -0.2007 -0.0311 0.9792
vn -0.4628 -0.1004 0.8808
vn 0.1688 -0.0711 0.9831
vn -0.7455 0.2964 -0.5970
vn -0.4919 0.1666 -0.8546
vn -0.3488 0.0171 -0.9370
vn -0.8329 0.0089 -0.5534
vn -0.8514 0.0872 -0.5173
vn -0.8055 0.1124 -0.5819
vn -0.6914 0.0157 -0.7223
vn -0.3583 -0.0485 0.9323
vn -0.1244 -0.0959 0.9876
vn 0.2459 -0.0893 0.9652
vn -0.4986 0.1627 0.8514
vn -0.7805 0.0957 0.6178
vn -0.9605 0.0171 0.2777
vn -0.2732 0.0457 -0.9609
vn -0.3230 0.0527 -0.9449
vn -0.3310 0.0805 -0.9402
vn 0.5665 0.0418 -0.8230
vn 0.5583 0.0482 -0.8283
vn -0.9674 0.2415 0.0767
vn -0.8801 0.2385 -0.4106
vn -0.8925 0.0049 0.4510
vn -0.7755 0.0531 0.6291
vn -0.9788 0.2047 0.0066
vn -0.7538 0.0523 -0.6550
vn -0.8050 0.0217 -0.5928
vn -0.7580 0.0448 -0.6508
vn 0.9425 0.0329 -0.3327
vn -0.6706 0.5594 -0.4872
vn -0.7523 0.4282 -0.5007
vn -0.5482 -0.0686 0.8335
vn -0.4785 -0.0515 0.8766
vn -0.9969 0.0591 0.0525
vn -0.9958 0.0858 0.0323
vn -0.9918 0.1094 -0.0655
vn -0.5993 -0.0100 0.8005
vn -0.5924 -0.0193 0.8054
vn -0.5827 -0.0215 0.8124
vn -0.6472 -0.0015 0.7623
vn 0.9901 -0.0973 0.1014
vn 0.9758 -0.1056 0.1916
vn 0.9893 -0.0922 0.1133
vn -0.9710 0.0340 0.2365
vn -0.8287 -0.0235 0.5592
vn -0.1036 -0.0416 0.9938
vn 0.1447 0.2024 -0.9686
vn 0.4736 0.1114 -0.8737
vn 0.4407 0.1390 -0.8868
vn -0.3743 -0.0126 -0.9272
vn -0.0771 0.0422 -0.9961
vn -0.6281 0.1372 0.7659
vn 0.7303 0.0571 0.6807
vn 0.6586 0.0614 0.7500
vn 0.8318 0.0504 0.5528
vn 0.7855 0.0513 -0.6168
vn 0.6643 -0.0239 -0.7471
vn 0.5872 -0.0218 -0.8091
vn 0.9988 -0.0459 -0.0187
vn 0.8759 -0.0943 0.4731
vn 0.2785 0.0455 -0.9594
vn 0.0510 0.0753 -0.9959
vn -0.0372 0.0249 -0.9990
vn 0.9842 -0.0171 -0.1762
vn 0.9652 0.0042 -0.2617
vn 0.9970 0.0362 0.0679
vn 0.9113 -0.0274 -0.4109
vn 0.7854 -0.0030 -0.6190
vn 0.9075 -0.0350 -0.4187
vn 0.6715 0.0573 0.7388
vn 0.7663 0.0531 0.6402
vn 0.9838 -0.0188 -0.1783
vn -0.6821 0.0386 -0.7303
vn -0.6488 0.0308 -0.7603
vn -0.7463 0.0158 -0.6654
vn -0.3281 0.1685 -0.9295
vn -0.3699 0.1142 -0.9220
vn 0.4518 0.2491 -0.8566
vn 0.1957 0.3460 -0.9176
vn 0.2702 0.2089 -0.9399
vn 0.3462 0.4004 -0.8484
vn 0.0602 -0.0405 0.9974
vn 0.1059 -0.1327 0.9855
vn 0.0356 -0.0046 0.9994
vn -0.9475 -0.0996 -0.3039
vn -0.4146 -0.0430 -0.9090
vn -0.9910 -0.1325 -0.0213
vn -0.7788 0.0461 0.6256
vn -0.8065 0.0396 0.5899
vn -0.6214 -0.0241 0.7831
vn 0.5822 0.0881 -0.8082
vn 0.5224 0.0925 -0.8477
vn 0.6178 0.0865 -0.7816
vn 0.3237 0.0387 -0.9454
vn 0.0294 0.0166 -0.9994
vn -0.6815 0.1078 -0.7239
vn -0.5718 -0.0046 0.8204
vn -0.5673 -0.0396 0.8226
vn 0.2818 0.1597 -0.9461
vn 0.1637 0.1977 -0.9665
vn 0.4777 0.1208 -0.8702
vn -0.1135 0.3899 -0.9139
vn -0.0294 0.1872 -0.9819
vn 0.0626 0.3226 -0.9445
vn 0.6641 0.0431 -0.7464
vn 0.5952 0.0335 -0.8029
vn 0.7096 0.0693 -0.7012
vn -0.6627 0.3010 -0.6857
vn -0.1774 0.2455 -0.9530
vn -0.0277 0.2369 -0.9711
vn -0.9628 0.2346 -0.1345
vn -0.8678 0.2501 -0.4294
vn -0.9498 0.1448 0.2774
vn 0.4018 0.0165 -0.9156
vn 0.5820 0.0264 -0.8128
vn 0.3241 0.0206 -0.9458
vn -0.5090 0.1010 -0.8548
vn -0.6857 0.0340 -0.7271
vn -0.6994 0.0413 -0.7135
vn 0.8970 -0.0082 -0.4420
vn 0.8884 0.0112 -0.4590
vn 0.9349 0.0921 0.3428
vn 0.7793 0.1539 0.6075
vn -0.7002 0.1294 0.7022
vn 0.9676 0.0447 -0.2486
vn 0.8770 0.0134 -0.4803
vn 0.8974 0.0334 -0.4400
vn -0.9496 0.0982 0.2977
vn -0.9855 0.0120 0.1693
vn -0.9854 0.0157 0.1697
vn -0.9184 -0.1026 -0.3821
vn -0.9057 -0.0749 -0.4172
vn -0.9316 -0.0699 -0.3566
vn -0.8686 -0.1029 -0.4847
vn -0.9924 -0.0224 0.1211
vn -0.8651 -0.0989 0.4918
vn -0.5239 0.0043 0.8518
vn -0.9753 -0.0244 0.2195
vn -0.9845 0.0170 0.1748
vn -0.7890 0.0497 0.6124
vn -0.9797 0.0101 0.2002
vn -0.9504 0.0241 0.3102
vn -0.9147 0.0325 0.4028
vn 0.0470 0.1878 0.9811
vn -0.7528 0.0727 0.6543
vn -0.8563 0.0374 0.5152
vn -0.3347 0.2181 0.9167
vn 0.1097 0.1478 0.9829
vn -0.3715 0.0304 0.9279
vn -0.8257 0.0702 0.5598
vn -0.4204 0.2774 0.8639
vn -0.6886 0.1555 0.7083
vn 0.0043 0.1619 0.9868
vn -0.0177 0.1737 0.9846
vn -0.3107 -0.1202 0.9429
vn -0.7933 -0.0827 0.6032
vn -0.7554 -0.0767 0.6508
vn -0.3833 0.2094 0.8996
vn -0.2782 0.3529 0.8933
vn 0.3129 0.0580 0.9480
vn 0.4462 0.0778 0.8916
vn -0.0403 -0.1376 0.9897
vn -0.1446 -0.2590 0.9550
vn 0.0154 -0.0348 0.9993
vn 0.1904 0.1561 0.9692
vn 0.4678 0.1330 0.8738
vn 0.5847 0.0537 0.8095
vn 0.8630 0.0198 0.5049
vn 0.3146 -0.0087 0.9492
vn 0.5858 0.2846 0.7589
vn 0.4587 0.2962 0.8378
vn 0.6675 0.1431 0.7307
vn 0.6563 0.1528 0.7388
vn 0.6411 0.1749 0.7473
vn 0.7656 0.0558 0.6409
vn 0.8035 0.0486 0.5934
vn -0.2902 0.1313 0.9479
vn 0.0458 0.1219 0.9915
vn -0.7638 -0.1893 0.6170
vn -0.7526 -0.1577 0.6393
vn 0.5285 -0.1969 0.8258
vn 0.6209 -0.0104 -0.7838
vn 0.7175 -0.0091 -0.6965
vn 0.9424 0.0743 -0.3262
vn 0.3661 0.0879 -0.9264
vn 0.7579 0.1730 0.6290
vn 0.2917 0.2022 0.9349
vn -0.6432 -0.0432 0.7645
vn 0.5234 0.0682 0.8494
vn -0.6436 0.0186 0.7651
vn 0.5319 0.1213 0.8381
vn 0.8161 0.0714 0.5735
vn -0.6245 0.0094 0.7810
vn -0.6319 -0.0126 0.7749
vn -0.6236 0.0037 0.7818
vn -0.6241 0.0221 0.7811
vn 0.9699 -0.0279 0.2420
vn 0.9399 0.0245 0.3405
vn 0.9447 0.0315 0.3264
vn 0.9099 0.0585 0.4107
vn 0.9363 0.0165 0.3508
vn 0.9568 0.0004 0.2908
vn 0.9631 -0.0190 0.2684
vn 0.7377 0.1983 0.6453
vn 0.7864 0.2957 0.5424
vn 0.8586 0.3126 0.4064
vn 0.9260 0.2100 0.3137
vn 0.6601 0.0097 0.7511
vn 0.1165 0.0373 0.9925
vn 0.7719 -0.0484 0.6339
vn 0.5003 0.0224 0.8656
vn 0.0003 0.1319 0.9913
vn -0.9320 0.1822 -0.3132
vn -0.5997 0.0591 -0.7980
vn -0.6048 0.0622 -0.7939
vn -0.7610 0.0875 -0.6428
vn -0.6153 0.0778 -0.7844
vn -0.9161 0.0596 0.3966
vn -0.0870 0.0251 0.9959
vn -0.5928 0.0336 0.8047
vn -0.4503 0.0324 0.8923
vn 0.1096 0.1072 0.9882
vn -0.0781 0.1230 0.9893
vn -0.1799 0.1381 0.9740
vn 0.3546 0.1166 0.9277
vn -0.6423 0.0711 -0.7631
vn -0.5944 0.0762 -0.8006
vn -0.6971 0.0948 -0.7107
vn -0.7240 0.0846 -0.6846
vn -0.9318 0.0529 -0.3591
vn -0.8757 0.0874 -0.4750
vn 0.9899 -0.0856 0.1134
vn 0.9896 -0.0890 -0.1128
vn -0.7233 0.1158 0.6808
vn -0.6653 0.1375 0.7338
vn -0.4575 0.1127 0.8820
vn -0.9385 0.3383 0.0696
vn -0.9016 0.4316 0.0292
vn -0.8302 0.3995 0.3887
vn -0.6560 0.1038 0.7476
vn -0.7369 0.2255 0.6373
vn 0.8576 -0.0586 0.5110
vn 0.9920 -0.0953 -0.0828
vn 0.9947 -0.0851 -0.0585
vn 0.9951 -0.0942 -0.0305
vn 0.9887 -0.1377 0.0588
vn 0.9815 -0.0560 0.1831
vn 0.8024 0.0264 0.5962
vn -0.4578 0.0119 -0.8890
vn -0.5871 0.0621 -0.8071
vn -0.1682 0.1703 -0.9709
vn -0.6293 0.2354 -0.7406
vn -0.5835 0.1884 -0.7899
vn -0.0354 0.1591 -0.9866
vn -0.8629 0.2657 -0.4299
vn -0.7951 0.2927 -0.5311
vn -0.2773 0.2881 -0.9166
vn -0.2241 -0.0520 -0.9732
vn 0.0127 0.2879 -0.9576
vn 0.1016 0.2234 -0.9694
vn 0.0192 0.2744 -0.9614
vn -0.6723 0.2354 -0.7019
vn -0.7051 0.2863 -0.6487
vn -0.7483 0.2223 -0.6250
vn -0.4834 0.2600 -0.8359
vn -0.7920 0.2401 -0.5613
vn -0.6191 0.5745 -0.5353
vn -0.5880 0.5964 -0.5464
vn -0.4596 0.6124 -0.6432
vn -0.7497 0.3030 -0.5884
vn -0.5537 0.5900 -0.5876
vn -0.7901 0.4913 -0.3666
vn -0.8043 0.5031 -0.3161
vn -0.7153 0.3823 -0.5850
vn -0.4808 0.6259 -0.6141
vn -0.5675 0.6115 -0.5514
vn 0.1736 -0.1160 -0.9780
vn 0.8558 -0.0123 -0.5172
vn 0.8501 -0.0822 -0.5202
vn -0.6389 0.5948 -0.4879
vn -0.5264 0.6275 -0.5738
vn 0.9970 -0.0569 -0.0529
vn 0.1460 -0.0961 -0.9846
vn 0.9793 -0.0157 -0.2017
vn -0.2297 -0.1086 -0.9672
vn -0.6605 -0.0042 -0.7508
vn -0.6272 0.1109 -0.7709
vn -0.0703 0.0521 -0.9962
vn -0.6864 0.1893 -0.7021
vn -0.8754 -0.0088 0.4834
vn -0.9910 0.0145 -0.1332
vn -0.9626 0.0067 0.2710
vn -0.9233 0.2250 -0.3114
vn -0.7462 0.2342 -0.6231
vn -0.9877 0.1217 0.0983
vn -0.1028 0.2556 -0.9613
vn 0.9211 0.0292 -0.3883
vn -0.8414 0.0392 -0.5391
vn -0.3952 0.0812 -0.9150
vn -0.8942 0.0351 -0.4463
vn -0.9706 -0.0223 0.2396
vn -0.3486 0.1221 -0.9293
vn -0.9630 0.2156 -0.1619
vn -0.8019 0.1473 -0.5790
vn -0.5159 0.0514 -0.8551
vn -0.5189 0.0896 -0.8501
vn -0.4290 0.0195 -0.9031
vn -0.5822 -0.1230 0.8037
vn -0.0886 -0.0736 0.9933
vn -0.0799 -0.0748 0.9940
vn -0.4117 -0.0567 -0.9095
vn -0.3099 -0.1302 -0.9418
vn -0.4001 -0.0855 -0.9125
vn -0.3752 0.0022 -0.9269
vn -0.9902 -0.1337 -0.0398
vn -0.4965 -0.1093 0.8611
vn -0.6688 -0.1882 0.7192
vn 0.9317 0.0401 0.3609
vn 0.9169 0.0263 0.3983
vn 0.9460 0.0183 0.3236
vn -0.8792 0.0031 -0.4764
vn -0.9650 0.0306 -0.2606
vn 0.4505 0.0891 0.8883
vn 0.4196 0.0690 0.9051
vn 0.4410 0.0980 0.8921
vn 0.5254 0.0724 0.8478
vn 0.5058 0.0837 0.8586
vn -0.3517 0.1643 0.9216
vn 0.1977 0.0783 0.9771
vn -0.6946 0.1983 0.6915
vn 0.7458 0.1666 0.6450
vn 0.4579 0.1035 0.8829
vn 0.4627 0.1006 0.8808
vn 0.7503 0.1741 0.6377
vn 0.0026 0.0452 -0.9990
vn 0.0816 0.0081 -0.9966
vn -0.0096 0.0461 -0.9989
vn -0.0439 0.0463 -0.9980
vn 0.0026 0.0708 -0.9975
vn 0.7741 -0.0051 -0.6331
vn 0.1897 0.0396 -0.9811
vn 0.9894 0.0188 0.1438
vn 0.9877 0.0270 0.1539
vn 0.9124 0.0791 0.4017
vn 0.9316 0.0472 0.3603
vn 0.8281 0.0983 0.5519
vn 0.8521 0.0859 0.5163
vn 0.6822 0.0551 0.7291
vn 0.7377 0.0640 0.6721
vn -0.6411 0.0314 -0.7668
vn -0.0864 0.1969 -0.9766
vn 0.5155 0.3712 -0.7723
vn 0.6316 0.2807 -0.7227
vn 0.2689 0.1355 -0.9536
vn 0.4703 0.1032 -0.8764
vn -0.5928 -0.0419 0.8043
vn -0.7240 -0.0717 0.6860
vn 0.1577 -0.0587 0.9857
vn 0.5589 0.0504 -0.8277
vn 0.5100 0.0817 -0.8563
vn -0.1932 0.1178 -0.9741
vn -0.7081 0.1902 -0.6800
vn -0.9702 0.2392 0.0373
vn -0.9451 0.2171 -0.2441
vn -0.0793 0.2476 -0.9656
vn 0.0059 0.1669 -0.9859
vn 0.1137 0.4888 -0.8649
vn -0.1865 0.5309 -0.8267
vn -0.1615 0.4918 -0.8556
vn -0.1962 0.5192 -0.8319
vn 0.0164 0.4245 -0.9053
vn 0.0281 0.1743 -0.9843
vn 0.0227 0.2458 -0.9691
vn 0.4151 0.2642 -0.8706
vn 0.7347 0.0318 -0.6777
vn 0.7301 0.0689 -0.6799
vn 0.6302 0.0455 -0.7751
vn 0.7270 0.0413 -0.6854
vn 0.7388 0.0361 -0.6730
vn 0.6871 0.0466 -0.7251
vn 0.7355 0.0413 -0.6763
vn 0.7289 0.0182 -0.6844
vn 0.7193 0.0182 -0.6945
vn -0.0416 0.0182 -0.9990
vn -0.3241 -0.0058 -0.9460
vn -0.3584 0.0342 -0.9329
vn 0.6218 0.0764 -0.7794
vn 0.1502 0.0116 -0.9886
vn -0.7775 0.0021 -0.6289
vn -0.7679 0.0233 -0.6402
vn -0.7672 0.0150 -0.6412
vn 0.8819 0.0022 -0.4714
vn 0.8822 0.0194 -0.4705
vn 0.8582 0.0101 -0.5132
vn 0.8751 0.0039 -0.4840
vn 0.2469 0.2137 0.9452
vn 0.6372 0.1915 0.7465
vn -0.1948 0.1831 0.9636
vn -0.1726 0.1923 0.9660
vn 0.3297 0.2163 0.9190
vn 0.9945 0.0557 0.0890
vn -0.8180 0.0795 0.5697
vn -0.4980 0.1420 0.8555
vn -0.9054 0.0450 0.4221
vn -0.3569 0.1808 0.9165
vn 0.9936 -0.0294 0.1091
vn -0.9544 0.0330 0.2967
vn -0.9368 -0.0742 -0.3419
vn -0.9981 -0.0610 0.0021
vn -0.9161 -0.0791 0.3930
vn -0.8737 -0.0196 0.4861
vn -0.8955 0.0167 0.4448
vn 0.9780 0.1563 0.1383
vn 0.9961 0.0878 0.0010
vn 0.9832 0.1067 0.1481
vn -0.8363 0.0441 0.5465
vn -0.5245 0.0951 0.8461
vn -0.3126 0.0243 0.9496
vn -0.5554 -0.0624 0.8292
vn -0.3946 -0.0575 0.9171
vn -0.7940 -0.0589 0.6051
vn -0.4758 -0.0477 0.8783
vn -0.4487 0.0847 0.8896
vn -0.5360 -0.0498 0.8428
vn 0.6044 0.0327 0.7960
vn 0.5291 0.0463 0.8473
vn 0.7765 0.0547 0.6278
vn 0.8030 0.0507 0.5938
vn 0.6781 0.0750 0.7311
vn 0.6020 0.0697 0.7954
vn -0.3601 0.0027 0.9329
vn 0.4140 -0.0502 0.9089
vn 0.5648 -0.0506 0.8237
vn -0.6478 0.1125 0.7534
vn -0.5448 0.1570 0.8237
vn 0.9115 0.0557 -0.4076
vn 0.9854 0.1404 0.0959
vn 0.4888 0.0252 -0.8721
vn 0.3708 0.0446 -0.9276
vn 0.3767 0.0429 -0.9253
vn 0.5272 0.0165 -0.8496
vn 0.9305 0.0561 -0.3619
vn 0.9960 0.0870 0.0191
vn -0.7378 -0.1924 0.6470
vn 0.9160 0.0528 0.3976
vn -0.0548 0.1099 0.9924
vn -0.3777 0.0643 0.9237
vn -0.6121 0.0266 0.7903
vn 0.5699 0.1174 0.8133
vn -0.5937 0.0453 0.8034
vn -0.5054 0.0699 0.8601
vn -0.6357 0.2032 0.7447
vn 0.9637 -0.0018 0.2670
vn 0.8695 0.0856 0.4864
vn 0.9037 0.0582 0.4242
vn 0.8252 0.0428 0.5633
vn 0.8308 0.4593 -0.3143
vn 0.7468 0.2772 -0.6045
vn 0.7661 0.4268 -0.4805
vn 0.6821 0.5123 -0.5219
vn 0.5212 0.5829 -0.6234
vn 0.4007 0.5461 -0.7357
vn 0.9347 0.3205 0.1533
vn 0.9463 0.3028 0.1130
vn 0.6207 0.4819 -0.6184
vn 0.7922 0.3371 -0.5087
vn 0.8002 0.4142 -0.4336
vn 0.6843 0.2944 0.6671
vn 0.4895 0.1664 0.8560
vn 0.7190 0.3901 0.5753
vn 0.8372 0.4345 0.3321
vn 0.8024 0.5846 -0.1199
vn 0.8307 0.4229 -0.3621
vn 0.7565 0.4803 -0.4438
vn 0.8060 0.4419 -0.3937
vn 0.8519 0.3943 -0.3448
vn 0.9409 0.3241 -0.0986
vn 0.9210 0.3218 -0.2196
vn 0.7757 0.4542 0.4382
vn 0.5013 0.1616 0.8500
vn 0.7315 0.1413 0.6670
vn 0.4322 0.1715 0.8853
vn 0.8538 0.4461 0.2685
vn 0.9105 0.3203 0.2615
vn 0.9308 0.2438 0.2722
vn 0.7322 0.4844 0.4788
vn 0.5429 0.3267 0.7736
vn 0.6523 0.6235 0.4310
vn 0.8516 0.3657 -0.3755
vn 0.6456 0.2776 -0.7114
vn 0.6612 0.3154 -0.6807
vn 0.5398 0.6511 0.5335
vn 0.8027 0.3939 -0.4479
vn 0.8292 0.4656 -0.3092
vn 0.6438 0.5361 -0.5461
vn 0.4489 -0.0074 0.8935
vn 0.6787 -0.0624 0.7318
vn -0.6721 0.2773 0.6865
vn -0.2006 0.1749 0.9639
vn -0.8362 0.2820 0.4704
vn -0.9288 0.2767 0.2463
vn -0.6216 0.2908 0.7274
vn 0.7559 -0.0273 0.6541
vn 0.5135 -0.0000 0.8581
vn -0.9497 0.2043 -0.2376
vn -0.9639 0.2509 0.0889
vn 0.6716 0.0105 0.7408
vn 0.7837 -0.0250 0.6207
vn 0.7372 -0.0262 0.6752
vn 0.8212 -0.0109 0.5705
vn -0.6297 0.0723 -0.7735
vn -0.7773 0.1001 -0.6212
vn -0.6011 0.0928 0.7937
vn -0.5791 0.0759 -0.8117
vn -0.5520 -0.0609 0.8316
vn 0.3280 -0.1161 0.9375
vn -0.8003 0.5510 -0.2366
vn -0.9130 0.3647 -0.1828
vn -0.9051 0.3954 0.1565
vn -0.9188 0.2797 -0.2785
vn -0.9062 0.4218 0.0306
vn -0.6789 0.1769 0.7126
vn -0.6910 0.2505 0.6780
vn -0.6683 0.3048 0.6786
vn 0.6472 -0.0727 0.7588
vn -0.1939 0.2125 0.9577
vn 0.3701 0.0678 0.9265
vn -0.9784 0.2063 -0.0147
vn -0.8691 0.2313 0.4371
vn -0.9222 0.2522 0.2931
vn 0.0125 0.1675 0.9858
vn -0.9617 0.2241 -0.1577
vn -0.7991 0.2514 0.5461
vn -0.9692 0.2413 0.0492
vn 0.0793 0.5434 -0.8357
vn -0.0734 0.6386 -0.7661
vn -0.0179 0.5806 -0.8140
vn 0.1093 0.5994 -0.7930
vn 0.0967 0.5875 -0.8035
vn 0.2460 0.3728 -0.8947
vn -0.8928 0.3827 -0.2377
vn -0.9010 0.3766 -0.2151
vn -0.8632 0.4190 -0.2816
vn -0.6673 0.2798 -0.6902
vn -0.8268 0.4404 -0.3499
vn 0.5437 -0.1022 -0.8330
vn -0.9775 0.1812 0.1082
vn -0.9735 0.1897 -0.1276
vn -0.9780 0.1458 0.1490
vn -0.9891 0.1463 0.0147
vn -0.9674 0.0390 -0.2501
vn -0.9804 0.0265 -0.1951
vn -0.9170 0.0217 -0.3983
vn -0.9943 0.0009 -0.1064
vn -0.6862 -0.0819 0.7228
vn -0.8026 0.0051 0.5965
vn -0.9251 0.0467 0.3768
vn 0.3888 0.1808 -0.9034
vn -0.3457 0.2388 -0.9075
vn -0.7834 -0.0515 0.6194
vn -0.9607 0.1867 -0.2054
vn -0.9589 0.1030 0.2645
vn 0.9966 -0.0487 -0.0672
vn -0.7884 0.0456 -0.6135
vn -0.6462 0.0823 -0.7587
vn -0.8300 0.1546 -0.5358
vn -0.9718 0.2261 -0.0664
vn -0.9417 0.2523 0.2224
vn -0.9606 0.2004 -0.1925
vn -0.6723 0.1046 -0.7329
vn -0.6918 0.1233 -0.7115
vn -0.5476 0.0769 -0.8332
vn -0.7879 0.1323 -0.6014
vn -0.4130 0.0553 -0.9091
vn -0.3467 0.0886 -0.9338
vn -0.6569 0.0714 -0.7506
vn -0.5065 0.0940 -0.8571
vn -0.6059 0.0805 -0.7914
vn -0.6878 0.0747 -0.7220
vn -0.3974 0.1158 -0.9103
vn -0.5535 0.0901 -0.8280
vn -0.3550 0.1160 -0.9276
vn -0.9515 -0.1793 0.2500
vn 0.3780 -0.0118 0.9257
vn 0.0797 -0.0456 0.9958
vn 0.4342 -0.0088 0.9008
vn 0.8558 0.0416 0.5157
vn 0.8604 0.0428 0.5078
vn 0.8114 0.0419 0.5830
vn 0.7566 0.0268 0.6533
vn -0.4488 -0.0601 -0.8916
vn -0.0726 0.1458 0.9867
vn -0.4021 -0.0801 -0.9121
vn -0.3564 -0.0731 -0.9315
vn 0.4944 0.0740 0.8661
vn 0.4088 0.0841 0.9087
vn 0.3640 0.0814 0.9278
vn -0.8558 0.0038 -0.5173
vn 0.3397 0.0827 0.9369
vn -0.7311 0.1833 0.6572
vn -0.9938 0.1106 0.0109
vn 0.8904 0.2389 0.3874
vn 0.9074 0.2472 -0.3399
vn 0.9522 0.2559 -0.1666
vn -0.0040 0.0295 -0.9996
vn -0.0247 0.0706 -0.9972
vn 0.8847 -0.0391 -0.4646
vn 0.4537 0.0292 -0.8907
vn 0.9331 0.0584 0.3549
vn 0.8133 0.0727 0.5772
vn 0.7306 0.0323 0.6821
vn 0.7309 0.0510 0.6806
vn 0.8763 0.0523 0.4789
vn 0.8570 0.0678 0.5109
vn 0.9981 0.0144 0.0598
vn 0.9995 -0.0000 -0.0321
vn 0.9202 0.2866 -0.2665
vn 0.8359 0.0665 0.5448
vn 0.9737 0.1401 0.1794
vn 0.9474 0.1605 0.2768
vn 0.9388 0.2506 -0.2364
vn -0.7693 -0.0054 -0.6388
vn -0.7558 0.0094 -0.6547
vn -0.7752 0.0064 -0.6316
vn -0.7763 0.0084 -0.6304
vn 0.3542 0.1393 -0.9247
vn 0.4852 0.2608 -0.8346
vn 0.5018 0.5722 -0.6486
vn 0.2403 0.0761 -0.9677
vn 0.3277 0.1086 -0.9385
vn 0.3217 0.5480 -0.7721
vn -0.2251 0.6449 -0.7303
vn 0.0816 0.4487 -0.8900
vn 0.1726 0.0884 -0.9810
vn 0.1059 0.1840 -0.9772
vn 0.2139 0.5585 -0.8014
vn 0.2187 0.4145 -0.8834
vn 0.2456 0.4012 -0.8825
vn 0.3123 0.4437 -0.8400
vn -0.4589 0.6436 -0.6125
vn 0.3462 0.5869 -0.7319
vn 0.7061 0.5113 -0.4899
vn 0.3789 0.5295 -0.7590
vn 0.3770 0.4401 -0.8149
vn 0.2202 0.5722 -0.7900
vn 0.2483 0.5065 -0.8257
vn 0.2861 0.5838 -0.7598
vn 0.2464 0.5574 -0.7928
vn 0.3634 0.5845 -0.7255
vn 0.3415 0.5885 -0.7328
vn 0.1671 0.6500 -0.7413
vn 0.3245 0.5637 -0.7595
vn 0.2688 0.5646 -0.7803
vn 0.1990 0.6707 -0.7145
vn -0.7390 0.4606 -0.4918
vn -0.4327 0.4181 -0.7988
vn -0.9022 -0.0719 0.4253
vn -0.7507 0.5275 -0.3977
vn -0.6121 0.3850 -0.6907
vn 0.4120 0.0666 -0.9088
vn 0.1217 -0.0928 0.9882
vn -0.2535 -0.0377 0.9666
vn -0.3248 -0.0306 0.9453
vn -0.8060 0.0604 0.5889
vn 0.5718 0.0372 -0.8196
vn 0.5650 0.0465 -0.8238
vn 0.4699 -0.0021 -0.8827
vn -0.5631 -0.0294 0.8259
vn -0.4773 -0.0424 0.8777
vn -0.9817 0.1611 0.1011
vn -0.9836 0.1789 0.0227
vn 0.6807 0.0336 -0.7318
vn 0.7162 0.0671 -0.6947
vn 0.5971 0.0524 -0.8005
vn -0.4023 0.1998 -0.8934
vn 0.6653 0.0460 -0.7451
vn -0.5832 0.0231 -0.8120
vn -0.7434 0.0096 -0.6688
vn -0.7113 0.0090 -0.7028
vn -0.5003 0.0729 -0.8628
vn 0.8393 0.0108 -0.5436
vn 0.8624 0.0224 -0.5057
vn 0.8513 0.0157 -0.5244
vn 0.9308 -0.0002 -0.3655
vn -0.9997 0.0036 0.0259
vn -0.9970 0.0083 0.0772
vn -0.8618 0.0720 0.5021
vn -0.7825 0.1076 0.6133
vn -0.9890 -0.0317 -0.1445
vn -0.6570 -0.0572 0.7517
vn 0.0734 -0.1307 0.9887
vn 0.5564 -0.1523 0.8168
vn -0.7469 -0.0448 0.6635
vn -0.2582 -0.0726 0.9634
vn -0.9243 -0.0057 0.3815
vn -0.9501 0.0201 0.3113
vn -0.8786 -0.0782 -0.4712
vn 0.9666 0.0724 -0.2459
vn 0.9580 0.1518 0.2432
vn 0.9769 0.1148 0.1805
vn -0.4527 0.1235 0.8831
vn 0.6456 0.1698 0.7446
vn 0.8833 0.0567 -0.4653
vn 0.9406 0.0442 -0.3366
vn 0.7855 0.0323 -0.6180
vn -0.9697 0.0135 0.2439
vn -0.8939 0.0479 0.4457
vn -0.9177 0.0291 0.3961
vn 0.2147 0.1760 0.9607
vn 0.7664 0.0210 -0.6420
vn 0.6368 0.0168 -0.7709
vn 0.9919 0.1195 0.0439
vn 0.8667 0.0410 -0.4971
vn 0.9945 0.0923 0.0498
vn 0.6238 0.1779 0.7610
vn 0.0425 0.1703 0.9845
vn 0.2913 0.1810 0.9394
vn -0.9681 0.0191 0.2497
vn -0.4534 -0.0057 0.8913
vn 0.2727 0.0144 0.9620
vn 0.1222 -0.0088 0.9925
vn -0.1956 -0.0136 0.9806
vn 0.2106 -0.1166 0.9706
vn 0.6333 0.0142 -0.7738
vn 0.9608 0.1035 0.2571
vn -0.6683 0.0877 0.7387
vn -0.4516 0.0712 0.8894
vn -0.6903 0.0742 0.7197
vn 0.5700 0.0105 -0.8216
vn 0.4642 0.0309 -0.8852
vn 0.7438 0.0335 0.6675
vn -0.4578 0.0161 0.8889
vn 0.0041 0.0058 1.0000
vn 0.7263 -0.0215 0.6871
vn -0.8761 0.1435 -0.4603
vn -0.6967 0.0796 -0.7130
vn -0.9905 0.0404 0.1318
vn -0.6003 0.1149 0.7915
vn -0.9294 0.0621 0.3638
vn -0.9668 0.0404 0.2524
vn -0.8420 0.0459 0.5374
vn -0.8873 0.0502 0.4584
vn -0.7944 0.0994 0.5992
vn -0.9372 0.0571 0.3439
vn -0.7265 0.0915 -0.6811
vn -0.9953 0.0022 0.0964
vn -0.9511 -0.0593 0.3031
vn -0.5979 -0.0451 0.8003
vn 0.8269 -0.1125 0.5509
vn 0.8183 -0.1138 0.5634
vn -0.2281 -0.0999 0.9685
vn 0.1933 -0.0705 0.9786
vn 0.9158 -0.0991 0.3892
vn 0.9911 -0.1093 -0.0756
vn 0.9421 -0.0336 0.3336
vn 0.9842 -0.1041 -0.1433
vn -0.3184 0.1948 0.9277
vn -0.7879 -0.2339 -0.5697
vn -0.9879 -0.1553 -0.0001
vn -0.2817 0.1850 -0.9415
vn -0.8292 0.1404 -0.5410
vn -0.7078 0.1643 -0.6871
vn -0.3026 0.1570 -0.9401
vn -0.8787 0.4065 -0.2505
vn -0.7795 0.5232 -0.3445
vn 0.9886 -0.0713 -0.1323
vn 0.9800 -0.0627 -0.1890
vn 0.9949 -0.0685 -0.0747
vn 0.2831 -0.1068 -0.9531
vn -0.8963 0.0600 -0.4394
vn 0.1306 -0.0678 -0.9891
vn -0.5333 -0.0616 -0.8437
vn -0.8055 0.0229 -0.5922
vn -0.8646 -0.0294 0.5016
vn -0.6659 -0.0711 0.7427
vn -0.7279 -0.0657 0.6825
vn -0.9345 0.0061 0.3558
vn -0.9779 0.0082 0.2087
vn -0.6721 -0.1035 0.7332
vn -0.7854 -0.0507 0.6169
vn -0.7027 0.3040 -0.6433
vn 0.5174 -0.1082 -0.8489
vn 0.7811 -0.0582 -0.6217
vn 0.7958 -0.0825 -0.6000
vn 0.9738 0.0266 -0.2256
vn 0.6044 0.0720 -0.7934
vn 0.6474 0.0541 -0.7603
vn -0.7477 -0.0306 0.6633
vn -0.7558 -0.0148 0.6547
vn -0.8311 -0.0126 0.5560
vn 0.3156 -0.0603 -0.9470
vn 0.0066 -0.0564 -0.9984
vn -0.4172 -0.0400 -0.9079
vn 0.9956 0.0390 0.0847
vn 0.9445 0.0217 -0.3277
vn 0.9956 -0.0862 -0.0354
vn 0.5306 -0.0541 -0.8459
vn 0.9960 -0.0776 -0.0454
vn 0.0788 -0.0459 -0.9958
vn -0.8760 0.1455 -0.4598
vn 0.8610 0.0280 0.5079
vn -0.9594 0.1558 0.2351
vn -0.0010 0.1310 0.9914
vn -0.3386 -0.0017 -0.9409
vn -0.7868 -0.1032 -0.6085
vn -0.4326 -0.0027 -0.9016
vn -0.6151 0.2076 0.7606
vn -0.9776 0.1416 0.1558
vn -0.4828 -0.0422 -0.8747
vn 0.7491 0.2035 0.6304
vn 0.9164 0.2340 0.3247
vn 0.6527 0.1910 -0.7331
vn -0.0403 -0.0031 -0.9992
vn 0.9558 0.2661 -0.1248
vn 0.9562 0.2823 -0.0777
vn 0.7745 0.2357 -0.5870
vn -0.0311 -0.0017 -0.9995
vn -0.0286 -0.0090 -0.9996
vn -0.0732 0.0126 -0.9972
vn -0.0607 -0.0320 -0.9976
vn 0.4136 0.1325 -0.9008
vn 0.3284 0.1067 -0.9385
vn 0.4514 0.1510 -0.8794
vn 0.1451 0.0631 -0.9874
vn 0.0478 0.0389 -0.9981
vn 0.9849 -0.0124 -0.1726
vn 0.5129 0.0083 -0.8584
vn 0.6463 0.0139 -0.7629
vn 0.7564 0.0226 -0.6537
vn 0.7725 0.0536 0.6327
vn 0.6919 0.0292 0.7214
vn 0.6850 0.0375 0.7275
vn 0.8314 0.0469 0.5537
vn 0.9443 0.0532 0.3248
vn 0.8890 0.0565 0.4545
vn 0.9903 0.0321 0.1348
vn 0.8544 0.2335 -0.4643
vn -0.5278 0.0856 -0.8450
vn -0.0610 0.1670 -0.9841
vn 0.4138 0.2540 -0.8742
vn -0.7635 0.0096 -0.6458
vn 0.8235 0.4174 -0.3843
vn 0.8726 0.4130 -0.2608
vn 0.6695 0.5280 -0.5225
vn -0.5978 -0.0336 0.8009
vn -0.6192 -0.0565 0.7832
vn -0.5527 -0.0436 0.8322
vn 0.4266 0.0292 -0.9040
vn 0.6108 0.0166 -0.7916
vn 0.6277 0.0384 -0.7775
vn 0.6012 0.0346 -0.7983
vn 0.3823 0.0438 -0.9230
vn 0.1354 0.0631 -0.9888
vn -0.1383 -0.0186 -0.9902
vn 0.2137 0.0539 -0.9754
vn 0.2368 0.0196 -0.9714
vn -0.2734 0.0035 0.9619
vn -0.5479 -0.0571 0.8346
vn -0.4491 -0.0367 0.8927
vn -0.6849 -0.0062 0.7286
vn -0.0708 0.0002 0.9975
vn -0.2180 0.0210 0.9757
vn 0.1818 0.1119 0.9769
vn -0.3529 0.2876 -0.8904
vn -0.6333 -0.0466 0.7725
vn -0.7201 -0.0103 0.6938
vn -0.6477 -0.0557 0.7598
vn -0.5498 -0.0320 0.8347
vn -0.5167 -0.0044 0.8561
vn -0.0937 0.0789 0.9925
vn -0.1335 0.0933 0.9867
vn 0.2936 0.0434 -0.9550
vn 0.6332 0.0607 -0.7716
vn 0.5875 0.0459 -0.8079
vn -0.2090 -0.0088 0.9779
vn 0.7178 0.0680 -0.6929
vn -0.7096 0.2764 -0.6481
vn 0.7522 0.0409 -0.6576
vn 0.7522 0.0406 -0.6576
vn 0.3570 0.0119 -0.9340
vn 0.9457 0.1138 0.3044
vn 0.9101 0.1295 0.3936
vn 0.8939 0.0241 -0.4477
vn 0.9057 0.0037 -0.4239
vn 0.9860 0.0326 -0.1638
vn -0.9927 -0.0473 -0.1110
vn -0.9373 0.0710 0.3413
vn -0.9866 0.0111 0.1629
vn -0.9895 0.0153 0.1438
vn -0.9863 0.0203 0.1639
vn -0.9901 0.0149 0.1395
vn -0.4757 -0.0786 0.8761
vn -0.2857 -0.0688 0.9558
vn 0.5066 -0.1223 0.8535
vn -0.6633 -0.0334 0.7476
vn -0.7377 -0.0449 0.6736
vn -0.2162 -0.0942 0.9718
vn -0.9672 0.0078 0.2540
vn 0.5162 -0.1016 0.8504
vn 0.8836 -0.0450 0.4660
vn 0.4537 -0.1149 0.8837
vn -0.9811 0.0057 0.1933
vn -0.9653 -0.0121 0.2609
vn -0.8661 -0.0277 0.4991
vn -0.9876 0.0084 0.1569
vn -0.9946 -0.0479 -0.0916
vn 0.3873 0.0557 -0.9203
vn 0.9441 0.0690 -0.3224
vn 0.9754 0.0713 -0.2084
vn 0.9534 0.1385 0.2679
vn 0.7775 0.1884 0.6000
vn -0.7593 0.0660 0.6474
vn -0.3288 0.1316 0.9352
vn 0.3407 0.1255 0.9318
vn -0.7108 0.1673 0.6832
vn 0.8551 0.0690 0.5139
vn 0.8567 0.0533 0.5130
vn 0.9225 0.0470 0.3831
vn 0.2599 0.1249 0.9575
vn 0.9601 0.1021 0.2604
vn 0.6150 0.1088 0.7810
vn -0.1540 0.1049 0.9825
vn 0.2467 0.1218 0.9614
vn 0.6443 0.1199 0.7553
vn -0.4186 0.1083 0.9017
vn 0.9394 0.0089 0.3428
vn 0.4001 -0.0221 0.9162
vn -0.2805 0.0245 0.9595
vn 0.4743 -0.0093 0.8803
vn -0.6529 0.0432 0.7562
vn -0.9580 0.0411 0.2840
vn -0.9557 0.0450 0.2908
vn -0.9497 0.0121 0.3131
vn -0.8221 0.0305 0.5685
vn -0.8606 0.0665 -0.5048
vn -0.6402 0.0871 -0.7633
vn -0.9562 0.0290 0.2914
vn -0.9938 0.0530 -0.0979
vn -0.7038 -0.0584 0.7080
vn 0.9631 -0.1124 0.2444
vn 0.9927 -0.1135 -0.0403
vn 0.9900 -0.1269 -0.0613
vn 0.3808 0.1328 0.9151
vn 0.9335 0.0068 0.3585
vn 0.6709 0.0026 0.7416
vn 0.0397 0.1696 0.9847
vn -0.5430 0.2145 0.8119
vn 0.6880 -0.1421 0.7117
vn 0.9923 -0.1200 0.0303
vn -0.3977 0.2315 -0.8878
vn -0.9026 0.4008 -0.1569
vn -0.8866 0.4546 0.0854
vn -0.1741 0.2767 0.9451
vn -0.5445 0.0165 -0.8386
vn -0.9762 0.1973 -0.0901
vn -0.9417 0.1459 -0.3033
vn -0.9823 0.1588 0.0989
vn -0.3650 0.1020 -0.9254
vn -0.1100 0.0505 -0.9926
vn 0.1741 0.0154 -0.9846
vn 0.8363 -0.0937 -0.5402
vn 0.9654 -0.1191 -0.2320
vn 0.7560 -0.0784 -0.6499
vn 0.9916 -0.0672 -0.1105
vn 0.8203 -0.0837 -0.5658
vn -0.8271 0.0319 -0.5611
vn -0.5882 0.0844 -0.8043
vn -0.4466 0.1031 -0.8888
vn -0.5713 0.0877 -0.8160
vn -0.6290 0.0746 -0.7739
vn -0.7208 0.0701 -0.6895
vn -0.4387 0.1026 -0.8928
vn -0.3120 0.1092 -0.9438
vn -0.5757 0.0581 -0.8156
vn -0.4861 0.0799 -0.8702
vn -0.7615 -0.0756 -0.6438
vn -0.8035 -0.0881 -0.5888
vn -0.8167 -0.0764 -0.5719
vn -0.9981 0.0107 0.0600
vn -0.9680 -0.0092 -0.2509
vn -0.8877 0.0252 -0.4598
vn -0.8087 0.0362 -0.5871
vn -0.4388 0.0271 -0.8982
vn -0.3764 0.0290 -0.9260
vn -0.8086 -0.1430 -0.5707
vn -0.3827 0.0274 -0.9234
vn 0.3508 0.1241 0.9282
vn -0.7204 0.0214 -0.6932
vn -0.4682 -0.0265 -0.8832
vn -0.8455 0.0261 -0.5333
vn 0.5120 0.0768 0.8555
vn 0.4916 0.0853 0.8667
vn 0.0818 0.1429 0.9864
vn 0.2935 0.1174 0.9487
vn -0.9842 0.0998 0.1466
vn -0.9432 0.0624 -0.3263
vn -0.8889 0.1390 0.4364
vn -0.3264 0.1829 0.9274
vn -0.5623 0.1590 0.8115
vn -0.9125 0.0439 -0.4067
vn -0.6681 -0.0441 -0.7427
vn -0.9740 0.0873 -0.2092
vn -0.9733 0.1525 -0.1713
vn -0.6678 0.0210 -0.7441
vn -0.5019 -0.0006 -0.8649
vn -0.2371 0.0201 -0.9713
vn -0.5302 0.0192 -0.8477
vn -0.0050 0.1545 0.9880
vn -0.2452 0.0293 -0.9690
vn -0.3446 0.0151 -0.9386
vn -0.3027 0.0669 -0.9507
vn -0.9954 0.0918 -0.0269
vn -0.9468 0.1238 0.2972
vn -0.8907 0.1596 0.4257
vn -0.2104 -0.0209 -0.9774
vn -0.7450 0.1666 0.6459
vn -0.8938 -0.1680 0.4159
vn -0.3853 0.0110 -0.9227
vn -0.3868 -0.0295 -0.9217
vn -0.4888 -0.0168 -0.8723
vn -0.4532 -0.1119 0.8844
vn -0.9313 -0.1503 0.3318
vn -0.2782 -0.0516 0.9591
vn -0.8755 -0.1331 -0.4646
vn 0.9121 0.2328 0.3375
vn 0.8314 0.2191 0.5107
vn 0.9687 0.2479 0.0149
vn 0.8600 0.1879 0.4744
vn 0.7807 0.1842 0.5971
vn 0.5714 0.1439 0.8079
vn -0.0528 0.0273 -0.9982
vn 0.2686 0.0268 -0.9629
vn 0.6187 0.0246 -0.7852
vn -0.0234 0.0538 -0.9983
vn -0.1017 0.0659 -0.9926
vn -0.0820 0.0645 -0.9945
vn -0.0423 0.0461 -0.9980
vn 0.8721 -0.0244 -0.4887
vn 0.7906 0.0551 0.6099
vn 0.6809 0.0481 0.7308
vn 0.6566 0.0516 0.7525
vn 0.9993 0.0292 0.0246
vn 0.5501 0.2475 -0.7976
vn 0.9397 0.2204 -0.2615
vn -0.9750 -0.0415 -0.2183
vn -0.6421 -0.0919 0.7611
vn 0.6414 0.0673 -0.7643
vn 0.6547 0.0846 -0.7512
vn 0.6191 0.0905 -0.7800
vn 0.6375 0.0464 -0.7690
vn 0.5815 0.0977 -0.8076
vn 0.5432 0.0803 -0.8358
vn 0.6589 0.0153 -0.7521
vn -0.0042 0.0441 0.9990
vn 0.1593 -0.0186 0.9870
vn 0.2039 0.0109 0.9789
vn 0.1976 -0.0489 0.9791
vn 0.7211 0.0744 -0.6888
vn 0.6925 0.0635 -0.7186
vn 0.7671 0.0594 -0.6388
vn 0.6339 0.0715 -0.7701
vn -0.8229 0.2895 -0.4889
vn -0.5458 0.3117 -0.7777
vn -0.8872 0.2858 -0.3623
vn -0.3736 0.2786 -0.8848
vn -0.0159 0.2603 -0.9654
vn -0.6050 0.2929 -0.7404
vn -0.6522 0.2894 -0.7006
vn -0.1171 0.2414 -0.9633
vn 0.7145 0.0510 -0.6978
vn -0.7002 0.0016 0.7139
vn -0.7930 0.0256 0.6087
vn -0.9196 0.1278 0.3715
vn 0.7574 0.0615 -0.6500
vn 0.6998 0.0546 -0.7122
vn 0.7371 0.0718 -0.6720
vn 0.3918 0.1433 -0.9088
vn 0.6096 0.0864 -0.7880
vn 0.7534 0.0466 -0.6559
vn 0.7554 0.0523 -0.6531
vn 0.2898 0.0174 -0.9569
vn -0.3314 0.0285 -0.9431
vn -0.4457 0.0101 -0.8951
vn -0.0367 -0.0019 -0.9993
vn -0.6058 0.0022 -0.7956
vn 0.8933 0.0188 -0.4490
vn 0.9580 0.0089 -0.2867
vn 0.9255 0.0079 -0.3787
vn 0.9165 0.1302 0.3782
vn 0.9763 0.0710 0.2044
vn 0.8852 0.0111 -0.4652
vn 0.8963 0.0086 -0.4433
vn 0.9866 0.0275 -0.1609
vn -0.5030 0.1495 0.8513
vn -0.9997 0.0128 -0.0212
vn -0.9094 -0.0747 -0.4093
vn -0.9379 -0.1081 -0.3298
vn -0.9926 -0.0616 -0.1047
vn -0.9010 -0.0776 -0.4268
vn -0.9514 -0.0404 -0.3052
vn -0.9958 -0.0829 0.0380
vn -0.9361 0.0303 0.3504
vn -0.9859 0.0165 0.1668
vn -0.9766 0.0251 0.2135
vn -0.8271 0.0634 0.5584
vn -0.9337 0.0357 0.3562
vn -0.7262 0.0814 0.6826
vn -0.8788 0.0421 0.4754
vn -0.9525 0.0278 0.3033
vn -0.8314 0.0287 0.5550
vn -0.9010 0.0385 0.4322
vn -0.6070 0.0974 0.7887
vn -0.8042 -0.0658 0.5907
vn 0.4127 0.0398 -0.9100
vn 0.7063 0.0091 -0.7078
vn 0.5477 0.0166 -0.8365
vn 0.6675 0.1801 0.7225
vn 0.6569 0.0598 0.7516
vn -0.2275 -0.0368 0.9731
vn 0.0885 -0.0107 0.9960
vn 0.3828 0.0312 0.9233
vn 0.0565 0.1341 0.9894
vn -0.4246 0.1378 0.8949
vn -0.6037 0.1168 0.7886
vn 0.7866 0.0709 0.6134
vn 0.6892 0.0939 0.7185
vn 0.5059 0.0880 0.8581
vn -0.2635 0.1065 0.9588
vn -0.1454 0.0937 0.9849
vn -0.4961 0.0815 0.8644
vn 0.9771 0.0824 -0.1963
vn 0.7230 0.0193 -0.6906
vn 0.9764 0.0902 -0.1962
vn 0.9396 0.0309 0.3409
vn 0.9710 0.0521 0.2332
vn 0.9638 -0.0466 0.2626
vn 0.9670 0.0785 0.2424
vn 0.9634 0.1113 0.2438
vn 0.9574 0.0865 0.2756
vn 0.3356 -0.0503 0.9407
vn 0.1786 -0.0508 0.9826
vn 0.5560 -0.0257 0.8308
vn 0.9158 0.0220 0.4010
vn 0.9715 0.1122 0.2090
vn 0.9469 0.0161 0.3210
vn 0.0766 -0.0325 0.9965
vn 0.5241 -0.0273 0.8512
vn -0.7184 0.0296 0.6950
vn 0.3306 0.0908 0.9394
vn 0.6517 0.0955 0.7525
vn -0.6026 0.1287 0.7876
vn -0.1546 0.1376 0.9784
vn -0.0600 0.1436 0.9878
vn -0.2784 0.0183 0.9603
vn -0.0129 0.0243 0.9996
vn -0.9570 0.0592 0.2840
vn -0.9913 0.0291 0.1280
vn -0.5528 0.0723 -0.8301
vn -0.7140 0.0839 -0.6951
vn -0.8996 0.0555 -0.4331
vn -0.8052 0.0785 -0.5878
vn -0.9993 0.0268 -0.0247
vn 0.7977 -0.0947 0.5955
vn -0.0360 -0.1000 0.9943
vn 0.6225 -0.1157 0.7740
vn 0.4618 -0.1441 0.8752
vn 0.3464 -0.1036 0.9324
vn -0.4724 -0.0500 0.8800
vn -0.6423 -0.0538 0.7646
vn -0.9429 0.0032 0.3331
vn 0.9033 -0.0951 0.4184
vn 0.5388 -0.1230 0.8334
vn 0.9530 -0.1075 0.2834
vn -0.9893 0.0731 -0.1266
vn 0.2290 0.3032 -0.9250
vn 0.0692 0.4513 -0.8897
vn -0.6695 0.4667 -0.5779
vn -0.5830 -0.0515 -0.8108
vn -0.9493 0.0388 -0.3120
vn -0.9092 0.0351 -0.4148
vn -0.9934 0.0692 -0.0915
vn -0.9481 0.0581 -0.3125
vn -0.9324 0.1408 -0.3329
vn 0.5333 -0.0675 -0.8432
vn -0.8557 0.0366 -0.5162
vn -0.3805 -0.0882 -0.9206
vn -0.9998 0.0124 -0.0182
vn -0.8138 -0.1675 0.5565
vn -0.2568 -0.0764 0.9635
vn -0.5777 0.1604 0.8004
vn -0.8383 0.1770 0.5157
vn -0.3140 0.1706 0.9340
vn -0.9683 0.1068 0.2260
vn 0.4433 0.1099 0.8896
vn 0.0553 0.1426 0.9882
vn -0.5432 0.1772 0.8207
vn 0.5304 0.0768 0.8443
vn 0.6181 0.1355 0.7743
vn 0.5331 0.0870 0.8416
vn 0.4744 0.0965 0.8750
vn 0.9293 0.3525 0.1101
vn 0.4421 0.5554 0.7043
vn 0.2092 0.1575 0.9651
vn 0.6919 0.1123 0.7132
vn -0.9828 -0.1438 0.1162
vn 0.8833 0.0091 0.4688
vn 0.9317 -0.0635 0.3575
vn 0.7862 0.0302 0.6173
vn 0.4547 0.0037 0.8906
vn -0.0464 -0.0847 0.9953
vn 0.2006 -0.0348 0.9791
vn 0.8751 -0.0678 0.4791
vn 0.8389 -0.0496 0.5420
vn 0.8560 -0.0045 0.5169
vn 0.6368 -0.0184 0.7708
vn 0.4270 -0.0410 0.9033
vn 0.5582 -0.0181 0.8295
vn 0.8983 -0.0259 0.4386
vn 0.9064 -0.0505 0.4194
vn 0.9412 -0.0571 0.3329
vn 0.8146 -0.0164 0.5798
vn 0.8859 0.2454 0.3936
vn 0.8562 0.2866 -0.4299
vn 0.5231 0.0867 0.8479
vn 0.9160 0.2224 0.3340
vn 0.7677 0.2354 -0.5960
vn 0.5285 0.0954 0.8436
vn 0.4906 0.1124 0.8641
vn 0.5036 0.1292 0.8542
vn 0.6886 0.1730 0.7042
vn 0.5360 0.1144 0.8364
vn 0.5456 0.1165 0.8299
vn 0.7023 0.0554 0.7097
vn 0.9840 0.0334 0.1752
vn 0.9980 -0.0063 -0.0631
vn 0.9335 0.0426 0.3559
vn 0.5644 0.0217 -0.8252
vn 0.1129 0.0604 -0.9918
vn 0.2882 0.0739 -0.9547
vn 0.7536 0.0671 0.6539
vn 0.9879 -0.0239 -0.1534
vn 0.9944 0.0045 -0.1057
vn 0.9400 -0.0981 -0.3267
vn 0.9447 -0.0848 -0.3167
vn 0.9469 -0.0469 -0.3181
vn 0.9342 -0.0607 -0.3515
vn 0.9831 -0.0227 -0.1816
vn 0.9679 -0.0435 -0.2475
vn 0.1116 0.0352 -0.9931
vn 0.1636 -0.1319 0.9777
vn -0.3233 -0.1117 0.9397
vn -0.4769 -0.1180 0.8710
vn -0.9251 0.1520 0.3479
vn -0.9199 0.2541 -0.2989
vn 0.7311 0.0587 -0.6797
vn 0.7202 0.0910 -0.6878
vn 0.6947 0.0733 -0.7155
vn 0.0105 0.0219 -0.9997
vn 0.7413 0.0389 -0.6700
vn 0.7405 0.0267 -0.6715
vn 0.6988 0.0341 -0.7145
vn -0.4002 0.2996 -0.8660
vn 0.5715 0.0316 -0.8200
vn 0.7000 0.0607 -0.7115
vn 0.7104 0.0596 -0.7012
vn 0.3391 0.1655 -0.9261
vn 0.7514 0.0401 -0.6586
vn -0.6919 0.0194 -0.7217
vn -0.7764 0.0405 -0.6290
vn -0.1335 0.1719 -0.9760
vn 0.4722 0.2495 -0.8454
vn 0.3585 0.2660 -0.8948
vn 0.8345 0.0115 -0.5509
vn 0.8643 0.0046 -0.5029
vn -0.7325 0.0669 0.6774
vn 0.9086 0.1677 0.3824
vn 0.1589 0.0212 0.9871
vn -0.9661 -0.0626 0.2503
vn -0.9833 -0.0610 -0.1715
vn -0.9389 -0.0729 0.3364
vn -0.7456 0.0835 0.6611
vn -0.9284 -0.0456 -0.3687
vn -0.9183 -0.0319 -0.3945
vn -0.9429 -0.0850 0.3222
vn -0.9986 0.0188 0.0488
vn -0.5578 -0.0213 0.8297
vn -0.5950 -0.0405 0.8027
vn -0.9913 -0.0270 0.1290
vn -0.9481 -0.0271 -0.3167
vn -0.9319 -0.0542 -0.3588
vn -0.9329 -0.0527 -0.3563
vn 0.9584 0.1250 -0.2564
vn 0.7661 -0.0124 -0.6426
vn 0.1332 0.2043 0.9698
vn -0.1351 0.1214 0.9834
vn -0.4799 0.0780 0.8738
vn -0.7863 0.0605 0.6149
vn -0.8258 0.0833 0.5578
vn -0.8136 0.0809 0.5758
vn 0.6475 -0.0145 0.7619
vn 0.8169 0.0095 0.5767
vn 0.9202 -0.0452 0.3889
vn 0.8431 -0.0274 0.5371
vn 0.9366 0.0807 0.3410
vn 0.3285 0.1231 0.9364
vn 0.6498 0.1103 0.7521
vn 0.8995 0.0794 0.4297
vn 0.7092 0.1125 0.6959
vn 0.9575 0.0911 0.2736
vn 0.9627 0.0673 0.2620
vn -0.5766 0.0766 -0.8134
vn -0.8049 0.0550 -0.5908
vn -0.3198 0.0339 -0.9469
vn -0.2786 0.0534 -0.9589
vn -0.2515 0.0241 -0.9676
vn 0.4288 0.1124 0.8964
vn -0.9742 0.2234 -0.0308
vn -0.9605 0.2108 0.1818
vn -0.8081 0.2416 0.5372
vn -0.9463 -0.0142 0.3230
vn 0.5271 -0.0690 0.8470
vn -0.9878 0.0107 -0.1551
vn -0.1780 -0.0568 0.9824
vn -0.5629 0.5679 -0.6005
vn 0.9983 -0.0574 -0.0092
vn 0.2232 -0.0620 -0.9728
vn 0.0163 -0.0442 -0.9989
vn -0.9919 0.1205 -0.0397
vn -0.9908 0.1333 0.0247
vn -0.8858 0.1809 -0.4273
vn -0.9443 -0.0130 0.3288
vn -0.8738 -0.0269 0.4856
vn -0.9950 0.0469 -0.0877
vn 0.5214 0.1007 0.8474
vn 0.3007 0.1093 -0.9474
vn 0.8120 0.2193 -0.5408
vn 0.5158 0.0839 0.8526
vn -0.9519 0.0682 -0.2987
vn -0.1518 -0.0696 0.9860
vn 0.0737 -0.1161 0.9905
vn -0.9955 -0.0810 0.0497
vn -0.9221 -0.1041 -0.3728
vn -0.9164 -0.0809 0.3919
vn -0.7812 -0.1522 0.6055
vn -0.6786 -0.1401 0.7210
vn 0.5358 -0.0334 0.8437
vn 0.7924 -0.0308 0.6092
vn -0.0200 -0.0807 0.9965
vn 0.6504 -0.0368 0.7587
vn 0.0092 -0.0454 0.9989
vn 0.7555 0.0908 0.6489
vn 0.8839 0.0760 0.4615
vn 0.6576 0.1118 0.7450
vn 0.9212 -0.0652 0.3836
vn 0.9472 -0.0783 0.3110
vn -0.9383 -0.1692 -0.3017
vn -0.6422 -0.1173 0.7575
vn -0.9337 -0.0734 0.3504
vn 0.9445 -0.0693 0.3210
vn 0.9435 -0.0839 0.3205
vn 0.1610 0.1006 -0.9818
vn 0.8557 0.1037 0.5070
vn 0.8966 0.2264 -0.3805
vn 0.6876 0.0635 0.7233
vn 0.8362 0.0880 0.5413
vn 0.8475 0.2546 -0.4658
vn -0.1127 0.1697 -0.9790
vn 0.5607 0.2392 -0.7927
vn 0.6415 0.0592 0.7648
vn 0.8781 0.2498 -0.4081
vn 0.9848 0.1657 -0.0517
vn 0.9807 0.1655 0.1037
vn -0.7669 0.0217 -0.6414
vn -0.6876 0.0506 -0.7244
vn -0.7712 0.0186 -0.6364
vn 0.9979 0.0010 -0.0655
vn 0.9750 0.2093 0.0749
vn 0.6830 0.0752 0.7266
vn 0.8416 0.1386 0.5220
vn 0.8405 0.1172 0.5290
vn 0.6888 0.0614 0.7224
vn 0.6903 0.0745 0.7197
vn 0.8314 0.1031 0.5460
vn 0.8672 -0.0675 -0.4934
vn 0.6149 0.0569 -0.7866
vn 0.9082 -0.0994 -0.4066
vn 0.8905 0.0699 0.4495
vn 0.7594 0.0674 0.6471
vn 0.9566 0.0361 0.2890
vn 0.9264 -0.0631 -0.3711
vn 0.9396 -0.0930 -0.3295
vn 0.1196 0.0771 -0.9898
vn 0.9382 -0.1376 -0.3175
vn 0.8341 -0.0505 -0.5492
vn 0.8686 -0.0272 -0.4947
vn 0.5140 0.0766 -0.8544
vn 0.0843 -0.0231 0.9962
vn 0.0673 0.1861 -0.9802
vn 0.7320 0.0789 -0.6767
vn 0.7517 0.0714 -0.6556
vn 0.3649 0.0027 -0.9310
vn 0.5642 0.0295 -0.8251
vn 0.5385 0.0370 -0.8418
vn -0.9224 0.2550 -0.2900
vn 0.7692 0.0647 -0.6357
vn 0.6790 0.0691 -0.7309
vn 0.7608 0.0568 -0.6465
vn 0.5993 0.0503 -0.7989
vn 0.3756 0.0197 -0.9266
vn -0.3882 0.0077 -0.9215
vn 0.3962 0.0085 -0.9181
vn 0.6917 0.0708 -0.7187
vn 0.4079 -0.0039 -0.9130
vn 0.2247 -0.0823 -0.9709
vn 0.4937 0.0135 -0.8695
vn -0.5613 0.0836 -0.8234
vn -0.4773 0.1119 -0.8716
vn -0.2841 0.0204 -0.9586
vn 0.1687 0.0104 -0.9856
vn 0.4284 -0.0035 -0.9036
vn 0.7685 0.0612 -0.6370
vn 0.6749 0.0559 -0.7358
vn 0.7656 0.0558 -0.6409
vn 0.7394 0.0630 -0.6703
vn 0.7533 0.0605 -0.6549
vn -0.7334 0.0460 -0.6782
vn -0.4785 0.0804 -0.8744
vn -0.7773 0.0374 -0.6281
vn -0.6687 0.0266 -0.7430
vn -0.1979 0.1559 0.9677
vn -0.9896 0.0078 0.1434
vn -0.9909 0.0124 0.1341
vn -0.3081 0.1505 0.9394
vn -0.3803 0.1090 0.9184
vn 0.2956 0.1997 0.9342
vn -0.8644 0.0482 0.5005
vn -0.9883 0.0140 0.1518
vn -0.9886 0.0173 0.1492
vn -0.9835 0.0217 0.1799
vn -0.9912 0.0097 0.1323
vn 0.9944 0.0623 0.0848
vn -0.7657 0.0911 0.6367
vn -0.1378 0.1965 0.9708
vn -0.2382 0.1898 0.9525
vn -0.9709 -0.0348 -0.2369
vn 0.2843 0.1985 0.9380
vn 0.3325 0.2043 0.9207
vn -0.9998 0.0097 0.0178
vn -0.9998 0.0078 0.0178
vn -0.9672 -0.0337 -0.2520
vn -0.3393 0.1601 0.9270
vn -0.9501 0.0907 0.2985
vn -0.5230 -0.0407 0.8514
vn -0.1270 -0.0042 0.9919
vn 0.0561 0.0052 0.9984
vn 0.5002 0.0210 0.8657
vn 0.3505 0.0165 0.9364
vn -0.9886 -0.0566 -0.1394
vn 0.5467 0.0387 0.8365
vn 0.7003 0.0376 0.7129
vn 0.6988 0.0540 0.7133
vn -0.9569 -0.0509 0.2860
vn -0.9546 -0.0565 -0.2924
vn -0.9350 -0.0816 -0.3452
vn -0.9808 -0.0672 -0.1830
vn -0.7208 -0.0516 0.6912
vn -0.1472 -0.0102 0.9891
vn -0.9915 -0.0833 -0.1004
vn 0.6062 0.0427 0.7942
vn 0.3292 -0.0136 0.9442
vn -0.1275 0.1645 0.9781
vn 0.0626 0.1364 0.9887
vn -0.6920 0.0597 0.7194
vn -0.8072 0.0567 0.5875
vn -0.7984 0.1262 0.5888
vn 0.9144 -0.0831 0.3963
vn 0.9493 -0.0706 0.3063
vn 0.9643 -0.0875 0.2500
vn -0.9601 0.1465 0.2380
vn -0.6289 -0.3452 0.6967
vn -0.6195 -0.1264 0.7748
vn -0.2559 -0.2716 0.9278
vn -0.1346 -0.5521 0.8228
vn -0.9403 -0.3211 0.1132
vn 0.9813 -0.0762 -0.1770
vn 0.9954 -0.0752 -0.0600
vn -0.7471 -0.0166 -0.6646
vn -0.4594 -0.0657 -0.8858
vn -0.9479 0.1368 -0.2876
vn -0.9947 0.0699 0.0750
vn -0.7714 0.1791 -0.6106
vn -0.4201 0.1580 -0.8936
vn 0.4491 0.0368 -0.8927
vn -0.3411 0.1403 -0.9295
vn -0.9954 0.0940 -0.0198
vn -0.9859 0.0786 -0.1475
vn 0.6591 -0.0073 -0.7520
vn 0.4943 0.0248 -0.8689
vn -0.8748 0.0307 -0.4835
vn -0.9868 0.0949 -0.1312
vn 0.7248 -0.0084 -0.6889
vn 0.6830 0.0053 -0.7304
vn 0.3709 0.0291 -0.9282
vn -0.6296 0.1297 -0.7660
vn 0.3641 0.0442 -0.9303
vn -0.7006 0.1672 -0.6937
vn 0.4120 0.0084 -0.9111
vn -0.1268 0.0987 -0.9870
vn 0.7294 -0.0571 -0.6817
vn 0.7157 0.0222 -0.6981
vn 0.6655 -0.0318 -0.7458
vn -0.0570 0.0961 -0.9937
vn 0.6552 -0.0186 -0.7552
vn 0.4710 0.0014 -0.8821
vn 0.6580 -0.0107 -0.7529
vn 0.6834 0.0193 -0.7297
vn 0.6680 -0.0002 -0.7442
vn -0.9105 -0.0010 -0.4136
vn -0.8447 -0.0002 -0.5353
vn -0.8439 -0.0556 -0.5337
vn -0.7444 -0.0271 0.6672
vn 0.5739 0.1315 0.8083
vn 0.5622 0.1255 0.8174
vn 0.9218 0.2501 -0.2961
vn -0.0559 0.0806 -0.9952
vn -0.1028 0.0664 -0.9925
vn 0.1146 0.0580 -0.9917
vn 0.4680 0.0208 -0.8835
vn -0.1438 0.0486 -0.9884
vn 0.1111 0.0946 -0.9893
vn 0.0346 0.0531 -0.9980
vn -0.0988 0.0343 -0.9945
vn 0.6102 0.0113 -0.7922
vn 0.9204 -0.1026 -0.3774
vn 0.9101 -0.0631 -0.4095
vn 0.7965 -0.0066 -0.6047
vn -0.0045 0.0831 -0.9965
vn -0.0595 0.0947 -0.9937
vn 0.1301 0.0523 -0.9901
vn -0.0748 0.0629 -0.9952
vn 0.5153 0.1740 -0.8392
vn 0.2965 0.1309 -0.9460
vn -0.2304 0.1534 -0.9609
vn 0.9771 0.2058 0.0549
vn 0.8896 -0.0909 -0.4476
vn 0.9929 -0.0381 -0.1124
vn 0.9546 -0.0620 -0.2915
vn 0.9998 -0.0029 0.0192
vn 0.8581 -0.0507 -0.5110
vn 0.9527 -0.1184 -0.2799
vn 0.9558 -0.1467 -0.2549
vn 0.7717 -0.0277 -0.6354
vn 0.1527 0.0158 0.9881
vn -0.4022 -0.0176 0.9154
vn -0.2147 0.0007 0.9767
vn -0.6713 0.2618 -0.6934
vn -0.1639 0.2500 -0.9543
vn -0.6838 0.2851 -0.6717
vn 0.0011 -0.0025 -1.0000
vn -0.5749 0.1046 -0.8115
vn -0.1414 0.1761 -0.9742
vn -0.0478 0.1815 -0.9822
vn 0.6368 0.0834 -0.7665
vn -0.0333 0.2368 -0.9710
vn 0.2510 0.1696 -0.9530
vn 0.4930 0.1147 -0.8624
vn 0.7534 0.0635 -0.6545
vn 0.7535 0.0741 -0.6533
vn 0.2510 0.1919 -0.9488
vn 0.7725 0.0609 -0.6321
vn 0.3871 0.1374 -0.9117
vn 0.7293 0.0625 -0.6813
vn 0.4580 0.1309 -0.8792
vn 0.6814 0.0769 -0.7279
vn 0.7601 0.0464 -0.6482
vn 0.7647 0.0345 -0.6434
vn 0.7740 0.0252 -0.6327
vn 0.5649 0.1048 -0.8185
vn 0.5947 0.0920 -0.7987
vn 0.7124 0.0638 -0.6989
vn -0.9885 0.0073 0.1508
vn 0.7969 0.1477 0.5857
vn 0.5989 0.1714 0.7823
vn 0.0707 0.1996 0.9773
vn 0.3912 0.1895 0.9006
vn 0.6863 0.1798 0.7047
vn -0.9777 -0.0418 -0.2056
vn -0.9913 0.0037 -0.1318
vn 0.7983 0.0607 0.5992
vn 0.9298 -0.0903 -0.3569
vn 0.4765 0.0156 -0.8790
vn 0.5788 -0.0071 -0.8154
vn 0.9269 0.1346 0.3502
vn 0.8309 0.1333 0.5403
vn 0.7033 0.0122 -0.7108
vn 0.7614 0.0497 -0.6464
vn 0.7916 0.0299 -0.6103
vn 0.1744 0.4150 -0.8930
vn 0.2847 0.2941 -0.9124
vn -0.9489 0.2708 -0.1623
vn -0.7210 0.3008 -0.6243
vn -0.9601 0.1992 0.1962
vn 0.4946 0.4124 -0.7650
vn 0.1482 0.4559 -0.8776
vn 0.3341 0.2270 -0.9148
vn -0.2358 -0.4517 0.8605
vn -0.5225 0.0220 -0.8524
vn -0.8571 -0.1103 -0.5032
vn -0.9697 -0.2243 0.0973
vn 0.1250 0.3807 -0.9162
vn -0.0788 0.4526 -0.8882
vn 0.1909 -0.0802 -0.9783
vn -0.3165 0.2927 -0.9023
vn -0.9017 0.0845 -0.4240
vn -0.1365 0.3527 -0.9257
vn 0.3205 0.4501 -0.8335
vn -0.1319 0.3018 -0.9442
vn -0.8124 -0.0915 0.5759
vn -0.2546 -0.3041 0.9180
vn -0.1345 -0.1737 0.9756
vn -0.6274 -0.0050 0.7787
vn 0.4131 0.3460 -0.8424
vn -0.0524 0.5578 -0.8283
vn 0.9810 -0.0481 -0.1878
vn 0.9537 -0.0776 -0.2905
vn -0.7852 -0.0098 0.6192
vn -0.8360 0.0231 0.5483
vn -0.9101 -0.0591 -0.4101
vn -0.9646 -0.0489 0.2592
vn -0.9062 0.0309 0.4218
vn -0.3676 -0.0762 -0.9269
vn -0.8254 -0.0149 -0.5644
vn -0.8407 -0.0504 -0.5391
vn -0.8195 -0.1088 -0.5627
vn -0.6799 -0.0211 0.7330
vn -0.8011 0.0029 0.5986
vn -0.5319 -0.1679 -0.8300
vn -0.8415 -0.1358 -0.5229
vn -0.5049 -0.1004 -0.8573
vn 0.9329 -0.1000 -0.3461
vn -0.1131 0.0860 -0.9899
vn 0.9008 0.2074 0.3815
vn 0.7255 0.1553 0.6705
vn 0.8764 0.2132 -0.4318
vn -0.0434 0.1806 -0.9826
vn 0.7798 0.2438 -0.5766
vn 0.8329 0.2110 -0.5116
vn 0.2198 0.2372 -0.9463
vn 0.5761 0.2713 -0.7711
vn 0.8074 0.0380 0.5888
vn 0.8017 0.0567 0.5950
vn 0.9862 0.0029 0.1657
vn 0.6630 0.0853 0.7437
vn 0.9388 0.0473 0.3411
vn 0.7435 0.0746 0.6645
vn 0.9119 -0.0705 -0.4042
vn -0.0645 0.0526 -0.9965
vn 0.9110 -0.1385 -0.3885
vn 0.9568 -0.1614 -0.2417
vn -0.5129 0.2901 -0.8080
vn -0.5626 0.2985 -0.7710
vn -0.4820 0.0085 0.8761
vn -0.9086 0.3138 -0.2757
vn -0.7853 0.0466 0.6173
vn -0.9391 0.2270 -0.2581
vn 0.0868 -0.0210 0.9960
vn 0.7077 0.0433 -0.7051
vn 0.6680 0.0505 -0.7425
vn 0.7625 0.0539 -0.6447
vn 0.5301 0.0340 -0.8472
vn 0.7448 0.0695 -0.6637
vn 0.8589 0.0886 0.5044
vn 0.8432 0.0058 -0.5376
vn 0.8323 -0.0033 -0.5543
vn 0.9604 0.0381 -0.2759
vn 0.8831 0.0864 0.4612
vn 0.7597 0.1511 0.6324
vn 0.9848 0.0754 0.1566
vn -0.9558 0.0265 0.2928
vn -0.7401 0.1138 0.6628
vn -0.9980 -0.0301 -0.0550
vn -0.9304 0.0569 0.3622
vn -0.9889 -0.0629 -0.1343
vn 0.7968 0.0893 0.5976
vn 0.9475 0.0583 -0.3145
vn 0.6496 0.0026 -0.7603
vn 0.5803 -0.0039 -0.8144
vn -0.8291 0.0712 0.5545
vn -0.9725 0.0335 0.2305
vn -0.8458 0.0497 0.5311
vn 0.2143 0.3212 -0.9224
vn -0.4149 0.4842 -0.7704
vn 0.5883 0.1262 -0.7987
vn 0.2170 0.2767 -0.9361
vn 0.6367 0.2613 -0.7255
vn 0.3038 0.5188 -0.7991
vn -0.1189 0.5187 -0.8466
vn 0.1611 0.5023 -0.8496
vn 0.0551 0.5351 -0.8430
vn -0.2399 0.4840 -0.8415
vn -0.2211 0.6649 -0.7134
vn -0.9869 0.1338 -0.0899
vn -0.5837 0.2721 -0.7651
vn -0.9625 0.1785 -0.2043
vn 0.9800 -0.0964 -0.1740
vn 0.8212 0.0957 -0.5626
vn 0.9761 0.0906 -0.1977
vn -0.6841 -0.0288 -0.7288
vn -0.8989 0.0312 -0.4370
vn -0.9790 0.0065 -0.2036
vn -0.7613 0.0575 -0.6458
vn -0.8878 -0.0910 -0.4511
vn -0.9151 -0.0683 -0.3974
vn -0.8026 -0.0750 -0.5918
vn -0.9972 -0.0204 0.0724
vn -0.9064 -0.0190 -0.4221
vn -0.8425 -0.0588 -0.5355
vn -0.8752 -0.1009 -0.4730
vn -0.9991 -0.0115 -0.0409
vn -0.9089 0.0009 0.4170
vn -0.8120 -0.0132 -0.5835
vn -0.7815 -0.0758 -0.6192
vn -0.8461 0.0412 0.5314
vn -0.9839 0.0778 0.1606
vn -0.9869 0.1420 0.0760
vn 0.0459 0.0643 -0.9969
vn 0.3330 0.0669 -0.9405
vn 0.5619 0.0178 -0.8270
vn 0.7049 -0.0249 -0.7089
vn 0.4580 0.0312 -0.8884
vn 0.9240 0.2512 0.2884
vn 0.9523 0.2433 -0.1841
vn 0.8897 0.2343 -0.3919
vn 0.8442 0.2351 -0.4817
vn 0.6584 0.1764 -0.7317
vn 0.9636 0.2638 -0.0427
vn 0.9479 0.2393 -0.2103
vn 0.8165 0.2592 -0.5159
vn 0.3726 0.2468 -0.8946
vn 0.9157 0.1453 0.3747
vn 0.7330 0.0917 0.6740
vn 0.6783 0.0675 0.7317
vn 0.9995 -0.0312 -0.0023
vn 0.9241 0.0402 0.3799
vn 0.8502 -0.1201 -0.5126
vn 0.9254 -0.1451 -0.3500
vn 0.9712 -0.1275 -0.2013
vn 0.9778 -0.1194 -0.1719
vn -0.1968 0.2651 -0.9439
vn 0.8441 0.0043 -0.5361
vn 0.9007 -0.0869 0.4258
vn 0.2416 0.1686 0.9556
vn 0.4684 0.1771 0.8656
vn 0.6416 0.1737 0.7472
vn 0.8809 0.1220 0.4573
vn -0.6947 -0.0573 0.7170
vn -0.0567 0.0536 0.9969
vn -0.1404 0.0073 0.9901
vn -0.2231 0.1831 0.9574
vn 0.9942 0.0618 -0.0885
vn -0.9504 -0.0554 -0.3060
vn -0.1348 -0.0197 0.9907
vn -0.7612 -0.0774 0.6439
vn -0.3926 0.1588 0.9059
vn -0.5666 0.1171 0.8156
vn -0.7065 0.0810 0.7030
vn 0.7399 0.1909 0.6451
vn 0.0404 0.3258 -0.9446
vn 0.5520 0.2190 -0.8045
vn 0.1248 0.4551 -0.8816
vn -0.2920 0.5015 -0.8144
vn 0.3032 0.1901 -0.9338
vn 0.3544 0.1599 -0.9213
vn -0.3794 0.2245 -0.8976
vn 0.9776 -0.1672 -0.1278
vn 0.8467 -0.0648 -0.5282
vn 0.9151 -0.0967 -0.3915
vn 0.8519 -0.0872 -0.5164
vn 0.8405 -0.1296 -0.5261
vn 0.0286 -0.0919 -0.9954
vn 0.7605 -0.1030 -0.6411
vn -0.7974 0.0171 -0.6032
vn -0.6155 -0.0013 -0.7881
vn -0.9263 0.0524 -0.3732
vn -0.2789 -0.0513 -0.9589
vn 0.9817 -0.1758 -0.0735
vn 0.9356 -0.0321 -0.3515
vn -0.9917 0.0974 -0.0840
vn -0.3096 0.1720 -0.9352
vn -0.8067 0.0042 0.5910
vn -0.9524 0.0121 0.3045
vn -0.9112 -0.0305 -0.4108
vn -0.9897 -0.0004 0.1428
vn -0.8864 -0.0434 -0.4609
vn 0.1629 0.1351 -0.9774
vn 0.1650 0.1890 -0.9680
vn -0.9764 0.0859 0.1982
vn -0.8350 0.2158 -0.5063
vn -0.8155 0.2317 -0.5304
vn -0.1529 0.2335 -0.9603
vn -0.0144 0.1896 -0.9817
vn -0.9092 0.2093 -0.3600
vn 0.3374 0.1755 -0.9249
vn -0.8728 0.0110 0.4880
vn -0.5320 0.2726 -0.8016
vn -0.5389 0.2747 -0.7963
vn -0.6422 0.0381 -0.7656
vn 0.8893 0.2392 0.3898
vn 0.7603 0.1945 0.6197
vn 0.9501 0.2674 0.1605
vn 0.9660 0.2435 -0.0866
vn 0.9736 0.2216 0.0551
vn 0.9561 0.2540 -0.1458
vn 0.8587 0.2303 0.4577
vn 0.9862 0.1589 0.0463
vn 0.7045 0.0357 0.7088
vn 0.7835 0.0970 0.6138
vn 0.7966 0.0649 0.6010
vn 0.9985 0.0312 0.0457
vn 0.9573 0.0287 -0.2875
vn -0.9535 -0.0880 -0.2883
vn -0.9904 -0.0907 0.1039
vn -0.7012 -0.0394 0.7119
vn -0.3677 -0.0306 0.9294
vn 0.0182 0.0490 0.9986
vn -0.6379 0.1455 0.7563
vn -0.8921 0.0818 0.4443
vn -0.6883 0.1234 0.7148
vn -0.9804 -0.0500 0.1907
vn 0.3680 0.1041 0.9240
vn 0.3899 0.1290 0.9118
vn 0.5890 0.0912 0.8030
vn 0.2620 0.0235 0.9648
vn -0.9935 -0.0909 0.0690
vn 0.5695 0.0520 0.8203
vn 0.5152 0.0496 0.8557
vn 0.6745 0.0567 0.7361
vn 0.2991 0.0906 0.9499
vn 0.4363 0.0677 0.8973
vn 0.6320 0.0648 0.7723
vn 0.1071 0.1680 0.9800
vn 0.5123 0.5560 -0.6546
vn 0.2524 0.5698 -0.7821
vn 0.1871 0.5045 -0.8429
vn 0.1997 0.5441 -0.8149
vn 0.2382 0.5014 -0.8318
vn 0.2218 0.4679 -0.8555
vn -0.9108 0.0239 0.4122
vn 0.9288 0.0109 -0.3704
vn 0.9592 -0.0764 -0.2722
vn 0.9339 -0.0725 -0.3501
vn -0.7916 -0.0690 -0.6071
vn -0.7625 -0.0831 -0.6416
vn -0.8177 -0.0580 0.5728
vn -0.9978 -0.0054 0.0663
vn -0.9018 0.0802 0.4247
vn -0.7640 -0.0854 -0.6395
vn -0.9974 -0.0240 0.0679
vn -0.8185 -0.0218 0.5740
vn -0.8450 -0.0309 -0.5338
vn -0.9887 0.1495 -0.0123
vn -0.9586 0.0987 0.2670
vn -0.8988 0.0345 0.4369
vn -0.4493 0.0381 -0.8926
vn -0.2630 0.0025 -0.9648
vn -0.9761 0.1036 -0.1910
vn -0.8340 0.1168 -0.5393
vn -0.9982 -0.0587 0.0112
vn -0.9955 -0.0161 -0.0931
vn -0.8330 0.2807 -0.4768
vn -0.9601 0.0245 0.2787
vn -0.9390 0.2756 -0.2055
vn -0.9048 0.3800 -0.1923
vn -0.8497 0.4597 -0.2583
vn -0.9221 0.3675 -0.1213
vn -0.9701 -0.0151 0.2424
vn -0.8503 0.0197 -0.5259
vn -0.9820 0.0963 0.1624
vn -0.9108 -0.0372 -0.4112
vn -0.8714 0.0112 -0.4904
vn -0.8331 -0.0095 -0.5531
vn -0.8686 0.0626 0.4916
vn -0.7787 0.0401 0.6262
vn -0.9770 0.1435 -0.1578
vn -0.7378 0.2289 -0.6351
vn -0.0073 0.2534 -0.9673
vn -0.9606 0.1147 0.2533
vn -0.9480 0.1992 -0.2483
vn -0.6222 0.1930 -0.7587
vn 0.3788 0.1491 -0.9134
vn 0.8478 0.2332 0.4763
vn 0.8864 0.2287 0.4024
vn 0.9360 0.2011 -0.2888
vn 0.9719 0.1599 0.1730
vn 0.1698 -0.0703 -0.9830
vn 0.4300 0.0095 -0.9028
vn 0.9524 -0.1367 -0.2726
vn 0.9711 -0.1397 -0.1937
vn 0.9231 -0.0787 -0.3764
vn -0.1190 0.1505 -0.9814
vn -0.3172 0.1391 -0.9381
vn -0.2347 0.0611 -0.9701
vn 0.8607 -0.1169 -0.4954
vn 0.9588 0.2362 -0.1578
vn 0.9697 0.1752 -0.1700
vn 0.8330 0.3783 -0.4036
vn 0.9765 -0.1499 -0.1546
vn 0.9777 -0.0961 -0.1866
vn 0.8445 -0.0246 -0.5350
vn 0.9428 -0.1280 0.3079
vn 0.9929 -0.0246 -0.1164
vn -0.9720 -0.0865 -0.2187
vn -0.8696 0.0710 0.4887
vn -0.7465 0.1097 0.6563
vn -0.0397 0.2188 0.9750
vn -0.4346 0.1453 0.8888
vn -0.1290 0.1832 0.9746
vn 0.4501 0.1065 0.8866
vn 0.6382 0.2086 0.7411
vn -0.6385 0.1078 0.7620
vn -0.8277 0.0978 0.5526
vn -0.4560 0.1017 0.8842
vn 0.4144 0.0235 -0.9098
vn 0.4593 -0.0165 -0.8881
vn -0.9908 0.0910 -0.1005
vn -0.5753 -0.0199 -0.8177
vn -0.6893 0.0360 -0.7236
vn -0.7425 0.1976 -0.6400
vn -0.3101 0.2296 -0.9226
vn 0.8821 0.0930 -0.4619
vn 0.8987 -0.0048 -0.4386
vn -0.8895 0.1562 -0.4295
vn -0.5813 0.1492 -0.7999
vn -0.5554 0.1345 -0.8206
vn 0.1126 0.2292 -0.9668
vn -0.6953 0.2527 -0.6728
vn -0.8716 0.2332 -0.4312
vn -0.9465 0.0721 -0.3146
vn -0.9565 0.1301 -0.2610
vn 0.7205 -0.0268 -0.6929
vn -0.0824 0.1064 -0.9909
vn -0.8403 0.0657 -0.5381
vn -0.8269 0.1059 -0.5523
vn -0.8845 0.1470 -0.4428
vn -0.8653 0.2018 -0.4589
vn -0.8817 0.4234 -0.2081
vn -0.9867 0.1528 -0.0552
vn -0.9523 -0.0004 -0.3052
vn -0.7090 0.4497 -0.5432
vn 0.1072 0.2133 -0.9711
vn -0.7790 0.3242 -0.5367
vn 0.5934 0.1293 -0.7944
vn -0.9280 -0.0730 -0.3653
vn -0.2919 0.2066 -0.9339
vn -0.3332 0.1446 -0.9317
vn -0.3247 0.2358 -0.9160
vn -0.7915 -0.0883 -0.6048
vn 0.8251 0.2183 -0.5211
vn 0.9843 -0.0267 -0.1743
vn 0.8420 -0.0991 -0.5303
vn 0.8713 0.0415 0.4889
vn 0.3620 0.1557 -0.9191
vn 0.6595 -0.1259 0.7411
vn 0.1555 -0.1064 0.9821
vn 0.3667 -0.1278 0.9215
vn -0.4630 -0.0526 0.8848
vn -0.9804 -0.1239 0.1532
vn -0.9932 -0.0172 -0.1149
vn -0.9644 -0.0773 -0.2530
vn -0.6600 0.1172 0.7421
vn -0.9399 0.0268 0.3404
vn -0.6085 0.1099 0.7859
vn -0.9122 0.0819 0.4014
vn 0.9872 -0.1120 0.1133
vn 0.6942 -0.0248 -0.7193
vn 0.6909 -0.0576 -0.7207
vn 0.4565 -0.0539 -0.8881
vn 0.7797 -0.0786 -0.6212
vn 0.4371 -0.0262 -0.8990
vn 0.7320 0.0491 -0.6795
vn 0.2412 -0.1109 -0.9641
vn -0.0432 0.1634 -0.9856
vn -0.8107 0.1840 -0.5558
vn 0.1796 -0.1498 -0.9723
vn -0.9213 0.0488 -0.3858
vn -0.8939 0.3369 -0.2957
vn -0.9543 0.2697 -0.1288
vn 0.1928 0.4092 -0.8918
vn 0.1655 0.2043 -0.9648
vn -0.6999 0.1845 -0.6899
vn -0.6461 0.1109 -0.7552
vn -0.1346 0.2132 -0.9677
vn 0.6856 0.1141 -0.7190
vn -0.5902 0.4806 -0.6486
vn -0.6875 0.3476 -0.6376
vn -0.5218 0.0752 -0.8497
vn -0.8860 0.0464 -0.4614
vn -0.5502 -0.0139 -0.8349
vn -0.3555 0.0606 -0.9327
vn -0.4817 0.0559 -0.8746
vn -0.6124 0.0136 -0.7904
vn -0.8331 -0.0301 -0.5522
vn -0.8874 -0.0371 -0.4595
vn -0.2793 -0.0743 -0.9573
vn -0.9244 -0.0125 -0.3813
vn -0.8418 0.0245 -0.5392
vn -0.5813 0.0628 -0.8112
vn -0.9689 -0.0675 -0.2381
vn -0.6777 -0.0035 -0.7353
vn 0.6664 0.2391 -0.7062
vn 0.9634 0.1665 0.2099
vn 0.7367 0.0732 0.6723
vn 0.8194 0.1263 0.5592
vn 0.6180 -0.0171 -0.7860
vn 0.9484 -0.0450 -0.3139
vn 0.7698 -0.1264 0.6257
vn 0.9285 -0.0677 0.3651
vn 0.9267 0.0175 -0.3753
vn 0.1706 0.0450 0.9843
vn -0.9775 -0.0792 -0.1956
vn -0.9931 -0.0926 0.0723
vn 0.4843 0.0512 0.8734
vn -0.0322 0.0253 0.9992
vn 0.4380 0.0831 0.8951
vn -0.8845 -0.0942 0.4569
vn 0.5699 0.0618 0.8194
vn 0.4879 0.0516 0.8714
vn 0.4772 0.0949 0.8737
vn 0.5446 0.0882 0.8340
vn 0.4819 0.1104 0.8693
vn 0.7103 0.0736 0.7001
vn 0.7097 0.0992 0.6975
vn 0.7030 0.0303 0.7105
vn 0.7609 0.0533 0.6467
vn 0.1507 0.1581 0.9759
vn 0.7045 0.0538 0.7077
vn 0.4794 0.1047 0.8713
vn 0.5759 0.0340 0.8168
vn 0.4224 0.1040 0.9004
vn 0.6751 0.0757 0.7338
vn 0.1571 0.1327 0.9786
vn -0.0582 0.1172 0.9914
vn 0.6217 0.1001 0.7768
vn -0.9832 -0.0917 -0.1581
vn 0.4016 0.0134 -0.9157
vn 0.4510 -0.0055 -0.8925
vn 0.4500 0.1359 0.8827
vn 0.2098 0.1697 0.9629
vn 0.9110 0.1543 0.3826
vn 0.8598 0.1503 0.4881
vn -0.9660 0.0143 0.2582
vn -0.9885 0.0232 0.1495
vn -0.3620 0.1315 0.9229
vn -0.4856 0.1372 0.8633
vn -0.7860 0.0830 0.6127
vn -0.9348 0.0329 0.3536
vn 0.7291 0.0235 -0.6840
vn -0.2818 -0.1648 -0.9452
vn -0.4006 -0.1336 -0.9065
vn -0.8101 0.0518 -0.5839
vn -0.9267 0.2169 -0.3069
vn -0.9858 0.1128 0.1242
vn 0.6534 -0.0067 -0.7569
vn 0.1185 0.1025 -0.9876
vn 0.1641 0.1177 -0.9794
vn 0.2579 0.3681 -0.8933
vn -0.9291 0.1566 -0.3351
vn 0.3655 -0.0088 -0.9308
vn -0.3122 0.1200 -0.9424
vn 0.6105 -0.0941 -0.7864
vn -0.8253 0.0917 -0.5572
vn -0.2975 -0.1391 -0.9445
vn -0.1433 -0.0678 -0.9874
vn -0.3576 -0.0563 -0.9322
vn 0.3225 0.1756 -0.9302
vn 0.5596 0.0574 -0.8268
vn 0.5581 0.0572 -0.8278
vn -0.7956 0.0272 -0.6053
vn -0.4703 -0.0701 -0.8797
vn -0.9976 -0.0256 0.0646
vn -0.7428 0.0107 -0.6695
vn 0.1888 0.2134 -0.9585
vn 0.3693 0.1602 -0.9154
vn 0.5957 0.0193 -0.8030
vn 0.7878 -0.0601 -0.6130
vn 0.7376 -0.0087 -0.6752
vn 0.7940 -0.0318 -0.6071
vn 0.8433 -0.0396 -0.5360
vn 0.6365 -0.0033 -0.7712
vn 0.7854 -0.0387 -0.6178
vn 0.3576 0.0162 -0.9337
vn 0.4892 0.0038 -0.8722
vn 0.7777 -0.0577 -0.6260
vn 0.7512 -0.0571 -0.6576
vn 0.7529 -0.0396 -0.6569
vn 0.7741 -0.0305 -0.6323
vn -0.1309 -0.0091 -0.9914
vn -0.7403 -0.0973 -0.6652
vn 0.6301 0.0440 -0.7752
vn 0.7006 0.0237 -0.7131
vn 0.7072 0.0088 -0.7070
vn 0.6152 0.0067 -0.7883
vn 0.4070 0.0267 -0.9130
vn 0.7035 0.0127 -0.7106
vn 0.6881 0.0655 -0.7226
vn 0.5187 0.0323 -0.8544
vn 0.3554 0.0715 -0.9320
vn 0.6094 0.0449 -0.7916
vn -0.8416 0.0814 -0.5339
vn -0.8698 0.2466 -0.4274
vn -0.8333 0.1755 -0.5242
vn -0.8967 0.1092 -0.4289
vn -0.8655 0.1471 -0.4787
vn -0.8988 0.2520 -0.3588
vn -0.9013 0.3703 -0.2246
vn -0.8796 0.3867 -0.2772
vn -0.7512 0.3046 -0.5857
vn -0.8797 0.2051 -0.4290
vn -0.8849 0.3316 -0.3272
vn -0.9272 0.2958 -0.2296
vn -0.8855 0.4269 -0.1835
vn -0.7971 -0.1198 -0.5919
vn -0.7693 0.1493 -0.6211
vn -0.8655 0.3934 -0.3099
vn -0.8046 0.3036 -0.5103
vn -0.5629 0.2438 -0.7898
vn -0.3074 0.1620 -0.9377
vn -0.7876 0.3214 -0.5258
vn -0.8931 0.2841 -0.3488
vn -0.7095 0.4637 -0.5306
vn -0.5862 0.2087 0.7828
vn 0.3998 0.1233 0.9083
vn -0.6562 0.2582 0.7091
vn -0.7433 0.1331 -0.6556
vn -0.7877 0.1554 -0.5962
vn -0.4375 0.0648 -0.8969
vn 0.9746 -0.0716 0.2121
vn 0.9697 -0.0340 0.2421
vn 0.5036 0.0776 0.8605
vn -0.4112 0.0682 -0.9090
vn -0.2793 0.0402 -0.9594
vn -0.6371 0.1469 -0.7566
vn -0.4637 0.0586 -0.8841
vn -0.3636 0.0565 -0.9298
vn -0.2349 0.1083 -0.9660
vn -0.4000 0.0302 -0.9160
vn -0.6428 0.1387 -0.7534
vn -0.9012 0.2436 -0.3584
vn -0.7974 0.2146 -0.5640
vn -0.9390 -0.0476 -0.3406
vn -0.9693 0.0385 -0.2430
vn 0.5349 -0.1404 0.8331
vn -0.0509 0.0793 0.9955
vn 0.4885 0.1235 0.8638
vn -0.2761 0.1204 0.9536
vn -0.1667 0.1540 0.9739
vn -0.6225 0.1225 0.7729
vn -0.9622 0.0367 0.2697
vn -0.9411 0.0358 0.3362
vn -0.8646 0.0025 0.5024
vn -0.9470 0.0706 0.3134
vn 0.2097 -0.0293 0.9773
vn -0.9776 0.0672 0.1995
vn -0.9674 0.0624 0.2453
vn -0.8929 0.0953 0.4400
vn 0.4846 0.0254 -0.8744
vn 0.9279 -0.0897 -0.3620
vn 0.5802 -0.0296 -0.8139
vn 0.9695 0.0942 -0.2261
vn -0.3363 0.0322 0.9412
vn -0.5513 0.0365 0.8335
vn -0.5927 0.0473 0.8041
vn -0.5239 0.1152 0.8440
vn 0.9429 0.1461 0.2993
vn -0.1509 0.1668 0.9744
vn -0.6616 0.0932 0.7441
vn -0.2350 -0.1922 -0.9528
vn 0.0799 0.0348 -0.9962
vn -0.5659 -0.1274 -0.8146
vn 0.4636 0.0829 -0.8822
vn 0.6318 0.0390 -0.7741
vn 0.3337 0.0437 -0.9417
vn -0.2848 0.1985 -0.9378
vn -0.7616 0.0645 -0.6449
vn -0.3362 0.2627 -0.9044
vn -0.8785 0.4371 -0.1929
vn -0.8635 0.3566 0.3568
vn -0.6569 0.3366 -0.6746
vn 0.0411 0.1354 -0.9899
vn -0.1455 0.1169 -0.9824
vn -0.4626 0.0718 -0.8836
vn 0.2642 0.0278 -0.9641
vn 0.1419 -0.1131 -0.9834
vn 0.5974 -0.1548 -0.7869
vn -0.2410 0.0645 -0.9684
vn 0.2569 -0.1513 -0.9545
vn -0.3987 0.0795 -0.9136
vn -0.3541 0.0651 -0.9329
vn -0.2896 0.0543 -0.9556
vn -0.3100 0.1056 -0.9449
vn 0.9696 -0.0516 0.2391
vn -0.9718 0.2056 -0.1156
vn -0.5250 0.0866 -0.8467
vn -0.4957 0.0878 -0.8641
vn -0.5860 0.0970 -0.8045
vn -0.5221 0.0710 -0.8499
vn -0.8627 0.1720 -0.4756
vn -0.9543 0.2053 -0.2170
vn -0.9577 0.2540 0.1352
vn 0.9788 -0.0588 0.1962
vn 0.9793 -0.0889 0.1818
vn 0.9653 -0.0542 0.2555
vn -0.8998 0.2307 0.3703
vn -0.8801 0.2423 0.4082
vn -0.8937 0.0698 -0.4432
vn -0.9907 0.0158 -0.1354
vn -0.9754 0.0561 -0.2130
vn -0.8655 0.4986 -0.0479
vn -0.2755 0.1347 -0.9518
vn -0.9128 0.2081 -0.3515
vn -0.6393 0.2460 -0.7286
vn -0.7505 0.2340 0.6181
vn -0.9331 0.1995 0.2992
vn -0.8454 0.2062 0.4928
vn 0.0362 0.2400 0.9701
vn -0.3721 0.2065 0.9049
vn 0.2108 0.1512 0.9658
vn -0.0963 0.0591 0.9936
vn 0.7348 -0.1202 0.6675
vn 0.4621 -0.3858 0.7985
vn -0.7380 0.4339 -0.5167
vn -0.8448 0.0474 -0.5330
vn -0.7800 -0.0338 0.6248
vn -0.9601 -0.0050 0.2795
vn -0.8256 -0.0415 0.5627
vn -0.2894 -0.1078 0.9511
vn 0.9666 -0.0736 0.2457
vn 0.0249 -0.1163 0.9929
vn -0.5629 -0.0548 0.8247
vn 0.7902 0.0496 0.6108
vn -0.4866 0.0310 0.8731
vn -0.8654 0.0558 0.4979
vn -0.7829 0.0689 0.6183
vn -0.4696 0.1491 0.8702
vn -0.8868 0.0595 0.4584
vn -0.1948 0.1614 0.9675
vn -0.9106 0.0566 0.4093
vn -0.7645 0.0323 0.6439
vn -0.9777 0.0414 0.2060
vn -0.9447 0.0653 0.3214
vn -0.7348 0.1375 0.6642
vn -0.5805 0.0932 0.8089
vn 0.0311 0.1299 0.9910
vn 0.4600 -0.0015 -0.8879
vn 0.7640 -0.0178 -0.6450
vn -0.3396 0.0069 0.9405
vn 0.6398 -0.0988 0.7622
vn 0.4029 -0.0446 0.9142
vn 0.7511 -0.0957 0.6532
vn 0.9831 -0.1340 -0.1246
vn 0.5689 0.1635 0.8060
vn 0.9945 0.0970 -0.0390
vn 0.9937 0.1001 0.0504
vn 0.5781 -0.1091 0.8086
vn 0.6639 -0.0902 0.7423
vn 0.9756 0.0062 0.2194
vn -0.9611 -0.0141 -0.2757
vn -0.2067 0.0434 -0.9775
vn -0.3412 0.1459 -0.9286
vn -0.2716 0.1151 -0.9555
vn -0.6158 0.2738 -0.7388
vn -0.8648 0.4616 -0.1976
vn -0.9131 0.3512 -0.2072
vn -0.4195 0.2724 -0.8659
vn -0.3625 0.2215 -0.9053
vn -0.4359 0.2051 -0.8763
vn -0.8359 0.4021 -0.3735
vn -0.5974 0.3993 -0.6954
vn -0.6525 0.4372 -0.6190
vn 0.1067 0.1277 -0.9860
vn -0.4879 0.4741 -0.7330
vn -0.0918 0.3508 -0.9320
vn 0.9734 -0.1042 0.2040
vn -0.1945 0.2006 0.9602
vn -0.7184 0.2388 0.6534
vn -0.2851 0.1891 0.9397
vn -0.8463 0.4031 0.3483
vn -0.5671 0.2771 0.7756
vn -0.8113 0.0974 0.5765
vn -0.9799 -0.0011 0.1993
vn -0.9731 0.0048 0.2305
vn 0.9852 0.0327 -0.1681
vn 0.9565 -0.0127 -0.2916
vn 0.9570 0.0895 -0.2759
vn 0.6827 -0.1073 0.7227
vn 0.0614 -0.1161 0.9913
vn -0.9769 0.0094 0.2136
vn -0.8181 -0.0447 0.5734
vn -0.4423 -0.0842 0.8929
vn -0.5043 -0.0615 0.8614
vn -0.8806 -0.0349 0.4725
vn -0.6792 -0.0808 0.7295
vn -0.8489 -0.0281 0.5278
vn -0.9605 -0.0072 0.2781
vn -0.9097 0.0794 0.4075
vn -0.9141 0.0173 0.4052
vn -0.5748 -0.0022 0.8183
vn -0.9612 0.0586 0.2695
vn -0.5604 0.0278 0.8278
vn -0.0644 0.0027 0.9979
vn -0.9897 0.0527 0.1333
vn -0.7359 0.1169 0.6670
vn 0.6677 0.1741 0.7238
vn 0.1097 0.0486 0.9928
vn 0.3570 0.2097 0.9103
vn 0.4919 0.1999 0.8474
vn -0.2266 0.1469 0.9629
vn 0.3526 0.1542 0.9230
vn -0.6721 0.5646 -0.4791
vn -0.6126 0.5921 -0.5236
vn -0.5092 0.6342 -0.5818
vn -0.5241 0.6264 -0.5770
vn -0.6974 0.5115 -0.5019
vn -0.5782 0.5448 -0.6074
vn -0.7090 0.5236 -0.4724
vn -0.6600 0.5640 -0.4963
vn -0.2048 0.0230 -0.9785
vn -0.5178 -0.1252 -0.8463
vn -0.9405 0.3143 -0.1292
vn 0.1115 -0.2013 0.9732
vn -0.2174 0.0604 0.9742
vn -0.4044 0.2193 -0.8879
vn -0.6663 0.2732 -0.6939
vn -0.9270 -0.0020 0.3750
vn 0.8932 -0.0085 -0.4495
vn 0.8930 0.0109 -0.4498
vn 0.8514 0.0008 -0.5244
vn 0.9707 -0.0247 -0.2389
vn 0.8811 -0.0736 0.4671
vn 0.9859 -0.0564 0.1575
vn 0.9471 -0.0652 0.3143
vn 0.9930 -0.0364 -0.1126
vn 0.9932 -0.1144 0.0218
vn -0.9400 -0.0443 0.3382
vn -0.9402 0.0100 0.3405
vn -0.8978 -0.0018 0.4405
vn -0.4784 0.1779 0.8599
vn 0.4578 0.1424 0.8776
vn -0.4716 0.6345 -0.6124
vn 0.4918 -0.0191 -0.8705
vn 0.5850 -0.0587 -0.8089
vn -0.4713 0.1197 0.8738
vn -0.2899 0.1601 0.9436
vn -0.1636 0.2897 -0.9430
vn -0.5264 0.2087 -0.8242
vn -0.6973 0.1082 -0.7085
vn -0.1813 0.0747 -0.9806
vn 0.8455 0.0838 -0.5274
vn 0.5004 0.1794 -0.8470
vn -0.2737 0.0259 -0.9615
vn 0.3445 0.0237 -0.9385
vn 0.7389 0.1033 -0.6659
vn -0.0415 0.3161 -0.9478
vn 0.4623 0.2643 -0.8464
vn 0.8033 -0.1723 -0.5701
vn 0.6941 0.0453 -0.7184
vn 0.7946 -0.0686 -0.6032
vn -0.4869 -0.0807 0.8697
vn 0.1142 -0.1071 0.9877
vn -0.3758 -0.1462 0.9151
vn 0.1475 -0.1081 0.9831
vn -0.1169 -0.1091 -0.9871
vn -0.9787 0.2034 0.0285
vn -0.4754 0.1334 -0.8696
vn 0.0103 0.0473 -0.9988
vn -0.3003 0.4645 -0.8331
vn 0.0129 0.3840 -0.9233
vn -0.1922 0.2542 -0.9479
vn 0.1251 0.6146 -0.7788
vn -0.2822 0.6412 -0.7136
vn -0.1187 0.5208 -0.8454
vn -0.4947 -0.0266 -0.8687
vn -0.9461 0.0147 -0.3236
vn -0.8510 -0.0594 -0.5217
vn -0.1333 -0.0432 -0.9901
vn 0.4738 0.0925 -0.8758
vn 0.8015 -0.0554 -0.5954
vn 0.8771 -0.0575 -0.4769
vn -0.0165 0.0218 -0.9996
vn -0.2444 -0.0134 -0.9696
vn -0.7137 0.2694 -0.6466
vn 0.1535 -0.0968 0.9834
vn -0.2088 -0.0503 0.9767
vn 0.0534 -0.0636 0.9965
vn 0.0836 -0.0589 0.9948
vn -0.5509 -0.0598 0.8325
vn -0.6625 -0.0906 0.7436
vn -0.5246 -0.0512 0.8498
vn -0.9592 -0.0602 0.2764
vn -0.2058 -0.0502 0.9773
vn -0.1031 -0.0373 0.9940
vn -0.5114 0.0176 0.8592
vn -0.6838 0.0476 0.7281
vn -0.8498 -0.0832 -0.5204
vn -0.0327 -0.0148 -0.9994
vn -0.3228 -0.0317 -0.9459
vn 0.4598 -0.0111 -0.8879
vn -0.5525 -0.0329 -0.8329
vn 0.2118 0.0084 -0.9773
vn 0.7946 -0.0770 -0.6022
vn -0.7664 -0.0460 0.6408
vn -0.9694 -0.1665 -0.1802
vn 0.1375 0.0100 -0.9905
vn -0.9919 -0.0739 -0.1034
vn -0.9307 -0.0862 -0.3555
vn -0.7000 -0.0659 -0.7111
vn -0.8926 -0.0633 -0.4465
vn -0.4329 -0.0623 -0.8993
vn -0.9500 -0.0541 -0.3075
vn -0.2648 0.0153 -0.9642
vn -0.7527 -0.1043 -0.6500
vn 0.3855 0.0500 -0.9213
vn -0.9985 -0.0530 0.0167
vn -0.7176 -0.0895 0.6907
vn -0.0090 0.0260 -0.9996
vn -0.3020 0.6747 -0.6735
vn -0.4185 0.6588 -0.6252
vn -0.4178 0.6486 -0.6362
vn -0.3830 0.0177 0.9236
vn -0.5215 -0.1127 0.8458
vn -0.3118 0.0915 0.9457
vn 0.5738 0.1123 0.8113
vn 0.1723 0.1455 0.9742
vn 0.2467 0.3274 0.9121
vn 0.5837 0.2660 0.7672
vn 0.6278 0.3164 0.7112
vn 0.0869 0.3201 0.9434
vn 0.7872 0.2667 0.5560
vn 0.5145 -0.1444 0.8453
vn -0.1290 -0.0049 0.9916
vn 0.9433 0.0954 0.3181
vn -0.9604 0.0190 0.2780
vn -0.8612 -0.0475 0.5061
vn 0.8162 0.1408 0.5603
vn -0.1805 0.1206 0.9761
vn -0.8720 -0.0624 0.4854
vn 0.2686 -0.0847 0.9595
vn 0.9118 -0.0657 0.4054
vn 0.9785 0.1301 -0.1600
vn 0.9957 -0.0333 0.0866
vn 0.9191 0.1976 0.3410
vn 0.7057 0.2040 0.6785
vn 0.8206 0.1373 0.5548
vn 0.7947 0.1398 0.5907
vn -0.2552 0.0103 0.9668
vn -0.4594 0.0216 0.8879
vn -0.3778 0.0516 0.9245
vn -0.5649 0.0465 0.8239
vn -0.5678 0.0691 0.8203
vn -0.1832 0.1288 0.9746
vn 0.7444 0.1366 0.6536
vn 0.5818 0.1782 0.7936
vn 0.7990 0.1693 0.5770
vn -0.7177 0.0611 0.6937
vn -0.2490 0.1045 0.9628
vn -0.4926 0.0924 0.8653
vn 0.8891 0.0770 0.4512
vn 0.9798 0.0769 0.1848
vn 0.9821 0.0356 0.1849
vn 0.6717 0.1557 0.7243
vn 0.9639 0.2471 0.0988
vn 0.6481 0.2002 0.7347
vn 0.9690 0.2409 0.0545
vn 0.4239 0.2221 0.8780
vn 0.3534 0.1632 0.9211
vn 0.5448 0.1855 0.8178
vn -0.5134 0.0260 0.8577
vn -0.0281 -0.0372 0.9989
vn -0.7031 0.0962 0.7045
vn -0.7259 0.0939 0.6813
vn -0.7244 0.0740 0.6854
vn -0.3169 0.1309 0.9394
vn 0.4881 0.1337 0.8625
vn -0.5038 0.1288 0.8542
vn 0.2707 0.1493 0.9510
vn -0.5040 0.1460 0.8513
vn 0.6852 0.1356 0.7157
vn 0.4185 0.2079 0.8841
vn 0.4852 0.2179 0.8468
vn 0.6257 0.1777 0.7596
vn 0.7221 0.1585 0.6734
vn 0.3548 0.1994 0.9134
vn 0.6368 0.0867 0.7662
vn 0.8546 0.1415 0.4996
vn 0.7921 0.1517 0.5912
vn 0.8110 0.4490 0.3750
vn 0.8884 0.3743 -0.2657
vn 0.8525 0.4879 0.1875
vn 0.6073 0.1831 -0.7731
vn 0.7976 0.3558 -0.4871
vn -0.0955 0.4166 0.9040
vn 0.4570 0.2128 0.8636
vn 0.4152 0.2225 0.8821
vn 0.9436 0.2121 0.2541
vn 0.9936 0.1097 0.0283
vn 0.4227 0.1880 0.8866
vn 0.8134 0.4850 0.3213
vn -0.0193 0.2758 0.9610
vn 0.4112 0.3511 0.8412
vn 0.8981 0.2670 0.3495
vn 0.8105 0.2228 0.5418
vn 0.9752 0.1017 0.1968
vn 0.5062 0.1380 0.8513
vn 0.6481 0.0302 0.7610
vn 0.5190 0.1653 0.8387
vn 0.9499 0.3125 0.0031
vn 0.6690 0.1778 0.7217
vn 0.9534 -0.0967 0.2857
vn 0.9546 -0.0722 0.2890
vn 0.4824 0.1428 0.8642
vn 0.9506 0.0091 0.3104
vn 0.7897 -0.0021 0.6134
vn 0.9420 0.0007 0.3356
vn 0.6786 0.1466 0.7197
vn 0.9669 0.2433 0.0773
vn 0.9397 0.3403 -0.0344
vn 0.4237 0.4678 -0.7757
vn 0.2564 0.3550 -0.8990
vn 0.2958 0.3201 -0.9000
vn 0.3023 0.2927 -0.9071
vn 0.3238 0.1863 -0.9276
vn 0.1695 0.2342 -0.9573
vn 0.4170 0.5588 -0.7168
vn 0.2230 0.5799 -0.7836
vn 0.5476 0.5349 -0.6435
vn 0.4398 0.5552 -0.7059
vn 0.1978 0.3505 -0.9154
vn 0.2322 0.4120 -0.8811
vn 0.2114 0.5582 -0.8023
vn 0.2592 0.5475 -0.7956
vn 0.2977 0.5188 -0.8014
vn 0.2621 -0.1035 -0.9595
vn 0.1388 -0.0633 -0.9883
vn 0.1313 -0.0711 -0.9888
vn 0.4555 0.1129 -0.8830
vn 0.5805 -0.0021 -0.8143
vn 0.4065 0.1802 -0.8957
vn 0.2496 0.5134 -0.8210
vn 0.3099 0.5076 -0.8040
vn 0.0734 0.2255 -0.9715
vn 0.0761 0.1364 -0.9877
vn 0.2871 0.0885 -0.9538
vn 0.5872 0.5318 -0.6102
vn 0.4604 0.5080 -0.7280
vn 0.1908 0.1251 -0.9736
vn 0.3462 0.3964 -0.8503
vn 0.2328 0.2247 -0.9462
vn 0.2695 0.0790 -0.9597
vn 0.2904 -0.0318 -0.9564
vn 0.2077 -0.0347 -0.9776
vn 0.0434 0.0543 -0.9976
vn 0.1163 0.0333 -0.9927
vn 0.0358 0.0026 -0.9994
vn 0.3006 0.0460 -0.9526
vn 0.2560 0.1309 -0.9578
vn 0.4941 0.1472 -0.8568
vn 0.7765 0.0807 -0.6249
vn 0.6770 0.1040 -0.7286
vn 0.6945 0.0420 -0.7183
vn 0.3384 0.0239 -0.9407
vn 0.6537 0.0428 -0.7556
vn 0.4891 0.1542 -0.8585
vn 0.1887 0.2403 -0.9522
vn 0.7260 0.5054 -0.4664
vn 0.6948 0.2623 -0.6696
vn 0.6052 0.1781 -0.7759
vn 0.6356 0.2414 -0.7333
vn 0.8823 0.4152 -0.2216
vn 0.8533 0.3617 -0.3756
vn 0.9182 0.2211 -0.3288
vn 0.8964 0.2898 -0.3355
vn 0.9489 0.2433 -0.2009
vn 0.8487 0.3577 -0.3895
vn 0.8766 0.3582 -0.3212
vn 0.6579 0.5054 -0.5584
vn 0.8577 0.4203 -0.2962
vn 0.4832 0.4739 -0.7362
vn 0.8793 0.3885 -0.2757
vn 0.1645 -0.0010 -0.9864
vn 0.0316 -0.0001 -0.9995
vn 0.7718 0.0216 -0.6355
vn 0.7741 0.0579 -0.6304
vn 0.3797 0.1770 -0.9080
vn -0.0680 0.2474 -0.9665
vn -0.9517 0.2320 -0.2013
vn -0.1785 0.2293 -0.9568
vn 0.8690 0.4432 -0.2199
vn 0.4188 0.4253 -0.8024
vn 0.8812 0.3201 -0.3480
vn 0.1724 0.2246 -0.9591
vn 0.1266 0.1954 -0.9725
vn 0.8659 0.3398 -0.3671
vn 0.8586 0.3421 -0.3818
vn 0.9194 0.2685 -0.2874
vn 0.8432 0.3462 -0.4113
vn 0.9844 -0.0118 -0.1757
vn 0.9594 0.1554 0.2354
vn 0.8822 0.0594 -0.4670
vn 0.8433 0.3633 -0.3961
vn 0.8974 0.3384 -0.2833
vn 0.8958 0.3232 -0.3051
vn 0.8656 0.3777 -0.3287
vn 0.8110 0.5285 0.2509
vn 0.5305 -0.0460 -0.8464
vn 0.9770 0.1265 -0.1716
vn 0.6927 0.0916 -0.7154
vn -0.4841 -0.0532 0.8734
vn 0.6111 0.2056 -0.7644
vn 0.8054 0.1897 -0.5615
vn 0.8009 0.2253 -0.5549
vn 0.5615 0.1424 -0.8151
vn -0.6101 0.1957 0.7678
vn -0.0487 -0.0338 0.9982
vn 0.2925 -0.1047 -0.9505
vn 0.1919 -0.0716 -0.9788
vn 0.1069 -0.0232 -0.9940
vn 0.1821 0.0111 -0.9832
vn 0.0546 -0.0300 -0.9981
vn 0.5708 0.1422 -0.8087
vn 0.8279 0.2989 -0.4745
vn -0.2990 -0.0283 -0.9538
vn -0.9257 -0.1308 -0.3548
vn -0.9880 -0.1039 -0.1145
vn -0.8695 -0.0759 0.4880
vn -0.3923 -0.0356 -0.9191
vn -0.9338 -0.1105 0.3404
vn -0.3202 0.0350 0.9467
vn 0.0587 0.0538 0.9968
vn -0.5490 -0.0190 0.8356
vn -0.0422 0.0197 0.9989
vn 0.2137 0.0073 0.9769
vn -0.1752 -0.0038 0.9845
vn 0.1148 0.0878 0.9895
vn 0.2295 0.1036 0.9678
vn 0.1503 0.0996 0.9836
vn 0.0973 0.0433 0.9943
vn 0.1436 0.1533 0.9777
vn 0.2444 -0.0148 0.9696
vn 0.0109 -0.0455 0.9989
vn 0.1782 -0.0111 0.9839
vn -0.5853 0.0878 0.8060
vn 0.3073 -0.0934 0.9470
vn -0.7811 0.2385 0.5770
vn -0.8934 0.2186 0.3926
vn 0.2858 0.1971 0.9378
vn -0.1161 0.1916 0.9746
vn 0.3978 0.1936 0.8968
vn 0.5738 0.1964 0.7951
vn 0.3011 0.1724 0.9379
vn 0.6034 0.1558 0.7821
vn -0.5005 0.1729 0.8483
vn -0.8812 0.0625 0.4686
vn -0.8010 0.0295 -0.5979
vn 0.1201 0.1332 0.9838
vn -0.4788 0.1593 0.8634
vn 0.5373 0.1112 0.8361
vn 0.8356 -0.0515 0.5469
vn -0.8122 0.0357 0.5823
vn 0.8645 -0.0287 0.5018
vn 0.9953 -0.0745 0.0613
vn 0.9971 -0.0539 0.0532
vn 0.2591 -0.0916 0.9615
vn 0.9670 -0.0170 0.2543
vn -0.9604 -0.0093 0.2785
vn 0.7589 0.0063 0.6512
vn 0.5067 0.0468 0.8608
vn 0.4738 0.0725 0.8777
vn 0.9640 -0.0735 0.2556
vn 0.9173 -0.0813 0.3897
vn 0.8220 -0.0570 0.5666
vn 0.8955 -0.0598 0.4409
vn 0.7610 -0.0415 0.6475
vn 0.7902 -0.0538 0.6105
vn 0.9458 -0.1091 0.3059
vn -0.9746 -0.1663 0.1497
vn 0.0051 -0.0744 0.9972
vn 0.9463 -0.1222 0.2993
vn 0.9466 -0.0938 0.3085
vn 0.7163 -0.0276 0.6973
vn 0.8465 -0.0458 0.5304
vn 0.7136 -0.0040 0.7005
vn 0.2315 -0.0009 -0.9728
vn 0.4974 0.0202 -0.8673
vn 0.3551 0.0013 -0.9348
vn -0.5244 0.0269 -0.8511
vn -0.5531 0.0493 -0.8316
vn 0.1548 -0.0405 -0.9871
vn 0.2825 -0.0993 -0.9541
vn -0.0006 -0.0348 -0.9994
vn 0.5366 0.0246 -0.8435
vn 0.3218 -0.0117 -0.9467
vn 0.6893 0.0708 -0.7210
vn 0.0874 0.1939 -0.9771
vn 0.4134 0.1741 -0.8938
vn 0.3435 0.1885 -0.9200
vn 0.6835 0.0857 -0.7249
vn 0.7642 0.0714 -0.6410
vn 0.7602 0.0370 -0.6486
vn 0.4846 0.1196 -0.8665
vn 0.7734 0.0834 -0.6284
vn 0.5963 0.1461 -0.7894
vn 0.2521 -0.0416 -0.9668
vn 0.7748 0.0785 -0.6274
vn 0.7141 0.0686 -0.6967
vn 0.2779 -0.0660 -0.9583
vn 0.2785 -0.1066 -0.9545
vn 0.2146 -0.0529 -0.9753
vn 0.7430 0.0687 -0.6657
vn 0.3781 -0.0036 -0.9258
vn 0.4963 0.0298 -0.8677
vn 0.6295 0.0422 -0.7759
vn -0.4494 0.2976 -0.8423
vn -0.6873 0.2576 -0.6791
vn 0.2915 0.1660 -0.9421
vn -0.1796 0.2456 -0.9526
vn -0.1333 0.2918 -0.9471
vn 0.1725 0.2055 -0.9633
vn -0.9817 0.1886 0.0271
vn -0.6480 0.2765 -0.7097
vn -0.8100 0.0708 0.5821
vn -0.6307 0.0331 0.7753
vn -0.3568 0.2772 -0.8921
vn -0.1105 0.2252 -0.9680
vn 0.1974 0.2015 -0.9594
vn -0.4133 0.2815 -0.8660
vn -0.9774 0.2088 0.0339
vn -0.9765 0.2057 0.0650
vn -0.1962 -0.0156 0.9804
vn 0.1809 -0.0475 0.9824
vn 0.1954 -0.0576 0.9790
vn 0.2665 -0.0580 0.9621
vn 0.6557 0.0960 -0.7489
vn -0.1366 -0.0154 0.9905
vn 0.1835 -0.0560 0.9814
vn 0.0561 -0.0383 0.9977
vn -0.6748 0.0782 0.7339
vn -0.6855 0.0056 0.7281
vn 0.2164 -0.0371 0.9756
vn -0.9747 0.2211 -0.0312
vn -0.6263 0.0119 0.7795
vn -0.9457 0.2441 -0.2148
vn -0.0300 -0.0651 0.9974
vn -0.3834 -0.0476 0.9224
vn 0.2071 -0.0369 0.9776
vn 0.7119 0.0704 -0.6987
vn 0.7189 0.0761 -0.6910
vn 0.1701 -0.0225 -0.9852
vn 0.5562 0.0264 -0.8306
vn 0.3521 0.0190 -0.9358
vn 0.5642 0.0344 -0.8249
vn -0.3044 0.0453 -0.9515
vn 0.1744 -0.0940 -0.9802
vn 0.1854 -0.0769 -0.9796
vn -0.4756 0.0506 -0.8782
vn -0.0901 -0.0242 -0.9956
vn 0.9703 0.2383 0.0418
vn 0.9744 0.2248 -0.0005
vn 0.6059 0.3281 -0.7248
vn -0.1654 0.0001 -0.9862
vn 0.2375 -0.1080 -0.9654
vn 0.2101 -0.0929 -0.9733
vn 0.3259 -0.1298 -0.9365
vn -0.1482 0.1269 -0.9808
vn 0.9861 0.1598 -0.0448
vn 0.9885 0.1448 0.0437
vn 0.8646 0.2513 -0.4350
vn 0.8662 0.2901 -0.4068
vn 0.8567 0.2318 -0.4608
vn 0.8794 -0.1078 -0.4636
vn 0.8384 -0.0957 -0.5366
vn 0.8307 -0.1089 -0.5459
vn 0.9349 0.2326 -0.2681
vn 0.8497 0.0868 0.5200
vn 0.9195 0.2412 -0.3103
vn 0.9510 0.2551 0.1750
vn 0.8891 0.1109 0.4441
vn 0.8544 0.3112 -0.4162
vn 0.9096 0.3750 -0.1791
vn 0.8087 0.2541 0.5305
vn 0.7250 0.2328 0.6482
vn 0.8907 0.2478 -0.3811
vn 0.8982 -0.0866 -0.4309
vn 0.9702 -0.0829 -0.2279
vn 0.9592 -0.0902 -0.2680
vn 0.8951 0.1806 -0.4077
vn 0.8803 0.0391 -0.4728
vn 0.8694 0.1926 -0.4550
vn 0.9273 0.3337 -0.1699
vn 0.1623 -0.0070 -0.9867
vn 0.4492 0.0520 -0.8919
vn 0.8714 0.2339 -0.4313
vn -0.0742 0.1915 -0.9787
vn 0.5776 0.2531 -0.7761
vn -0.3974 0.0088 -0.9176
vn -0.4018 0.0113 -0.9157
vn 0.4279 0.2925 -0.8552
vn 0.8622 0.2034 -0.4639
vn 0.8289 -0.0639 -0.5558
vn 0.8233 -0.1192 -0.5549
vn 0.9578 0.0251 0.2864
vn 0.8658 -0.0325 -0.4993
vn 0.8170 0.1413 0.5590
vn 0.2874 -0.1136 -0.9511
vn 0.3903 0.2051 -0.8976
vn 0.9611 0.2319 -0.1499
vn 0.8045 0.0612 0.5908
vn 0.9523 0.0199 0.3045
vn 0.9301 -0.0542 -0.3632
vn 0.1447 -0.0047 -0.9895
vn 0.9762 0.2090 -0.0574
vn 0.6783 0.2483 -0.6915
vn 0.8484 -0.0921 -0.5213
vn 0.8626 -0.1191 -0.4917
vn 0.9563 -0.1378 -0.2577
vn 0.2564 0.2202 -0.9412
vn -0.2301 0.1657 -0.9590
vn 0.2721 0.2582 -0.9270
vn 0.8073 0.2491 -0.5350
vn -0.5918 0.0959 -0.8004
vn -0.6307 0.0832 -0.7716
vn -0.1101 0.1880 -0.9760
vn 0.9326 -0.0575 -0.3562
vn 0.9342 0.0626 -0.3511
vn 0.8889 -0.0281 -0.4573
vn 0.8913 -0.0104 -0.4532
vn 0.3921 0.2439 -0.8870
vn -0.4842 0.1516 -0.8618
vn -0.5229 0.0465 -0.8511
vn -0.3262 0.1507 -0.9332
vn -0.5821 0.0835 -0.8088
vn -0.6486 0.0830 -0.7566
vn -0.1563 -0.0002 -0.9877
vn 0.6513 0.0475 -0.7573
vn -0.4321 0.0339 -0.9012
vn 0.2995 -0.1166 -0.9469
vn 0.3650 0.0050 -0.9310
vn 0.9250 -0.0465 -0.3772
vn 0.9261 -0.0742 -0.3699
vn 0.9980 0.0017 0.0636
vn -0.0105 -0.0119 -0.9999
vn 0.2883 -0.0360 -0.9569
vn 0.2764 -0.0883 -0.9570
vn 0.2039 -0.0429 -0.9781
vn 0.2121 -0.0166 -0.9771
vn 0.8286 -0.1056 -0.5498
vn 0.8240 -0.1084 -0.5561
vn 0.8795 -0.1136 -0.4622
vn 0.9622 -0.1176 -0.2456
vn 0.9995 0.0160 0.0264
vn 0.8868 -0.1027 -0.4505
vn 0.9602 0.1669 -0.2239
vn 0.9672 0.2160 -0.1334
vn 0.9637 0.2149 -0.1584
vn 0.5895 0.0269 -0.8074
vn -0.0057 0.0584 -0.9983
vn 0.9915 -0.0500 -0.1200
vn 0.9216 -0.0781 -0.3802
vn 0.1923 0.2262 -0.9549
vn -0.7195 0.0164 -0.6943
vn -0.6704 0.0258 -0.7415
vn -0.4602 0.0186 -0.8876
vn -0.4833 0.0278 -0.8750
vn -0.2535 0.1640 -0.9533
vn 0.3899 0.2467 -0.8872
vn -0.3501 0.1263 -0.9282
vn -0.1030 0.1978 -0.9748
vn -0.5303 0.0499 -0.8463
vn -0.2553 0.0236 -0.9666
vn -0.6792 0.0443 -0.7326
vn -0.6964 0.0577 -0.7153
vn -0.6024 0.0335 -0.7975
vn -0.7194 0.0327 -0.6938
vn 0.0451 -0.0135 -0.9989
vn -0.1271 0.0036 -0.9919
vn 0.1676 -0.0060 -0.9858
vn -0.2122 0.0111 -0.9772
vn -0.5606 0.0366 0.8273
vn -0.2312 -0.0039 0.9729
vn 0.0891 -0.0596 0.9942
vn -0.7625 0.1131 0.6370
vn -0.5235 0.0176 0.8519
vn 0.0640 -0.0253 0.9976
vn -0.1584 -0.0500 0.9861
vn 0.9049 -0.0927 0.4154
vn 0.0235 -0.0546 0.9982
vn 0.8783 -0.1616 0.4499
vn 0.3942 0.0012 -0.9190
vn 0.9030 -0.1105 0.4152
vn 0.8118 -0.0214 -0.5836
vn 0.6119 -0.0140 -0.7908
vn 0.8954 -0.0258 -0.4446
vn 0.5091 0.0324 -0.8601
vn 0.3849 0.0213 -0.9227
vn -0.2590 0.0005 -0.9659
vn -0.6266 0.0185 -0.7791
vn -0.6821 0.0526 -0.7293
vn -0.7408 0.0241 -0.6712
vn -0.7487 0.0172 -0.6627
vn -0.0765 0.0268 -0.9967
vn -0.7373 0.0328 -0.6748
vn -0.5813 0.0892 -0.8088
vn 0.8521 -0.0149 -0.5231
vn 0.9736 0.0955 0.2072
vn 0.9790 -0.0810 -0.1869
vn 0.9590 -0.0627 -0.2762
vn 0.9406 0.3188 -0.1164
vn 0.8374 -0.0751 -0.5413
vn 0.9696 -0.1378 -0.2022
vn 0.9828 -0.0803 -0.1663
vn 0.4580 0.0614 -0.8868
vn 0.7656 0.1282 -0.6304
vn 0.0594 -0.0133 -0.9981
vn 0.7925 0.0007 -0.6099
vn 0.5978 0.1631 -0.7849
vn 0.9659 0.2336 -0.1115
vn 0.9488 0.2364 -0.2095
vn 0.4736 0.4698 0.7450
vn 0.8394 0.2815 0.4650
vn 0.7902 0.2572 0.5563
vn 0.9531 0.2994 0.0442
vn 0.7928 0.1045 -0.6005
vn 0.7972 0.2593 0.5452
vn 0.9424 0.3304 0.0529
vn 0.6601 0.1001 -0.7445
vn 0.9145 0.2404 -0.3254
vn 0.4990 0.1295 0.8569
vn 0.4452 0.1425 0.8840
vn 0.5474 0.1289 0.8269
vn 0.6371 0.1526 0.7556
vn -0.9964 -0.0832 -0.0153
vn -0.9328 0.0742 0.3527
vn -0.1855 0.2127 0.9593
vn 0.9910 0.0455 -0.1258
vn 0.9944 0.0626 -0.0855
vn 0.9994 0.0235 -0.0273
vn 0.9245 0.1520 0.3497
vn -0.4275 -0.0198 0.9038
vn -0.9288 -0.0773 0.3625
vn 0.9669 -0.0748 0.2439
vn 0.9356 -0.0777 -0.3444
vn 0.9494 -0.0663 0.3069
vn 0.1966 -0.2165 0.9563
vn 0.5705 -0.1544 0.8067
vn 0.7363 0.1869 0.6503
vn 0.5906 0.1706 0.7888
vn 0.0098 0.1776 0.9841
vn 0.9925 0.0932 0.0794
vn 0.9622 0.0953 0.2550
vn 0.7220 0.1358 0.6784
vn 0.9150 -0.0211 -0.4029
vn 0.9136 -0.0389 -0.4047
vn -0.9560 0.0579 0.2877
vn -0.9935 -0.0504 -0.1019
vn -0.9941 -0.0933 -0.0551
vn 0.9836 0.0987 0.1508
vn 0.9712 -0.0004 -0.2383
vn 0.9246 0.0890 0.3703
vn 0.2444 0.0569 0.9680
vn -0.9814 -0.0932 0.1677
vn -0.9722 -0.0674 0.2242
vn 0.4966 0.1682 0.8515
vn 0.0606 0.2053 0.9768
vn -0.7576 -0.0686 0.6490
vn -0.1704 -0.0096 0.9853
vn -0.9950 -0.0833 -0.0545
vn -0.9996 -0.0091 0.0282
vn -0.9887 -0.0424 -0.1435
vn 0.9643 0.1149 -0.2384
vn 0.9955 -0.0018 0.0946
vn 0.9807 0.0844 -0.1763
vn 0.9698 -0.0461 0.2396
vn 0.8126 0.1651 0.5590
vn 0.0589 -0.1126 0.9919
vn 0.9762 -0.0064 0.2170
vn 0.9932 0.0735 -0.0901
vn -0.2831 0.1715 0.9436
vn -0.2687 0.1698 0.9481
vn 0.4429 0.2013 0.8737
vn 0.4720 -0.1025 0.8756
vn 0.5445 -0.0835 0.8346
vn -0.5950 -0.0709 0.8006
vn -0.7290 -0.0385 0.6834
vn -0.1773 -0.1084 0.9782
vn 0.5491 -0.1010 0.8296
vn 0.5956 -0.0980 0.7973
vn 0.8829 -0.0165 -0.4693
vn 0.9749 -0.0563 -0.2154
vn 0.3394 -0.1155 0.9335
vn 0.4298 -0.1319 0.8933
vn 0.8072 0.1430 0.5728
vn -0.9288 0.0632 0.3651
vn -0.4286 0.1968 0.8818
vn -0.8633 0.0857 0.4974
vn 0.8711 0.1415 0.4703
vn -0.9730 0.0147 0.2304
vn 0.2140 -0.1100 0.9706
vn -0.2021 -0.0942 0.9748
vn -0.4230 -0.1113 0.8993
vn 0.9446 -0.0775 0.3190
vn 0.9806 -0.0500 0.1893
vn 0.9275 0.0323 -0.3724
vn -0.6919 -0.0667 0.7189
vn 0.0262 -0.1297 0.9912
vn -0.9188 0.0518 0.3913
vn -0.9653 0.0518 0.2561
vn -0.9715 0.0447 0.2328
vn -0.9428 0.0077 0.3332
vn -0.9695 0.0033 0.2452
vn 0.9169 0.0903 0.3888
vn -0.8070 0.0843 0.5844
vn -0.9907 -0.0180 0.1345
vn -0.9884 0.0105 0.1516
vn -0.9386 -0.0870 0.3337
vn -0.9812 -0.0541 0.1852
vn -0.9511 -0.0160 0.3085
vn 0.9779 -0.0416 -0.2048
vn -0.1545 -0.1416 0.9778
vn -0.2133 -0.2332 0.9487
vn 0.5420 0.2171 0.8119
vn -0.6757 -0.0782 0.7330
vn -0.2662 -0.1126 0.9573
vn -0.0432 -0.1376 0.9895
vn 0.2185 0.2429 0.9451
vn -0.9869 -0.0469 0.1542
vn -0.7174 0.0543 0.6946
vn -0.3075 -0.1409 0.9411
vn -0.6659 -0.0577 0.7438
vn -0.6105 -0.1107 0.7842
vn 0.9303 -0.0210 -0.3661
vn 0.0665 0.0235 0.9975
vn -0.9271 0.0496 0.3715
vn -0.9527 0.0510 0.2995
vn -0.4117 0.1553 0.8980
vn -0.1620 0.1407 0.9767
vn 0.1139 0.1605 0.9804
vn -0.8913 0.0708 0.4478
vn -0.8095 0.0258 0.5865
vn -0.9132 0.0636 0.4026
vn -0.9367 0.0380 0.3481
vn 0.4155 0.0049 0.9096
vn -0.1463 0.0096 0.9892
vn 0.6684 -0.0067 0.7437
vn -0.4406 0.0660 0.8953
vn 0.3085 -0.0072 0.9512
vn 0.1717 0.0329 0.9846
vn 0.5175 0.1009 0.8497
vn 0.5056 0.0987 0.8571
vn 0.1455 0.1616 0.9761
vn -0.8318 0.1371 0.5379
vn -0.6720 0.1304 0.7290
vn -0.4263 0.1758 0.8873
vn 0.5135 0.0879 0.8536
vn -0.9064 0.0782 0.4150
vn -0.7370 0.0328 0.6751
vn 0.7519 -0.0325 0.6585
vn 0.3126 0.1391 0.9396
vn -0.1783 0.1820 0.9670
vn 0.6815 -0.0004 0.7318
vn -0.9463 0.2357 -0.2212
vn -0.7877 0.1156 -0.6051
vn -0.7313 0.1005 -0.6747
vn -0.4275 0.1641 0.8890
vn -0.8329 0.1380 0.5359
vn -0.3789 0.0360 0.9247
vn -0.8030 0.1009 0.5873
vn -0.5809 0.0887 0.8091
vn -0.8037 0.0587 0.5921
vn 0.6492 -0.0077 0.7606
vn -0.8056 0.1539 -0.5721
vn -0.9693 0.2395 0.0555
vn -0.9168 0.2327 -0.3246
vn 0.5991 0.0111 0.8006
vn 0.2675 0.1249 0.9554
vn -0.5903 0.2374 0.7715
vn 0.2930 0.0876 0.9521
vn -0.0320 0.1439 0.9891
vn -0.8854 0.2526 0.3902
vn -0.5483 0.1946 0.8133
vn -0.2398 0.2065 0.9486
vn -0.9679 0.2088 -0.1399
vn -0.9895 -0.1217 0.0775
vn -0.9628 0.0955 0.2527
vn -0.7150 -0.0546 0.6970
vn -0.9965 0.0417 0.0721
vn 0.7007 -0.0856 0.7083
vn 0.6644 -0.0185 0.7472
vn -0.1225 0.1511 0.9809
vn -0.6938 0.2361 0.6803
vn -0.4223 0.2348 0.8755
vn -0.9566 0.2233 0.1875
vn -0.2149 0.2311 0.9489
vn -0.7846 0.1389 -0.6042
vn -0.5606 0.0829 -0.8239
vn -0.8955 0.1544 -0.4173
vn -0.9324 0.2886 0.2177
vn -0.9710 0.2261 0.0783
vn -0.8759 0.2690 0.4006
vn -0.9719 0.2346 0.0161
vn -0.7735 0.1238 -0.6215
vn -0.9770 0.2060 0.0550
vn -0.5969 0.0884 -0.7974
vn -0.5908 0.1966 0.7825
vn -0.9686 0.2469 -0.0291
vn -0.9121 0.1961 -0.3601
vn 0.4030 -0.0464 0.9140
vn -0.6620 0.1046 -0.7422
vn -0.9297 0.1862 -0.3177
vn -0.7429 0.1223 -0.6581
vn -0.5461 0.0783 -0.8340
vn -0.6090 0.0910 -0.7879
vn -0.9274 0.2305 0.2947
vn -0.7057 0.1494 -0.6925
vn 0.6568 -0.1780 0.7327
vn -0.5748 0.0662 -0.8156
vn -0.5857 0.0837 -0.8062
vn -0.6631 0.1119 -0.7402
vn -0.9500 0.2527 0.1833
vn -0.8601 0.1534 -0.4865
vn -0.9670 0.2185 -0.1313
vn -0.8725 0.1673 -0.4591
vn -0.6363 0.0825 -0.7670
vn -0.6124 0.0923 -0.7851
vn -0.9704 0.0317 -0.2395
vn -0.8483 0.0853 -0.5227
vn -0.5664 0.0908 -0.8191
vn -0.6464 0.1033 -0.7559
vn -0.5579 0.0822 -0.8258
vn -0.5726 0.0672 -0.8171
vn -0.8111 0.0682 -0.5810
vn -0.6367 0.0854 -0.7664
vn -0.5739 0.0774 -0.8153
vn -0.7841 0.0883 -0.6144
vn -0.9943 -0.1045 0.0192
vn -0.9609 -0.1425 0.2375
vn -0.8135 -0.0197 0.5813
vn -0.5228 -0.0590 0.8504
vn -0.9931 -0.0240 0.1147
vn -0.9961 0.0032 0.0886
vn -0.8763 0.0579 -0.4782
vn -0.9769 0.0288 -0.2119
vn -0.9103 -0.0034 0.4139
vn -0.8575 -0.0240 0.5139
vn -0.1335 -0.0661 0.9888
vn -0.3456 -0.0812 0.9349
vn -0.7552 -0.0350 0.6545
vn -0.0968 -0.1324 0.9865
vn 0.8418 -0.2071 0.4985
vn 0.6033 -0.2001 0.7720
vn -0.1184 -0.0413 0.9921
vn 0.7009 -0.1263 0.7020
vn 0.9209 -0.2139 0.3259
vn 0.8099 -0.0990 0.5781
vn 0.1695 0.0820 0.9821
vn -0.6829 0.0870 -0.7253
vn -0.9172 0.0369 -0.3967
vn -0.7803 0.0627 -0.6222
vn -0.9942 -0.1049 -0.0217
vn -0.9865 0.1112 0.1205
vn -0.9886 0.1503 0.0052
vn 0.9783 -0.0957 0.1840
vn -0.9908 0.1087 0.0810
vn -0.9954 0.0901 -0.0338
vn 0.5384 -0.1474 0.8297
vn -0.6813 0.0074 0.7320
vn -0.5638 -0.0819 0.8218
vn 0.8343 -0.3634 0.4145
vn 0.5843 -0.0084 0.8115
vn 0.3643 0.0619 0.9292
vn -0.8284 0.1164 0.5479
vn -0.8918 -0.0170 -0.4520
vn -0.9446 0.0260 -0.3273
vn -0.4875 0.2156 0.8461
vn -0.3955 0.2710 0.8776
vn -0.7111 0.0404 -0.7019
vn -0.3153 0.1184 -0.9416
vn -0.3196 0.1021 -0.9420
vn -0.2990 0.1018 -0.9488
vn -0.3707 0.0673 -0.9263
vn -0.7607 0.2555 0.5967
vn -0.9570 0.2485 0.1496
vn -0.5283 0.0848 -0.8448
vn -0.8470 0.1492 -0.5102
vn -0.9661 0.1970 -0.1667
vn -0.0420 0.1458 0.9884
vn -0.6402 0.2366 0.7308
vn -0.6763 0.2791 0.6817
vn 0.3818 0.1411 0.9134
vn -0.6046 0.1791 0.7761
vn 0.5098 -0.0392 0.8594
vn -0.8094 0.0619 0.5840
vn 0.9872 0.1244 0.0993
vn -0.1865 0.1271 0.9742
vn -0.7854 0.0587 0.6162
vn -0.7567 -0.0707 0.6500
vn -0.9384 0.0042 0.3454
vn 0.6201 0.2844 0.7312
vn 0.5957 -0.0641 0.8006
vn 0.9358 0.1745 0.3062
vn 0.9293 0.0200 -0.3687
vn -0.9395 0.0448 0.3397
vn -0.5520 0.0854 0.8295
vn -0.3411 0.0978 0.9349
vn -0.6548 0.1039 0.7486
vn 0.1030 0.1753 0.9791
vn -0.1297 0.1691 0.9770
vn 0.0013 0.2167 0.9762
vn 0.1436 0.2378 0.9607
vn -0.9245 -0.0512 0.3776
vn -0.8461 0.0172 0.5327
vn -0.8060 -0.0291 0.5912
vn -0.7905 0.0019 0.6124
vn -0.6455 0.1006 0.7571
vn -0.4393 0.1161 0.8908
vn -0.3500 0.1525 0.9242
vn 0.1928 0.2558 0.9473
vn -0.5908 -0.1248 0.7971
vn -0.4236 0.0136 0.9057
vn -0.2589 0.1859 0.9478
vn -0.0088 -0.3193 0.9476
vn -0.5480 0.1055 0.8298
vn 0.0325 0.4079 0.9124
vn -0.0955 0.1281 0.9872
vn 0.7123 0.2137 0.6685
vn -0.6628 0.0876 0.7437
vn 0.3975 0.2630 0.8791
vn 0.0702 0.0656 0.9954
vn 0.0569 0.0809 0.9951
vn 0.8756 -0.0695 -0.4781
vn 0.9466 0.0406 -0.3198
vn 0.9916 -0.0634 -0.1130
vn 0.6884 -0.0210 -0.7250
vn 0.9141 -0.0930 -0.3946
vn 0.7637 0.0223 -0.6451
vn -0.5715 0.0717 0.8175
vn 0.2122 -0.0417 0.9763
vn 0.8700 -0.0700 -0.4881
vn 0.9745 -0.1312 0.1822
vn 0.5097 -0.0616 0.8581
vn 0.2689 0.1886 0.9445
vn -0.0460 0.2351 0.9709
vn 0.9452 -0.0622 0.3206
vn 0.9926 0.0553 -0.1080
vn 0.5398 0.1910 0.8198
vn 0.3265 0.1622 0.9312
vn -0.2175 0.1728 0.9606
vn -0.2162 0.0122 0.9763
vn -0.7352 0.0619 0.6750
vn 0.1642 0.1502 0.9749
vn -0.2244 0.0989 0.9695
vn -0.6931 0.0511 0.7190
vn 0.3328 -0.0731 0.9402
vn 0.8730 -0.0825 0.4806
vn -0.6906 0.0823 0.7185
vn -0.2171 0.1148 0.9694
vn -0.4289 0.1070 0.8970
vn 0.7855 -0.0974 -0.6111
vn 0.9826 0.1099 -0.1497
vn 0.4780 -0.0846 0.8743
vn 0.9834 -0.1174 0.1383
vn 0.9876 -0.1403 -0.0711
vn 0.6805 0.2041 0.7037
vn 0.8308 -0.1122 -0.5451
vn 0.5316 -0.1223 0.8381
vn 0.2895 0.2254 0.9303
vn 0.6875 0.2340 0.6875
vn 0.5988 0.1424 0.7882
vn 0.1660 0.1475 0.9750
vn 0.4035 0.1453 0.9034
vn 0.5429 0.2426 0.8040
vn 0.5834 0.2268 0.7799
vn 0.0660 0.1122 0.9915
vn 0.5291 0.1948 0.8259
vn 0.0478 0.1048 0.9933
vn 0.4261 0.1779 0.8870
vn 0.7301 0.0876 0.6778
vn 0.4800 0.2640 0.8366
vn -0.8989 -0.0438 0.4361
vn -0.7666 -0.0729 0.6380
vn -0.9269 -0.0495 0.3721
vn -0.9224 -0.0796 0.3780
vn -0.8382 0.0616 0.5419
vn 0.8387 0.1478 0.5242
vn 0.6127 0.1843 0.7685
vn -0.5046 0.3092 0.8061
vn -0.8442 -0.0505 0.5336
vn -0.9640 -0.0357 0.2633
vn -0.8162 -0.0859 0.5713
vn -0.7402 0.0352 0.6714
vn -0.3403 0.3408 0.8764
vn 0.2477 0.0394 0.9680
vn 0.4411 0.1042 0.8914
vn 0.4118 0.0792 0.9078
vn -0.3165 0.3216 0.8924
vn -0.6518 -0.0394 0.7573
vn -0.2071 0.4675 0.8594
vn 0.0602 0.0141 0.9981
vn 0.0959 0.0308 0.9949
vn -0.1502 -0.0323 0.9881
vn -0.3797 -0.0656 0.9228
vn -0.3956 -0.0570 0.9166
vn 0.1215 0.0256 0.9923
vn -0.0632 0.0100 0.9980
vn 0.1735 -0.0548 0.9833
vn 0.3411 0.1048 0.9342
vn 0.2830 0.1045 0.9534
vn -0.1928 0.1474 0.9701
vn -0.6761 0.2618 0.6887
vn -0.1653 0.1378 0.9766
vn -0.6926 0.2879 0.6613
vn -0.7503 0.2997 0.5892
vn -0.2761 -0.0268 0.9608
vn -0.7999 0.3754 0.4682
vn -0.6605 -0.0772 0.7469
vn 0.1418 0.1198 0.9826
vn 0.3847 0.0765 0.9199
vn -0.8273 0.2290 0.5130
vn -0.6954 0.1968 0.6912
vn -0.5498 0.2133 0.8076
vn -0.8864 0.4616 -0.0337
vn -0.3036 -0.0235 0.9525
vn -0.8306 -0.0713 0.5522
vn 0.3008 0.0709 0.9511
vn 0.4297 0.1025 0.8971
vn 0.4229 0.0897 0.9017
vn -0.8703 0.3060 0.3859
vn -0.9027 0.3028 -0.3056
vn -0.9499 0.2523 -0.1843
vn -0.9736 -0.0184 -0.2277
vn 0.1372 0.0396 0.9897
vn -0.5041 0.2032 0.8394
vn -0.4744 0.2075 0.8555
vn 0.1066 0.1641 0.9807
vn 0.1560 0.1322 0.9789
vn 0.1930 0.1449 0.9704
vn -0.7200 0.2013 0.6641
vn -0.9049 0.0898 0.4161
vn -0.2574 0.1216 0.9586
vn -0.8398 0.2279 0.4927
vn 0.4803 0.1516 0.8639
vn -0.9079 0.4164 -0.0473
vn -0.8034 0.5928 -0.0565
vn -0.8096 0.1889 0.5558
vn -0.8518 0.2118 0.4791
vn -0.8477 0.2247 0.4805
vn -0.8770 0.2047 0.4347
vn -0.7969 0.5942 0.1088
vn -0.7514 0.6576 0.0540
vn -0.9274 0.1778 0.3292
vn 0.1294 -0.4163 0.9000
vn -0.0105 0.1352 0.9908
vn -0.0711 0.1260 0.9895
vn -0.5805 0.1511 0.8002
vn -0.9211 0.3860 0.0512
vn -0.4469 0.3732 0.8130
vn -0.4658 0.3814 0.7985
vn -0.9032 0.4026 -0.1489
vn -0.5500 0.3642 0.7516
vn -0.6821 0.2000 0.7034
vn -0.8989 0.2528 0.3577
vn -0.8500 0.2116 0.4823
vn -0.9992 0.0366 0.0140
vn -0.9679 0.2327 0.0952
vn -0.5047 0.1850 0.8433
vn -0.0253 0.1022 0.9944
vn -0.3180 0.1223 0.9402
vn -0.1313 0.2504 0.9592
vn -0.8651 0.1219 -0.4866
vn -0.7057 0.0443 0.7071
vn -0.8890 0.1475 0.4335
vn 0.1536 0.0087 0.9881
vn -0.4532 0.0677 0.8888
vn 0.4284 -0.0161 0.9034
vn 0.6036 -0.0216 0.7970
vn -0.1407 0.1861 0.9724
vn 0.0857 0.0879 0.9924
vn -0.0755 0.1989 0.9771
vn 0.5937 -0.0374 0.8038
vn -0.7991 0.2656 0.5394
vn -0.1198 0.1687 0.9784
vn 0.4144 0.0764 0.9069
vn -0.8427 0.3295 0.4258
vn 0.2240 -0.0088 0.9745
vn 0.1335 -0.0513 0.9897
vn -0.9617 0.1544 -0.2267
vn -0.7268 0.2765 0.6287
vn -0.9448 0.2371 -0.2260
vn 0.6996 -0.0396 0.7135
vn 0.5529 -0.1548 0.8188
vn -0.9008 0.3160 -0.2978
vn -0.6955 0.5376 -0.4768
vn -0.9236 0.2948 0.2452
vn -0.9317 0.0451 -0.3603
vn -0.8489 0.4297 -0.3078
vn -0.7286 0.3886 -0.5641
vn -0.7131 0.3698 0.5956
vn 0.3372 -0.1221 0.9335
vn -0.8744 0.2721 0.4016
vn -0.0625 -0.3689 0.9274
vn -0.8104 0.3057 -0.4998
vn -0.8879 0.2734 -0.3699
vn -0.6800 0.2812 0.6772
vn -0.8753 0.3738 -0.3067
vn -0.7475 0.2911 -0.5971
vn -0.9423 0.1735 0.2864
vn -0.4845 0.0176 0.8746
vn -0.8678 0.4623 -0.1822
vn -0.2547 0.1234 -0.9591
vn -0.7327 0.1235 0.6692
vn -0.8495 0.4948 -0.1829
vn -0.2517 -0.0697 0.9653
vn -0.5929 0.2358 0.7699
vn -0.8065 0.5689 -0.1611
vn -0.9303 0.3666 0.0132
vn -0.7381 0.3491 0.5774
vn -0.9703 0.2300 0.0748
vn -0.7378 0.4370 0.5144
vn -0.7880 0.6124 0.0641
vn 0.6976 0.2236 0.6807
vn 0.6307 0.1866 0.7532
vn 0.9545 0.2037 0.2180
vn 0.5610 0.1377 0.8163
vn -0.8788 -0.2410 -0.4118
vn -0.9887 -0.1389 0.0566
vn -0.8409 -0.0455 -0.5393
vn 0.5480 0.1301 0.8263
vn 0.6482 0.1654 0.7433
vn 0.2181 0.1241 0.9680
vn 0.1483 0.1308 0.9802
vn 0.6291 0.1194 0.7681
vn -0.7142 0.0647 0.6970
vn 0.8293 -0.0019 0.5588
vn 0.7394 -0.0195 0.6730
vn 0.5532 0.1150 0.8251
vn 0.1913 0.1237 0.9737
vn 0.7559 -0.0090 0.6546
vn 0.7184 -0.0994 0.6884
vn 0.9523 -0.0215 0.3044
vn 0.9631 0.0445 0.2653
vn 0.9180 0.0143 0.3964
vn 0.9572 0.0220 0.2887
vn 0.9247 0.0218 0.3800
vn 0.5431 -0.0398 0.8387
vn 0.9201 -0.0741 0.3846
vn 0.8456 0.0266 0.5331
vn 0.7114 0.0317 0.7021
vn 0.6710 0.0372 0.7405
vn 0.9308 0.0620 0.3602
vn 0.9023 0.0658 0.4261
vn 0.9512 0.0607 0.3025
vn 0.8656 0.0662 0.4963
vn 0.8059 0.0831 0.5862
vn 0.9235 0.0487 0.3806
vn 0.7596 0.1216 0.6389
vn 0.7960 0.1205 0.5932
vn -0.0723 0.1016 0.9922
vn -0.3281 0.0867 0.9407
vn -0.4767 0.0853 0.8749
vn -0.7888 0.0269 0.6140
vn -0.7706 0.0210 0.6370
vn -0.5343 0.0079 0.8453
vn -0.8177 0.0380 0.5744
vn -0.8231 0.0504 0.5656
vn 0.7841 0.0044 0.6207
vn -0.8834 -0.4325 0.1804
vn 0.0324 -0.0504 0.9982
vn -0.9298 -0.2260 -0.2905
vn 0.9282 0.2244 0.2969
vn -0.6523 -0.4961 0.5730
vn -0.4663 -0.4457 0.7642
vn 0.9585 0.0421 0.2819
vn 0.6787 0.0342 0.7337
vn 0.8492 0.0161 0.5278
vn -0.4837 0.0813 0.8715
vn -0.5174 0.0097 0.8557
vn 0.1727 -0.0467 0.9839
vn -0.8098 0.0443 0.5851
vn 0.9038 0.0280 0.4269
vn -0.9701 -0.1757 0.1673
vn 0.9289 -0.0042 0.3703
vn 0.9002 -0.0093 0.4354
vn 0.9544 0.0059 0.2984
vn 0.6002 0.2436 0.7618
vn 0.5368 0.1911 0.8218
vn -0.3239 0.1196 0.9385
vn -0.7395 0.0617 0.6703
vn -0.7844 0.0343 0.6193
vn 0.7138 0.0095 0.7003
vn 0.7475 -0.0037 0.6643
vn -0.7450 0.0898 0.6609
vn 0.7349 0.0121 0.6780
vn 0.6030 0.0250 0.7973
vn 0.6820 0.0712 0.7279
vn 0.7169 0.0427 0.6959
vn 0.6859 0.0498 0.7260
vn 0.7098 0.0103 0.7044
vn -0.3869 -0.0826 0.9184
vn 0.6201 0.1483 -0.7704
vn 0.3100 0.4214 0.8523
vn -0.7728 -0.1330 0.6205
vn 0.8924 0.3853 -0.2350
vn 0.8750 0.3818 -0.2977
vn 0.3427 -0.0585 -0.9376
vn 0.5116 0.0288 -0.8588
vn -0.1805 0.0174 0.9834
vn 0.9593 0.2545 0.1222
vn -0.8407 -0.3458 -0.4167
vn -0.8576 -0.2307 0.4597
vn -0.9408 -0.2011 0.2731
vn -0.8511 -0.2704 0.4501
vn -0.9204 -0.2895 -0.2627
vn -0.0201 0.2791 0.9601
vn 0.6937 0.1951 -0.6934
vn 0.9579 0.2733 -0.0882
vn 0.6345 -0.0169 0.7728
vn -0.7594 -0.1987 0.6196
vn 0.2990 0.3248 0.8973
vn 0.7419 0.2970 0.6012
vn -0.0197 0.2869 0.9578
vn -0.7236 0.2086 0.6579
vn -0.9650 -0.0338 0.2602
vn 0.7421 0.3657 0.5618
vn 0.8659 0.3730 0.3334
vn 0.5370 0.1564 0.8289
vn 0.9555 0.2574 0.1442
vn 0.9902 0.1166 0.0762
vn 0.5788 0.1407 0.8032
vn 0.9687 0.2317 0.0897
vn 0.3479 0.0034 0.9375
vn 0.6880 0.0652 0.7228
vn 0.9762 0.0729 0.2041
vn -0.9763 -0.0963 0.1940
vn -0.7345 -0.2629 -0.6256
vn -0.7640 -0.3115 -0.5650
vn 0.2775 0.2642 0.9237
vn 0.7032 0.0578 0.7086
vn 0.9316 0.0706 0.3565
vn 0.9802 0.1146 0.1615
vn 0.8934 0.0609 0.4450
vn -0.7137 0.1751 -0.6782
vn -0.7889 0.0197 -0.6143
vn -0.8417 -0.1978 -0.5023
vn -0.6390 -0.1499 -0.7545
vn -0.9780 0.0622 0.1991
vn -0.9443 0.1685 0.2825
vn -0.2603 0.1320 0.9565
vn -0.8549 0.1395 0.4997
vn -0.7827 0.0305 -0.6216
vn 0.0884 0.2084 0.9740
vn 0.5298 0.1798 0.8288
vn -0.9876 0.0013 0.1571
vn -0.5398 0.1563 0.8271
vn -0.9855 0.0366 0.1655
vn 0.1768 0.1995 0.9638
vn 0.6764 0.1914 0.7112
vn -0.8146 0.0921 0.5727
vn -0.5841 -0.0505 -0.8101
vn -0.0025 0.2400 0.9708
vn 0.6810 0.2336 0.6941
vn 0.6207 0.2121 0.7549
vn 0.5727 0.2297 0.7869
vn 0.6993 0.2072 0.6842
vn 0.7947 0.2697 0.5438
vn 0.8476 0.3274 -0.4176
vn 0.6408 0.1531 -0.7523
vn 0.7076 0.2173 0.6723
vn 0.9418 0.2412 -0.2340
vn 0.9583 0.2669 -0.1020
vn 0.7261 0.2366 -0.6456
vn 0.6231 0.1798 -0.7612
vn 0.1466 0.1147 -0.9825
vn 0.9747 0.0984 -0.2006
vn 0.9427 0.2113 -0.2581
vn 0.9691 0.0109 -0.2463
vn 0.9326 -0.0079 -0.3609
vn 0.9555 0.0819 -0.2835
vn 0.9264 0.1660 -0.3381
vn 0.9087 0.1055 -0.4038
vn -0.5077 0.1027 -0.8554
vn -0.7016 0.0602 -0.7101
vn -0.3341 0.1383 -0.9323
vn -0.4962 0.0297 -0.8677
vn 0.0772 -0.0065 0.9970
vn 0.4164 -0.0669 0.9067
vn -0.5015 0.0739 0.8620
vn -0.6179 0.0143 0.7861
vn 0.9618 -0.1216 0.2452
vn 0.7943 -0.0619 0.6044
vn -0.7656 0.0621 0.6403
vn -0.7506 0.0709 0.6570
vn 0.6990 0.1799 0.6921
vn 0.5898 0.1641 0.7907
vn 0.6458 0.1826 0.7414
vn 0.5816 0.1692 0.7957
vn 0.5496 0.1374 0.8241
vn 0.6790 0.2188 0.7008
vn 0.6166 0.1942 0.7629
vn -0.6867 0.1746 0.7057
vn 0.0641 0.1566 0.9856
vn 0.6122 0.1553 0.7753
vn 0.5244 0.1221 0.8426
vn 0.1022 0.1682 0.9804
vn 0.9204 0.2665 0.2860
vn 0.7699 0.2197 0.5992
vn 0.6350 0.1791 0.7514
vn -0.9161 0.2723 0.2942
vn 0.0071 0.2945 0.9556
vn 0.6842 0.2223 0.6946
vn 0.6177 0.1997 0.7607
vn 0.6496 0.2011 0.7332
vn 0.9396 -0.0095 -0.3421
vn 0.8679 -0.0059 -0.4967
vn 0.9985 -0.0551 0.0070
vn -0.7938 0.3527 0.4954
vn -0.8664 0.3910 0.3106
vn -0.8454 0.3659 0.3891
vn -0.4570 0.2003 0.8666
vn -0.4699 0.1329 0.8727
vn -0.3662 0.1136 0.9236
vn -0.4535 0.1856 0.8717
vn 0.0343 0.1229 0.9918
vn -0.0301 0.1548 0.9875
vn 0.1185 0.1500 0.9816
vn -0.7378 0.1983 0.6452
vn -0.7715 0.2452 0.5871
vn -0.6289 0.1612 0.7606
vn -0.6868 0.1816 0.7038
vn -0.9413 0.3001 0.1548
vn 0.5909 0.1738 0.7878
vn 0.5659 0.1569 0.8094
vn 0.6852 0.1483 0.7131
vn 0.6162 0.2075 0.7597
vn 0.5202 0.1482 0.8411
vn -0.5949 0.1981 0.7790
vn -0.6444 0.1808 0.7430
vn -0.5843 0.1728 0.7930
vn 0.8780 0.3842 0.2855
vn 0.9076 0.3193 0.2725
vn 0.9302 0.3184 0.1829
vn -0.5205 0.1051 0.8474
vn -0.4130 0.0420 0.9098
vn -0.5447 0.1195 0.8300
vn -0.5163 0.1367 0.8454
vn 0.0508 0.1430 0.9884
vn 0.1405 0.1238 0.9823
vn 0.2854 0.0927 0.9539
vn 0.3259 0.1364 0.9355
vn 0.2997 0.1760 0.9377
vn 0.3824 0.1329 0.9144
vn 0.7682 -0.0255 0.6397
vn 0.4612 0.1588 0.8730
vn 0.4682 0.1362 0.8731
vn 0.4887 0.1347 0.8620
vn 0.3226 -0.0187 0.9463
vn 0.3507 0.0826 0.9328
vn -0.8984 0.3897 0.2026
vn 0.8245 -0.0722 0.5613
vn -0.0844 0.1143 0.9899
vn -0.2181 0.1089 0.9698
vn 0.0008 0.0488 0.9988
vn 0.0415 0.0387 0.9984
vn -0.1486 0.1239 0.9811
vn -0.0990 0.0488 0.9939
vn 0.2189 0.0740 0.9729
vn 0.7825 0.2886 -0.5518
vn 0.7976 0.2807 -0.5339
vn 0.6996 0.2613 -0.6651
vn 0.7373 0.2796 -0.6150
vn 0.0104 0.2241 -0.9745
vn 0.0370 0.2264 -0.9733
vn 0.0113 0.2341 -0.9721
vn 0.1024 0.1799 -0.9784
vn 0.1760 0.1881 -0.9663
vn 0.3047 0.1888 -0.9335
vn 0.9111 0.3490 -0.2191
vn 0.9077 0.3099 -0.2831
vn 0.8749 0.2714 -0.4011
vn 0.0407 0.2120 -0.9764
vn 0.0089 0.2230 -0.9748
vn 0.0089 0.2015 -0.9794
vn 0.0656 0.2024 -0.9771
vn 0.1818 0.2288 -0.9563
vn 0.6235 0.2572 -0.7383
vn 0.5296 0.2586 -0.8079
vn 0.5391 0.3085 -0.7837
vn 0.8736 0.2518 -0.4165
vn 0.4407 0.2124 -0.8722
vn 0.2773 0.2417 -0.9299
vn -0.8751 0.3365 -0.3478
vn -0.8734 0.3376 -0.3511
vn -0.8992 0.3190 -0.2995
vn -0.0034 0.2164 -0.9763
vn 0.0130 0.2055 -0.9786
vn 0.0029 0.1945 -0.9809
vn -0.3333 0.2921 -0.8964
vn -0.1789 0.1640 -0.9701
vn -0.4450 0.1775 -0.8778
vn -0.7513 0.2405 -0.6146
vn -0.8040 0.3277 -0.4961
vn -0.1363 0.2016 -0.9699
vn -0.1781 0.2181 -0.9596
vn -0.8445 0.3639 -0.3930
vn -0.8282 0.3173 -0.4620
vn -0.0497 0.1881 -0.9809
vn -0.1047 0.2015 -0.9739
vn -0.0665 0.1950 -0.9785
vn -0.7170 0.2505 -0.6505
vn -0.7667 0.2794 -0.5780
vn 0.0095 0.2079 -0.9781
vn -0.3294 0.3852 -0.8621
vn -0.0260 0.2074 -0.9779
vn 0.0029 0.0540 0.9985
vn 0.6155 0.2809 -0.7364
vn 0.6382 0.1610 -0.7528
vn 0.4856 0.2323 0.8427
vn 0.4337 0.1166 0.8935
vn 0.7602 0.3146 -0.5685
vn 0.8104 0.3040 -0.5008
vn 0.8411 0.3138 -0.4405
vn 0.9193 0.2976 0.2575
vn -0.3522 0.1268 0.9273
vn -0.9286 0.3649 0.0671
vn -0.9273 0.3219 -0.1909
vn 0.6629 0.2668 -0.6996
vn -0.2633 0.1227 0.9569
vn 0.6731 0.1823 -0.7167
vn 0.7809 0.2437 -0.5751
vn -0.3925 0.4201 -0.8182
vn -0.5076 0.1840 -0.8417
vn -0.4612 0.2402 -0.8542
vn 0.9406 0.3387 -0.0214
vn 0.9387 0.3158 -0.1381
vn -0.2151 0.1504 0.9650
vn 0.0063 0.2618 -0.9651
vn 0.0111 0.2643 -0.9644
vn -0.7703 0.1805 0.6116
vn -0.8207 0.2706 0.5032
vn 0.3768 0.2109 -0.9019
vn 0.9426 0.3315 0.0396
vn 0.5553 0.2834 -0.7819
vn -0.6856 0.2400 -0.6873
vn -0.6347 0.2292 -0.7380
vn -0.5673 0.1956 -0.8000
vn -0.5349 0.1300 0.8348
vn -0.9334 0.3342 -0.1306
vn -0.9304 0.3227 -0.1736
vn -0.9483 0.3150 -0.0393
vn 0.8743 0.2942 -0.3860
vn 0.8998 0.2899 -0.3260
vn -0.4833 0.1635 -0.8601
vn -0.5127 0.3370 0.7896
vt 2.871124 -5.764732
vt 3.072375 -5.656108
vt 2.901407 -5.580094
vt -5.898988 -1.867702
vt -5.933659 -1.648960
vt -6.066413 -1.680374
vt -5.688185 0.729860
vt -5.872174 0.745419
vt -5.724922 0.548906
vt 4.053062 -4.879219
vt 4.012424 -5.007567
vt 4.186137 -4.858818
vt 2.728243 -5.732965
vt 2.665739 -5.865317
vt -5.514583 -2.103224
vt -5.699131 -2.250639
vt -5.473579 -2.243750
vt -5.702028 -2.500904
vt -5.663680 -2.728374
vt -5.567884 -2.559586
vt 2.647907 -5.610611
vt 3.539049 -5.183602
vt 3.410850 -5.275148
vt 3.650181 -5.286727
vt -6.084530 -0.997784
vt -5.979809 -0.908342
vt -6.045800 -0.787464
vt 4.291937 -4.477249
vt 4.386324 -4.573294
vt 4.458227 -4.329578
vt -5.389559 1.734289
vt -5.176685 1.692265
vt -5.263483 1.891130
vt -5.715484 1.740240
vt -5.508296 1.571817
vt -5.583786 1.786930
vt 4.693565 -4.241508
vt 4.675267 -4.378082
vt 4.826951 -4.206926
vt 3.742809 -4.853067
vt 3.847045 -4.983668
vt 3.965497 -4.776958
vt -5.974541 0.306240
vt -5.963869 0.086372
vt -5.763825 0.151167
vt -6.166750 -0.552992
vt -6.196205 -0.784636
vt -6.060719 -0.646729
vt 3.780720 -4.700035
vt 3.915057 -4.617516
vt 3.621202 -5.056182
vt 3.484582 -4.836424
vt 3.374302 -4.960686
vt -4.878614 2.827404
vt -4.839717 3.009645
vt -5.050290 2.899874
vt -5.582192 0.016205
vt -5.485496 0.145750
vt -5.589825 0.269232
vt 4.681995 -3.848137
vt 4.752350 -3.996780
vt 4.897325 -3.828037
vt 1.361284 -6.278979
vt 1.585278 -6.232839
vt 1.433452 -6.062557
vt 4.375734 4.470242
vt 4.271583 4.578756
vt 4.227066 4.411242
vt 5.038809 3.655951
vt 5.112503 3.849701
vt 4.857899 3.757151
vt 0.546299 -6.183427
vt 0.652610 -6.051803
vt 0.520445 -5.946165
vt 1.321920 -5.947694
vt 1.219134 -6.127889
vt 3.855123 4.293938
vt 4.003126 4.183372
vt 4.095446 4.316618
vt 3.623018 5.058624
vt 3.759243 4.873657
vt 3.856678 4.995737
vt 0.682673 -6.379295
vt 0.561026 -6.318583
vt 0.455311 -6.404070
vt 1.671733 -6.105333
vt 3.915852 3.443922
vt 3.692928 3.493883
vt 3.778517 3.339920
vt 2.219599 -5.892110
vt 2.069291 -5.884293
vt 2.112580 -6.011250
vt 5.245946 3.663967
vt 5.149431 3.477739
vt 5.372916 3.473759
vt 4.859180 2.032217
vt 4.869682 1.859110
vt 5.038266 1.865162
vt 2.243437 -6.040721
vt 2.456426 -5.957446
vt 2.358914 -5.835146
vt 1.864653 -5.965693
vt 1.915412 -5.795369
vt 5.046754 0.092178
vt 5.152852 0.248077
vt 4.964556 0.237768
vt 4.630493 1.679007
vt 4.796091 1.707962
vt 4.710935 1.928936
vt 2.489897 -5.749650
vt 1.807383 -6.178349
vt 4.869192 2.792408
vt 5.035077 2.905165
vt 4.798461 3.002274
vt 4.774083 4.014761
vt 4.672009 4.222401
vt 4.629581 4.033081
vt 0.326428 -6.262647
vt 0.227710 -6.426556
vt 2.742450 -5.252039
vt 2.812659 -5.104462
vt 2.644315 -5.103774
vt 5.679701 2.491417
vt 5.740770 2.278585
vt 5.868847 2.326805
vt 5.776659 -1.138918
vt 5.693128 -0.917669
vt 5.610199 -1.052097
vt -3.484492 -5.248188
vt -3.254066 -5.303727
vt -3.262348 -5.165965
vt -0.334371 -6.343030
vt -0.455312 -6.404072
vt -0.227710 -6.426556
vt 5.844204 -0.963749
vt 6.031673 -1.152113
vt 6.069121 -0.995604
vt 5.847884 -2.082785
vt 5.782513 -1.945332
vt 5.648436 -2.017376
vt 0.639456 -1.001514
vt 0.500586 -0.861654
vt 0.469284 -1.031609
vt 5.979507 -2.246288
vt 6.050772 -2.028986
vt 2.967617 -4.061340
vt 2.752846 -4.056742
vt 2.858055 -4.160656
vt -3.567559 -4.156202
vt -3.593088 -4.329941
vt -3.350880 -4.276785
vt 6.238784 -0.102499
vt 6.066027 -0.197784
vt 6.161544 -0.324226
vt -2.317328 -5.160002
vt -2.231657 -5.270089
vt -2.110729 -5.080357
vt -2.088691 -5.941190
vt -2.158649 -5.688255
vt -2.280099 -5.778729
vt 1.029085 -0.600000
vt 1.258749 -0.516907
vt 1.146468 -0.409801
vt 6.167185 -0.492081
vt 6.331083 -0.455418
vt -1.838147 -5.929421
vt -1.695144 -5.890708
vt -1.826475 -5.721962
vt -1.706300 -5.287530
vt -1.845396 -5.100635
vt -1.937327 -5.257472
vt 6.352984 -0.227760
vt 6.247426 -1.136349
vt 6.279496 -0.909903
vt -3.277059 -4.991878
vt -3.084554 -4.944901
vt -3.207190 -4.847258
vt -0.555682 -6.269533
vt -0.682673 -6.379295
vt 5.153945 -1.431896
vt 4.973200 -1.337730
vt 5.022684 -1.499334
vt 5.591343 -2.788391
vt 5.711825 -2.877579
vt 5.651979 -2.651300
vt -5.395719 -2.545328
vt -5.516994 -2.422297
vt 4.217307 -3.848604
vt 4.408401 -3.988789
vt 4.486754 -3.861788
vt 5.245946 -3.663967
vt 5.372915 -3.473759
vt 5.160672 -3.469563
vt -1.366881 -0.371325
vt -1.163773 -0.240671
vt -1.388967 -0.178944
vt -0.916453 0.066968
vt -0.899380 0.113567
vt -1.057014 0.049679
vt -1.003306 -0.062196
vt 4.590440 -4.150116
vt 4.580726 -3.977709
vt 5.809507 -2.670799
vt -1.560932 -0.723391
vt -1.635418 -0.861835
vt -1.436516 -0.980217
vt 5.817646 -2.241859
vt 5.898926 -2.460314
vt -4.803042 -3.575254
vt -4.565829 -3.534788
vt -4.752401 -3.441940
vt 0.623251 -0.739738
vt 0.466064 -0.667608
vt 5.606297 -3.080473
vt 5.402653 -3.096117
vt 5.493149 -3.279217
vt 2.985799 -2.946177
vt 3.101995 -3.092129
vt 3.138313 -2.858046
vt 0.306789 -0.825756
vt 0.346654 -1.153370
vt 0.599275 -1.270491
vt 2.812537 -5.415442
vt 3.066315 -5.384776
vt 4.108635 4.488251
vt 5.666348 -2.299543
vt 5.699697 -2.499914
vt -4.260370 -3.455971
vt -4.136448 -3.556150
vt -4.046280 -3.440575
vt 5.134764 -3.317194
vt 5.023710 -3.483561
vt 4.062876 -2.148001
vt 3.904826 -2.199793
vt 3.948862 -2.360176
vt -4.455635 -4.327118
vt -4.572807 -4.134487
vt -4.682496 -4.231697
vt -6.071561 0.995949
vt -6.011467 1.212809
vt -6.149308 1.235870
vt -0.981203 -0.669760
vt -1.032542 -0.713991
vt -0.956746 -0.743319
vt -0.770320 -6.158218
vt -0.980883 -6.047672
vt -1.005087 -6.213380
vt -1.520361 -5.608509
vt -1.541673 -5.457379
vt -1.681238 -5.519153
vt 3.799602 -1.993324
vt 3.926866 -1.950592
vt -1.046495 -4.698019
vt -1.229870 -4.634808
vt -1.172122 -4.821993
vt -1.361284 -6.278979
vt -1.362844 -6.127513
vt -1.518396 -6.098117
vt -1.147030 -5.847350
vt -1.313836 -5.855599
vt -1.214112 -6.098813
vt 6.273963 0.335041
vt 6.124205 0.548481
vt 6.141333 0.322283
vt 6.211071 0.099966
vt 6.081201 -0.040051
vt -0.000000 -6.447902
vt -0.103178 -6.323325
vt 3.804016 -3.602034
vt 3.914376 -3.690737
vt 4.033844 -3.390202
vt -2.026984 -6.114525
vt -2.243437 -6.040721
vt -0.909619 -6.350969
vt -0.787117 -6.292790
vt -2.029312 -5.767043
vt 0.308721 1.606379
vt 0.388258 1.761301
vt 0.156336 1.684973
vt -2.318074 -5.917604
vt -2.456425 -5.957446
vt 0.683666 -2.033024
vt 0.652185 -1.811050
vt 0.529648 -1.891285
vt 0.119650 -4.304289
vt 0.045153 -4.492134
vt 0.221681 -4.478716
vt -2.489415 -5.748555
vt -3.412169 -3.702095
vt -3.409434 -3.848085
vt -3.225790 -3.775917
vt -0.999001 -5.465171
vt -0.932967 -5.611515
vt -0.880049 -5.357341
vt 2.062847 0.100800
vt 2.132622 -0.062889
vt 2.280878 0.097025
vt -2.871124 -5.764732
vt -2.665739 -5.865317
vt -2.640665 -5.711667
vt -2.938332 -5.648508
vt -2.777092 -5.646141
vt -2.874563 -5.530360
vt -4.531801 -1.113483
vt -4.684298 -1.124817
vt -4.470414 -1.253538
vt -3.072375 -5.656108
vt -3.074448 -5.434385
vt -4.189887 2.251017
vt -4.180328 2.410606
vt -4.353264 2.345608
vt -4.010443 0.872011
vt -3.834113 0.690157
vt -3.853863 0.847420
vt -3.650181 -5.286727
vt -3.462091 -5.416820
vt -1.514562 0.295071
vt -1.406189 0.483648
vt -1.546603 0.438913
vt -3.617982 -5.051855
vt -3.698745 -5.160426
vt -3.833677 -5.150229
vt -5.578304 0.447264
vt -5.307735 0.560196
vt -5.538859 0.621252
vt -4.382112 -4.150444
vt -3.803974 -4.929703
vt 5.602372 0.272482
vt 5.759373 0.254045
vt 5.807230 0.434671
vt 4.149468 1.884935
vt 4.330564 2.051748
vt 4.211600 2.133574
vt -4.017634 -4.837845
vt -4.186137 -4.858820
vt -4.012423 -5.007568
vt -3.716090 -0.757774
vt -3.655508 -0.983442
vt -3.524947 -0.789665
vt -4.221541 -4.728292
vt -4.354615 -4.704166
vt -4.509230 0.801701
vt -4.347740 0.934454
vt -4.448398 1.054991
vt 0.097404 -6.261740
vt -2.081032 -2.661591
vt -1.909222 -2.810034
vt -1.843566 -2.663300
vt -4.692794 -3.844273
vt -4.902839 -3.832294
vt -4.750006 -3.994841
vt -4.972745 -4.030727
vt -4.826952 -4.206926
vt 2.572476 5.232552
vt 2.762680 5.323067
vt 2.503134 5.373884
vt 4.829439 2.249132
vt 5.010135 2.230742
vt 4.880501 2.476656
vt -5.123614 -3.301647
vt -5.020864 -3.480810
vt -4.979910 -3.348898
vt -4.579640 -2.626982
vt -4.678761 -2.725264
vt -4.475161 -2.719549
vt -1.616751 1.109249
vt -1.767673 1.258839
vt -1.829085 1.045952
vt 2.546671 4.922857
vt 2.674215 5.112417
vt 2.492998 5.096659
vt 1.447151 6.129063
vt 1.585278 6.232838
vt 1.361283 6.278980
vt -1.135921 -6.317914
vt -0.279616 -1.281549
vt -0.517300 -1.410568
vt -0.399409 -1.501759
vt 3.833678 -5.150229
vt 5.321846 -1.591238
vt 5.574326 -1.544270
vt 5.301157 -1.442173
vt -5.245945 -3.663969
vt -5.158395 -3.468042
vt -5.372917 -3.473757
vt -0.254388 -1.467361
vt -0.335521 -1.636417
vt 4.129456 4.627975
vt 4.221131 4.727846
vt 3.975161 4.788240
vt -4.675267 -4.378082
vt 0.489869 -3.109354
vt 0.280291 -3.055191
vt 0.388297 -3.242785
vt -5.269058 -3.343233
vt -5.493148 -3.279217
vt -5.614352 -1.487394
vt -5.558463 -1.641605
vt -5.480254 -1.513992
vt -3.152285 3.770597
vt -3.128513 4.000854
vt -3.270022 4.013367
vt -5.689450 -0.827036
vt -5.834807 -0.708040
vt -5.844369 -0.933283
vt -5.898926 -2.460312
vt -5.809507 -2.670799
vt 1.580372 4.542593
vt 1.386092 4.473818
vt 1.602046 4.405655
vt -2.781481 1.116642
vt -2.598733 1.223803
vt -2.752868 1.277250
vt -1.532160 2.081619
vt -1.346393 2.146269
vt -1.564922 2.233988
vt -5.778678 -2.374866
vt -5.789313 -1.738199
vt 3.574128 -4.641159
vt 3.415124 -4.516582
vt 3.350522 -4.714359
vt 2.440844 -4.816557
vt 2.259544 -4.969137
vt 2.495229 -4.993710
vt 1.733521 -4.093218
vt 1.529773 -4.100054
vt 1.539186 -4.303701
vt -5.979508 -2.246288
vt -5.836818 -2.079157
vt -6.050771 -2.028986
vt 3.557451 -4.373249
vt 3.602734 -4.171944
vt 3.451815 -4.256205
vt -6.000451 -1.436949
vt -6.165144 -1.586233
vt -5.865975 -1.339970
vt -6.039541 -1.215708
vt 0.837895 -5.371570
vt 0.702164 -5.582792
vt 0.947702 -5.530364
vt -5.976698 -0.532846
vt 2.749285 -3.886381
vt 2.583286 -3.924843
vt -6.306973 -0.682852
vt -6.331083 -0.455420
vt 3.124432 -5.519212
vt 3.270040 -5.328712
vt -6.192397 -0.409014
vt -4.630798 3.896200
vt -4.779747 4.019445
vt -4.771293 3.878035
vt 0.404311 -6.078859
vt 3.695590 2.113094
vt 3.899217 2.239830
vt 3.740299 2.268213
vt 5.873053 -0.101572
vt 0.548202 -4.495480
vt 0.715441 -4.397411
vt 0.565386 -4.333153
vt 5.888408 0.894186
vt 5.859478 1.117720
vt 5.740973 0.929489
vt 0.337223 1.905956
vt 0.425192 2.050491
vt 0.268195 2.037979
vt 2.338706 0.294300
vt 2.173937 0.218622
vt 6.014878 0.426455
vt 6.112481 1.808781
vt 5.971252 1.712206
vt 6.165144 1.586233
vt 0.568513 -0.468180
vt 0.683925 -0.586212
vt 6.090702 0.774199
vt 5.864455 0.744488
vt 5.953075 0.591812
vt 0.796362 -0.338013
vt 0.952524 0.720547
vt 0.785302 0.775288
vt 0.806953 0.621710
vt 5.901339 1.868361
vt 6.050772 2.028986
vt 5.979508 2.246288
vt 5.835277 2.078651
vt 6.306974 -0.682852
vt 5.584162 -0.803328
vt 5.781950 -0.771364
vt 5.590317 2.693714
vt 5.454804 2.722595
vt 5.391046 2.599581
vt 6.132433 -0.849958
vt 5.982412 -0.797861
vt 5.127305 -3.079424
vt 5.074870 -2.853577
vt 4.983747 -3.074982
vt 5.898926 2.460314
vt 5.829944 -1.800703
vt 5.975384 -1.658834
vt 5.836220 -1.661652
vt 6.008290 0.986986
vt 5.585471 2.349201
vt 0.779608 -0.225462
vt 0.710617 -0.297046
vt 5.398045 3.093493
vt 5.606297 3.080473
vt 5.493149 3.279217
vt 5.432992 -2.172705
vt 5.286482 -2.195452
vt 5.325477 -2.362093
vt 5.517129 2.496809
vt 5.317398 2.380499
vt -4.695869 4.140247
vt -4.826950 4.206924
vt 1.320373 -0.017797
vt 1.461922 -0.044008
vt 1.427861 0.125639
vt 1.263559 -5.148534
vt 1.436695 -5.147307
vt 1.348488 -4.916313
vt 5.216713 2.990257
vt 5.252737 3.137854
vt -1.201151 0.750017
vt -1.050882 0.770161
vt -1.251362 0.893074
vt 4.972746 4.030727
vt 4.882664 3.907650
vt -0.836108 -5.980673
vt -0.680874 -6.017428
vt 0.772001 -6.171691
vt 4.620530 3.887705
vt 0.267691 -0.996746
vt 4.434383 -2.550817
vt 4.484288 -2.775457
vt 4.589706 -2.634176
vt 4.826952 4.206924
vt 0.949617 -0.252975
vt 0.790858 -0.162352
vt 5.045349 3.230783
vt 5.177569 3.269886
vt 4.972725 3.347988
vt 5.968853 -1.887281
vt 4.354615 4.704166
vt 4.970321 -1.938900
vt 4.724755 -1.973162
vt 4.842682 -2.094448
vt 5.613719 -0.332174
vt 5.460857 -0.138491
vt 5.455982 -0.299501
vt 4.147364 -4.437241
vt 4.074981 -4.568628
vt 4.484397 3.754072
vt 4.413256 3.962702
vt 3.546894 4.859913
vt 2.026984 -6.114525
vt 4.187979 -4.691729
vt 3.447813 5.195156
vt 3.650181 5.286728
vt 1.215359 -5.735775
vt 1.452796 -5.855477
vt 3.473543 5.001949
vt 3.313686 5.001234
vt 3.129364 4.960634
vt 3.151865 4.798586
vt 3.334765 4.847429
vt 3.141205 -5.258736
vt 2.918724 -5.228792
vt 2.833221 -4.726059
vt 2.679082 -4.900677
vt 2.877942 -4.954641
vt 4.012425 5.007566
vt 3.833679 5.150230
vt 2.665740 5.865318
vt 2.456426 5.957445
vt 2.499950 5.772484
vt 2.433581 -5.168468
vt 2.192157 -5.100959
vt 2.664161 -5.457303
vt 2.871125 5.764732
vt 2.938140 5.648148
vt 3.072376 5.656109
vt 2.017550 -5.649924
vt 1.798672 -5.604804
vt 3.074433 5.434361
vt 4.354615 -4.704166
vt 2.262117 5.773363
vt 2.423404 5.598574
vt 1.626431 6.003937
vt -0.955836 5.052870
vt -1.036513 5.307774
vt -1.179650 5.211590
vt -2.491947 5.754313
vt -2.307120 5.662849
vt -2.279080 5.817869
vt 1.687881 5.631849
vt 1.553956 5.525921
vt 1.699247 5.470413
vt 1.210325 6.089655
vt 1.269726 5.960049
vt -1.466614 0.946131
vt -1.431550 0.727226
vt -2.373752 4.762959
vt -2.357896 4.932529
vt -2.517834 4.844404
vt 2.667988 4.070156
vt 2.512012 4.092796
vt 2.557610 3.858343
vt -1.356767 0.022654
vt -1.557056 -0.016867
vt 0.455313 6.404070
vt 0.227712 6.426556
vt 0.328677 6.285391
vt 0.682675 6.379295
vt 0.780876 6.242783
vt 0.909619 6.350969
vt -4.775654 2.492165
vt -4.938671 2.651005
vt -4.957376 2.467657
vt -5.476591 2.884121
vt -5.365444 2.756271
vt -5.267334 2.880224
vt -0.909618 6.350969
vt -0.772015 6.171799
vt -0.682673 6.379295
vt -4.964351 3.879786
vt -5.036889 3.654572
vt -4.861606 3.768890
vt 1.192647 5.840115
vt 1.153018 5.650015
vt 1.347089 5.643318
vt -0.769445 2.121916
vt -0.915634 2.048058
vt -0.730955 1.913656
vt 0.115497 6.239607
vt 0.311614 6.112677
vt -2.979827 4.193979
vt -2.916551 4.333490
vt -3.117507 4.367325
vt -0.023979 6.298437
vt 0.000001 6.447903
vt -3.006353 4.060604
vt -3.161546 4.229666
vt 2.156368 5.603321
vt 5.029406 -0.234636
vt 4.940821 -0.047445
vt 4.893927 -0.202284
vt 4.984110 -3.351704
vt 0.430222 5.492512
vt 0.625613 5.391037
vt 0.627719 5.589821
vt -6.112480 -1.808781
vt -1.482350 0.131819
vt -5.649179 2.721521
vt -5.596026 2.946241
vt -2.009677 -1.004635
vt -1.964617 -0.828878
vt -2.157130 -0.887951
vt -0.085608 -1.127069
vt -0.115432 -0.962019
vt -0.250184 -1.094727
vt -5.817060 2.242239
vt -5.979507 2.246288
vt -5.847192 2.082560
vt -6.050771 2.028986
vt -0.756572 0.612816
vt -0.872486 0.706680
vt -0.929397 0.568811
vt -1.333907 -0.868807
vt -1.168165 -0.847885
vt -1.233246 -0.694027
vt -5.051121 3.117804
vt -4.990891 3.272488
vt -5.260410 3.269804
vt -5.606295 3.080473
vt -5.711824 2.877579
vt -3.722758 -3.993355
vt -3.644927 -3.844456
vt -3.794489 -3.789804
vt -1.492261 -4.369783
vt -1.617785 -4.498518
vt -1.374853 -4.505960
vt -4.656762 3.670391
vt -4.817425 3.509611
vt -4.698145 3.418226
vt -1.017570 -5.909038
vt -1.068424 -5.725197
vt -1.869125 -4.765348
vt -1.896384 -4.948071
vt -1.736106 -4.961725
vt -0.261707 -5.209537
vt -0.003486 -5.257092
vt -0.136413 -5.125347
vt -5.372914 3.473761
vt -5.230160 3.419497
vt -5.146356 3.549389
vt 2.688994 3.718596
vt 2.849193 3.607603
vt 2.825368 3.853476
vt -1.892801 -6.062540
vt -1.653993 -6.033028
vt -5.909965 1.067924
vt -6.352984 -0.227762
vt -6.180116 -0.097141
vt -6.373788 0.000000
vt 6.165144 -1.586233
vt 6.112481 -1.808781
vt 0.354812 -4.362019
vt 0.370920 -4.573952
vt -6.097737 -0.297539
vt -6.168740 0.291002
vt -6.352983 0.227762
vt -6.202828 0.099215
vt 1.094980 -0.161406
vt 0.944913 -0.077768
vt 0.049995 -1.064953
vt -5.998368 1.436533
vt -5.840295 1.477554
vt -5.961361 1.655516
vt -6.165143 1.586233
vt -6.209687 1.361912
vt 6.352984 0.227760
vt 6.331083 0.455420
vt -6.247426 1.136347
vt 5.739028 -1.562014
vt 5.640653 -1.736145
vt 5.415913 -0.709881
vt 5.181190 -0.816835
vt 5.409929 -0.902245
vt 5.948158 -0.303698
vt -6.229289 0.559624
vt -6.306973 0.682852
vt -6.331083 0.455420
vt -5.774569 1.966236
vt -5.647164 2.016960
vt 4.809195 -3.246738
vt 4.948160 -3.213390
vt 4.810471 -3.073462
vt 0.078503 0.978226
vt 0.094700 0.834923
vt 0.236541 0.860987
vt -2.103356 5.984200
vt -2.026984 6.114525
vt -2.243437 6.040722
vt -2.760094 5.502222
vt -2.887217 5.553802
vt -2.935277 5.407667
vt 4.471208 4.341913
vt 4.536723 4.145304
vt 5.638473 0.114775
vt 5.626397 -0.046558
vt 5.799687 0.101192
vt -2.871125 5.764732
vt -3.072375 5.656109
vt -2.054607 5.841230
vt -2.149588 5.663734
vt -5.374329 -1.654425
vt -5.606297 -3.080473
vt -5.507290 -2.900089
vt -5.711824 -2.877581
vt 5.809508 2.670797
vt 5.711825 2.877579
vt -1.862970 5.959904
vt -1.585276 6.232840
vt -1.453595 6.160345
vt -1.361283 6.278980
vt -1.807382 6.178349
vt -1.655542 6.039347
vt 0.605814 6.034876
vt 0.760048 6.075912
vt 0.546248 6.182943
vt 2.914205 4.358322
vt 2.943476 4.164297
vt 3.077091 4.248911
vt -1.746187 5.854525
vt 3.941709 3.273602
vt 3.748703 3.166311
vt 3.242771 4.353830
vt 3.230754 4.211494
vt 2.025033 5.754478
vt -2.144789 5.428801
vt -1.965959 5.581238
vt 4.677440 2.844635
vt -4.517729 4.543865
vt -4.376665 4.469786
vt -4.354616 4.704165
vt -4.675267 4.378082
vt -4.548948 4.146744
vt -4.469493 4.340286
vt -2.828712 -1.876625
vt -2.748673 -1.755123
vt -2.855534 -1.656382
vt -3.386747 -0.629829
vt -3.299195 -0.826256
vt -3.176385 -0.649714
vt -4.972745 4.030727
vt -4.130085 -4.628660
vt -4.102163 -4.475683
vt -4.262794 -4.482479
vt 1.045344 -2.911842
vt 0.865699 -2.801041
vt 0.810369 -3.004726
vt -4.364035 -2.104683
vt -4.206487 -2.174221
vt -4.284968 -1.960863
vt -5.442540 3.118826
vt -5.493147 3.279221
vt -3.512216 5.288271
vt -3.462091 5.416819
vt -3.650182 5.286728
vt -3.663249 5.112709
vt -3.430329 5.177227
vt -5.018127 -1.695414
vt -5.102157 -1.526072
vt -5.168108 -1.661812
vt -5.416689 0.347416
vt -1.600640 -0.433430
vt -1.396234 -0.562731
vt -4.186138 4.858816
vt -4.221313 4.728041
vt -4.955819 1.724438
vt -4.793958 1.600859
vt -4.793621 1.792501
vt -3.617573 4.776903
vt -3.792067 4.908136
vt -3.819613 4.746355
vt -3.833677 5.150230
vt -6.084429 0.544266
vt -5.956784 0.622137
vt -6.110762 0.774294
vt -6.247427 -1.136347
vt -6.279497 -0.909903
vt -4.271894 4.578156
vt -2.908342 5.176243
vt -2.682229 5.193398
vt -2.786740 5.367645
vt -1.011042 6.254152
vt -1.135921 6.317917
vt -0.405303 -1.166019
vt 1.188529 5.194485
vt 1.050907 5.080935
vt 1.218806 5.020575
vt 2.902874 -1.359213
vt 3.049734 -1.199724
vt 2.904915 -1.213734
vt 3.170711 -4.416876
vt 3.299788 -4.297995
vt 2.685047 5.644760
vt 2.874270 5.529812
vt 3.225049 5.118561
vt 2.086302 5.934174
vt 2.243438 6.040722
vt 2.026984 6.114521
vt 2.041187 5.284843
vt 2.256596 5.310183
vt 2.118325 5.406725
vt 1.235776 6.224207
vt 0.995218 6.145796
vt 2.003676 5.530888
vt -0.222741 6.093613
vt -0.185524 6.279331
vt -0.321028 6.207962
vt -0.030227 3.828203
vt -0.055266 3.669725
vt 0.124423 3.785484
vt -0.489055 0.848122
vt -0.420821 0.713001
vt -0.305655 0.928389
vt -4.097375 4.317678
vt -4.272142 4.097429
vt -4.005079 4.185352
vt -4.347691 3.661940
vt -4.343091 3.450596
vt -4.174179 3.559998
vt -3.363935 4.710337
vt -3.465924 4.838236
vt -3.529925 4.594362
vt -4.738595 3.123087
vt -4.826901 3.246765
vt -4.910301 3.132364
vt -4.895729 3.629673
vt -5.809507 2.670797
vt -5.898926 2.460314
vt -3.874867 5.018526
vt -3.977530 4.791008
vt -2.736656 5.054333
vt -2.700384 4.849030
vt -2.593923 5.010406
vt -1.209495 0.372822
vt -1.003211 0.403002
vt -1.080911 0.536924
vt -1.491836 5.604836
vt -1.407767 5.813124
vt -1.597559 5.803015
vt -3.274708 5.336016
vt -3.070651 5.334602
vt -3.110252 5.495148
vt -3.005262 4.458382
vt -2.993303 4.622355
vt -3.214448 4.622074
vt -1.274669 5.629539
vt -1.369792 5.498871
vt -1.149246 5.438276
vt -0.081706 5.820395
vt -0.252369 5.945770
vt -0.260104 5.698666
vt 3.269408 -5.540009
vt 3.462092 -5.416820
vt 2.546319 -5.357900
vt 2.448951 -5.543815
vt 2.108876 -5.752659
vt 3.700857 -5.163263
vt 3.252251 -5.063244
vt 3.399249 -5.124942
vt 4.517729 -4.543865
vt 4.072471 -3.971521
vt 4.224443 -4.085495
vt 1.635028 -5.955718
vt 1.499633 -5.553715
vt 1.485507 -5.416209
vt 1.363579 -5.501907
vt 1.135920 -6.317916
vt 1.008177 -6.234544
vt 0.909617 -6.350969
vt 4.972745 -4.030727
vt 4.417901 -4.161436
vt 5.083953 -3.688383
vt 4.449519 -3.717281
vt 4.714563 -3.686941
vt 4.563114 -3.536758
vt 5.330541 -3.313145
vt 4.754866 -3.443363
vt 4.805874 -3.576927
vt 0.106743 -0.927017
vt 0.804064 -0.901798
vt 0.179114 -1.139620
vt 0.383581 -1.880451
vt 0.524063 -1.702978
vt 0.331600 -1.694967
vt 0.751173 -1.155693
vt 0.899958 -1.114075
vt 1.428679 -1.796364
vt 1.660943 -1.707531
vt 1.491596 -1.612814
vt 0.245582 -1.357296
vt 0.415484 -1.314495
vt 0.793557 -0.709631
vt 0.857780 -0.542179
vt 1.045816 -1.455359
vt 1.160186 -1.378742
vt 1.030847 -1.319849
vt 1.312310 -0.385742
vt 0.991864 -0.423075
vt 0.791569 -0.140025
vt 1.362422 -0.705608
vt 1.447935 -0.535799
vt 1.354523 -0.177486
vt 1.223685 -0.275202
vt 1.101113 0.026049
vt 1.231811 0.160563
vt 0.816272 0.018848
vt 0.292751 -5.868979
vt 0.229012 -6.097960
vt -0.427863 -5.191130
vt -0.307832 -5.353269
vt 6.064147 -1.309731
vt 5.916346 -1.264353
vt 6.005287 -1.452700
vt 5.521330 -2.288263
vt 5.494173 -2.431162
vt 5.493286 -2.647879
vt 5.619663 -1.877447
vt 5.227147 -2.976175
vt 5.220572 -3.188648
vt 6.148204 -0.691725
vt 6.373789 0.000000
vt 6.026088 -0.434610
vt 5.928557 0.033167
vt 6.023392 0.143806
vt 5.834389 -0.513945
vt 6.028591 -0.586943
vt 5.890523 -0.659431
vt 5.653368 -0.615305
vt 6.306973 0.682852
vt 6.160995 1.008614
vt 6.279496 0.909903
vt 6.247426 1.136347
vt 5.664395 0.526304
vt 5.798503 0.604147
vt 5.628890 0.741911
vt 0.951373 0.127382
vt 0.795591 0.174473
vt 0.795176 0.218451
vt 0.785730 0.213598
vt -1.807384 -6.178349
vt -1.585277 -6.232840
vt -1.958301 -5.607689
vt -2.165699 -5.536973
vt -2.360145 -5.592905
vt -2.750369 -5.473185
vt -2.932264 -4.907738
vt -2.974796 -5.064064
vt -2.829702 -5.124100
vt -3.387725 -5.108281
vt -1.236852 -6.230431
vt -1.475771 -5.833557
vt -1.357624 -5.694432
vt -1.417753 -5.986341
vt -0.321053 -6.208213
vt -0.398061 -5.847021
vt -0.384655 -6.063937
vt -0.241529 -5.997786
vt -3.269408 -5.540009
vt -3.326892 -5.417637
vt -3.485024 -5.007312
vt -3.451650 -4.871122
vt -3.542534 -4.666773
vt -3.632624 -4.871475
vt -4.275532 -4.058643
vt -4.375032 -3.959213
vt -0.348639 -0.965963
vt -0.486264 -1.013899
vt -0.105755 -1.353035
vt -0.824776 -0.955647
vt -0.939249 -1.085329
vt -0.803360 -1.192362
vt -0.315379 -0.969660
vt -0.575053 -1.147865
vt -4.517727 -4.543867
vt -4.565727 -3.943256
vt -4.213176 -3.695812
vt -4.198724 -3.885069
vt -4.059147 -3.779232
vt -4.450032 -3.708054
vt -4.711066 -3.684240
vt -5.510635 -2.694347
vt -5.317496 -2.794106
vt -1.029269 0.223381
vt -1.026496 -0.275001
vt -1.010996 -0.130593
vt -0.872550 0.277025
vt -1.000947 -0.578883
vt -1.083905 -0.558462
vt -1.218464 0.164534
vt -0.888718 0.098898
vt -0.866418 0.123636
vt -0.782863 0.225130
vt -0.760720 0.293188
vt -1.028309 -0.303434
vt -1.129003 -0.401005
vt -1.022276 -0.429553
vt -1.178753 -0.077293
vt -1.019258 -0.495887
vt -2.405179 -0.118422
vt -2.241170 -0.116806
vt -2.305284 0.102650
vt -1.240649 -0.518169
vt -1.513433 -0.290689
vt -1.599253 -0.580938
vt -1.746622 -0.587536
vt -1.400599 -0.723003
vt -1.583245 -0.161427
vt -1.707271 -0.330935
vt -3.443481 0.415607
vt -3.605443 0.300425
vt -3.433370 0.279129
vt -1.839715 -0.396767
vt -1.728327 -0.184538
vt -6.279495 0.909903
vt -5.868347 1.316675
vt -6.079755 0.402044
vt -5.627542 1.377520
vt -5.631025 1.513399
vt -5.530086 2.295525
vt -5.536915 2.521416
vt -5.665141 2.299911
vt -5.998292 -0.395170
vt -5.819787 -1.180737
vt -5.947968 -1.083197
vt -5.753480 -0.217215
vt -5.982352 -0.132975
vt -5.874366 -0.331423
vt -6.087634 0.013048
vt -5.775633 0.355822
vt -5.844642 -1.504389
vt -5.333710 -2.362917
vt -5.653179 -1.356312
vt -5.757255 -1.049576
vt -5.300058 -2.221352
vt -5.360613 -3.218435
vt -5.397920 -3.077480
vt -5.214709 -2.686729
vt -5.628003 -2.010677
vt -5.838907 -2.221851
vt 5.656017 2.082565
vt 5.553935 1.884485
vt 5.766883 1.941645
vt 5.495491 2.980133
vt 5.267150 2.519310
vt 5.193902 2.745844
vt 5.129951 2.573805
vt 5.353871 2.220900
vt 5.342483 1.989805
vt 5.500857 2.030754
vt 5.373981 0.468962
vt 5.533780 0.423731
vt 5.497104 0.609482
vt 5.342708 3.259956
vt 5.259589 3.386820
vt 4.675268 4.378082
vt 4.714740 3.777927
vt 4.517729 4.543865
vt 4.326657 3.814146
vt 4.258226 3.968447
vt 4.849022 3.528982
vt 4.780465 3.645906
vt 5.000100 3.508484
vt 4.186137 4.858820
vt 4.234396 4.121742
vt 4.380194 4.202366
vt 3.979829 4.430243
vt 3.311637 5.393776
vt 3.462092 5.416819
vt 3.269408 5.540009
vt 3.080017 5.142809
vt 2.921339 5.370922
vt 2.287664 5.475935
vt 2.715660 5.481934
vt 1.954569 5.990774
vt 1.828971 5.921618
vt 1.761198 6.045193
vt 1.686056 5.860312
vt 0.885362 5.676870
vt 0.801076 5.492523
vt 1.000257 5.530130
vt 1.412294 5.959852
vt -0.227710 6.426556
vt 0.061909 6.075377
vt -0.114966 0.883791
vt 0.035231 0.703541
vt -5.112504 3.849701
vt -5.245944 3.663971
vt -4.343320 3.885479
vt -4.200925 3.713106
vt -4.228076 4.412264
vt -5.374126 3.340084
vt -5.077537 3.414070
vt -5.670837 2.511234
vt -5.766385 2.402922
vt -5.625878 2.160360
vt -5.481199 2.169550
vt -2.855696 4.964157
vt -0.763327 0.401558
vt -1.222362 0.599895
vt -1.581394 0.651913
vt -1.674376 0.512341
vt -1.346851 0.274401
vt -0.608825 0.482312
vt -0.568605 0.520153
vt -0.617720 0.500904
vt -0.271148 0.735619
vt -2.456426 5.957447
vt -1.870960 5.758739
vt -2.717300 5.710621
vt -2.337049 5.328911
vt -2.393785 5.531298
vt -2.526196 5.483879
vt -1.727645 5.567862
vt -1.756063 5.370447
vt -1.594151 5.486917
vt -1.098372 5.973795
vt -0.954768 5.868872
vt -0.990777 6.115406
vt -2.546642 5.344728
vt -1.215616 6.107527
vt -0.522628 5.966244
vt -0.531349 5.786404
vt -0.363712 5.816813
vt 3.102304 -5.117380
vt 3.229411 -4.879389
vt 3.029957 -4.806236
vt 3.039445 -4.968013
vt 2.277040 -5.525324
vt 2.331912 -5.364063
vt 2.130647 -5.438231
vt 2.244242 -5.728767
vt 2.373306 -5.665853
vt 2.564360 -5.218900
vt 1.848166 -5.198716
vt 1.858564 -4.999837
vt 1.707211 -5.058030
vt 2.158302 -5.610547
vt 3.617908 -4.779402
vt 4.189360 -4.293232
vt 1.567942 -5.682277
vt 1.119326 -6.017915
vt 0.980787 -5.879741
vt 0.986131 -6.083602
vt 5.112503 -3.849699
vt 5.595339 -2.945883
vt 5.249011 -2.764729
vt 5.332843 -2.880251
vt 4.947273 -3.598068
vt 0.068608 -1.423288
vt -0.110076 -1.501200
vt 0.040492 -1.561237
vt 0.009135 -2.059225
vt 0.179710 -1.986109
vt 0.054631 -1.879303
vt 0.041629 -1.236347
vt 0.843232 -6.040539
vt 0.362146 -5.623619
vt 0.431663 -5.833631
vt 0.060995 -6.083425
vt 0.115757 -5.910151
vt -0.091699 -6.011832
vt -0.088080 -6.162276
vt 6.209687 -1.361912
vt 5.560678 -1.379177
vt 5.835373 -1.417763
vt 5.627454 -1.221998
vt 5.357461 -1.181120
vt 5.369391 -2.539011
vt 5.475539 -2.883574
vt 5.384440 -2.011530
vt 5.476958 -1.870907
vt 5.265975 -1.891947
vt 5.202611 -2.073189
vt 5.206613 -2.512455
vt 5.086994 -2.662258
vt 5.761750 -1.287661
vt 5.910600 0.300085
vt 5.692704 -0.192591
vt 5.781630 -0.326059
vt 5.688666 -0.466021
vt 5.434051 0.048958
vt 5.500669 -0.500385
vt 5.326760 -0.421141
vt 5.452156 -1.054562
vt 6.223955 0.787994
vt 6.209687 1.361916
vt 6.031376 1.216141
vt 6.023003 1.441425
vt 0.653309 0.642895
vt 0.205971 0.666601
vt 0.399473 0.880810
vt 0.297849 1.036596
vt 0.038741 1.113047
vt -0.101324 1.101240
vt 0.733165 0.372370
vt 0.862151 0.476767
vt 0.701373 0.887812
vt 0.372654 0.718882
vt 0.562850 0.865074
vt 1.224102 0.311825
vt 1.421592 0.289438
vt 1.326789 0.423161
vt 1.007702 0.540651
vt 0.919788 0.903334
vt 0.498600 1.054008
vt 0.371131 1.207554
vt 0.340909 1.468122
vt 0.480040 1.613302
vt 0.628500 0.489506
vt 0.609680 0.508595
vt 1.154307 0.479221
vt 1.574082 0.229303
vt 1.727528 0.097750
vt 1.752465 0.253977
vt 1.116444 0.656590
vt 1.081957 0.810240
vt 1.499861 0.651880
vt 1.383874 0.559807
vt 1.487621 0.436716
vt 1.094140 0.967241
vt 0.620840 1.108854
vt 0.726121 1.025990
vt 0.860257 1.023558
vt 1.249048 1.051550
vt 1.148987 1.208141
vt 1.065112 1.100544
vt 0.118103 1.229061
vt -1.622501 -5.761589
vt -1.707401 -5.653825
vt -2.471632 -5.440781
vt -2.315712 -5.381415
vt -2.505104 -5.277335
vt -2.641570 -5.555986
vt -2.504774 -5.604295
vt -1.917170 -5.438148
vt -2.104821 -5.328155
vt -2.643435 -5.218280
vt -2.613500 -5.414451
vt -1.853158 -4.591293
vt -1.696028 -4.789579
vt -1.601400 -4.658970
vt -1.776417 -5.412284
vt -3.098506 -5.278668
vt -2.890893 -5.371916
vt -0.537498 -6.102669
vt -3.148427 -5.088058
vt -3.946795 -4.469107
vt -4.142909 -4.325607
vt -1.221640 -0.992710
vt -1.011584 -0.906115
vt -1.190940 -1.266882
vt -1.171031 -1.449787
vt -1.007943 -1.285934
vt -0.678887 -1.480625
vt -0.659433 -1.304115
vt -0.844700 -1.421261
vt -4.403208 -4.459404
vt -5.082112 -3.687063
vt -5.112504 -3.849699
vt -4.618069 -2.867130
vt -4.636940 -3.119955
vt -4.474325 -2.923227
vt -4.944178 -3.595690
vt -5.218893 -3.184151
vt -4.803398 -3.241959
vt -5.047536 -3.142574
vt -1.805586 0.445345
vt -1.941117 0.237041
vt -1.736226 0.315369
vt -1.358509 0.611721
vt -1.456892 1.105732
vt -1.562355 0.818535
vt -2.567821 -0.946873
vt -2.454658 -1.101938
vt -2.374489 -0.833672
vt -1.798719 -1.007391
vt -1.778799 -0.797356
vt -5.766830 1.171879
vt -5.970916 1.887861
vt -6.112480 1.808781
vt -5.458199 1.945276
vt -5.817302 1.835934
vt -6.209687 -1.361914
vt -5.656649 -1.192768
vt -5.391240 -1.269033
vt -5.476275 -1.127806
vt -5.499456 -0.603909
vt -5.346494 -0.518375
vt -5.475739 -0.444187
vt -6.078871 0.176105
vt -5.796461 -0.056561
vt -5.798124 -0.496864
vt -5.587332 -0.210024
vt -5.708636 -0.367762
vt -5.912084 0.479452
vt -5.700272 -1.593731
vt -5.738722 -1.892237
vt -5.216143 -2.975969
vt -4.919836 -3.020985
vt -4.785742 -3.091492
vt -4.769346 -2.897543
vt -5.100462 -2.781824
vt -4.834633 -2.689714
vt -4.971995 -2.607910
vt -4.927879 -2.819578
vt -5.223107 -2.538322
vt -5.163730 -2.272223
vt -5.291410 -1.809559
vt -5.206955 -1.984753
vt -5.083362 -1.834585
vt -5.498692 -1.778826
vt -5.368556 -2.092970
vt -5.452411 -1.943682
vt -5.155199 -2.123957
vt 5.515309 2.193697
vt 5.816599 1.719877
vt 5.690089 1.809162
vt 5.611725 1.680317
vt 5.569237 1.325012
vt 5.800364 1.339743
vt 5.678762 1.427120
vt 5.869782 1.574453
vt 5.273438 2.861692
vt 4.686518 3.489065
vt 5.413800 2.854944
vt 5.564595 2.842796
vt 4.327647 3.645357
vt 4.292372 3.430563
vt 4.488600 3.524773
vt 4.996227 3.101946
vt 4.645026 3.651175
vt 4.737545 3.329699
vt 4.864879 3.213543
vt 3.799046 4.658661
vt 3.580577 4.649801
vt 3.685972 4.748909
vt 2.891031 5.184464
vt 3.229649 5.265535
vt 2.315663 5.911434
vt 2.561945 5.521244
vt 1.807384 6.178349
vt 1.536434 5.898973
vt 1.135923 6.317917
vt 1.404165 5.796543
vt 1.564313 5.763552
vt 1.486437 5.647905
vt 1.825039 5.733557
vt 1.835327 5.545734
vt 0.560994 6.318268
vt 0.900094 6.035269
vt 0.721271 5.765230
vt 0.781110 5.915522
vt 0.497993 5.917198
vt -0.455311 6.404074
vt -0.334354 6.342865
vt -0.560282 6.311764
vt -0.528096 6.175732
vt -0.276727 0.633734
vt -0.161776 0.656789
vt -0.010664 1.396189
vt -0.450161 0.580748
vt -0.328712 0.626047
vt -0.290178 1.130280
vt -0.899495 0.853367
vt -0.733284 0.806305
vt -0.466744 0.575835
vt -0.589382 0.674881
vt -0.619965 0.967083
vt -1.151505 1.794443
vt -1.135201 1.613264
vt -1.023557 1.714634
vt -1.036813 0.923885
vt -0.196894 1.297037
vt 0.256171 1.354235
vt -0.771034 1.333845
vt -0.912942 1.460098
vt -0.903868 1.286093
vt -0.461890 1.046465
vt -0.343006 1.325825
vt -0.454765 1.227402
vt -0.148810 1.431190
vt -0.215786 1.556982
vt -0.795216 0.991087
vt -0.672898 1.232384
vt -0.592966 1.110401
vt -0.894296 1.122107
vt -1.311495 1.568405
vt -1.379258 1.738464
vt -1.503401 1.672338
vt -1.532271 1.314323
vt -1.052379 1.077465
vt -4.659285 3.273079
vt -4.397111 4.197491
vt -4.110272 4.489021
vt -3.982305 4.430763
vt -3.559093 4.972692
vt -5.296379 3.035616
vt -5.150877 3.008457
vt -5.497130 2.649694
vt -4.012425 5.007566
vt -4.129734 4.628275
vt -3.298769 4.866915
vt -3.326797 5.038074
vt -2.665739 5.865318
vt -1.549122 5.940178
vt -1.423268 6.013123
vt -3.269409 5.540009
vt -2.639369 5.567381
vt -0.847084 6.010498
vt -0.679117 6.030445
vt -0.711174 5.795408
vt -0.087983 6.161259
vt 2.757169 -4.584751
vt 2.980783 -4.645433
vt 2.894222 -4.501274
vt 2.636629 -4.722570
vt 1.404810 -4.541590
vt 1.518156 -4.772163
vt 1.544678 -4.534027
vt 1.941798 -5.473396
vt 1.728695 -5.778712
vt 3.985387 -4.369967
vt 3.765278 -4.543137
vt 3.624277 -4.503563
vt 3.912769 -4.243872
vt 3.735453 -4.378422
vt 3.865654 -4.020588
vt 4.029108 -4.156467
vt 1.343996 -5.658270
vt 5.046551 -2.507303
vt 4.956798 -2.715403
vt 4.857120 -2.616209
vt 4.645173 -3.125456
vt 4.880409 -2.833469
vt 4.787988 -2.330906
vt 4.921407 -2.407373
vt 4.928622 -2.240160
vt 4.274995 -3.481459
vt 4.422507 -3.394861
vt 4.284060 -3.327965
vt 4.312599 -2.660620
vt 5.163561 -2.278357
vt 5.011848 -2.094948
vt 4.692031 -2.451075
vt 4.683892 -2.217714
vt 4.526682 -2.340021
vt 4.730978 -2.739609
vt 4.666272 -2.903782
vt 4.796516 -2.939207
vt 4.408265 -3.565321
vt 0.786452 -5.902514
vt 0.511412 -5.714522
vt 0.637248 -5.825612
vt 0.724939 -5.718967
vt 5.277067 -1.300379
vt 5.455743 -1.659941
vt 5.319352 0.641026
vt 5.266819 -0.588181
vt 5.084667 -0.362492
vt 5.008955 -0.494839
vt 5.191479 -1.666422
vt 5.325671 -1.747160
vt 5.574161 1.534266
vt -1.356799 -5.495800
vt -1.486021 -5.315262
vt -1.694434 -5.133492
vt -2.735421 -5.337281
vt -2.950634 -5.224259
vt -0.938217 -5.789588
vt -0.564150 -5.891259
vt -0.732971 -5.858972
vt -0.804368 -5.731913
vt -1.251691 -5.595554
vt -1.156810 -5.435624
vt -0.619640 -5.723904
vt -0.757694 -5.593843
vt -3.342927 -4.720833
vt -3.728872 -4.653091
vt -3.907192 -4.708866
vt -3.993908 -4.600040
vt -4.299455 -4.288475
vt -4.134964 -4.063848
vt -3.846910 -4.203899
vt -4.017725 -4.209267
vt -4.060080 -3.936380
vt -4.461770 -3.848337
vt -4.399309 -3.548826
vt -4.320822 -3.799213
vt -4.576909 -3.323175
vt -1.692425 1.457567
vt -1.828557 1.617647
vt -1.904263 1.421621
vt -4.088235 1.498529
vt -3.892169 1.408745
vt -3.923250 1.622141
vt -1.865944 -0.676615
vt -1.977708 -0.490835
vt -5.932792 0.901783
vt -5.773929 0.873438
vt -5.548237 0.765316
vt -5.641693 1.237112
vt -5.734291 1.601782
vt -5.524853 1.157972
vt -5.499175 1.432478
vt -5.247834 -1.486664
vt -5.282443 -0.831678
vt -5.366496 -0.692482
vt -5.512389 -0.764284
vt -5.496503 -0.924185
vt -5.612664 -1.035212
vt -5.648366 -0.661781
vt -5.615975 -0.494606
vt -5.663879 -0.095112
vt -5.516490 1.015024
vt -5.656248 0.983854
vt -5.463320 0.882071
vt -5.227114 0.335150
vt -5.331395 0.194584
vt -5.175484 0.187883
vt -4.709584 -0.510040
vt -4.847434 -0.551596
vt -4.694026 -0.723911
vt -5.291528 1.092358
vt -5.052210 1.078135
vt -5.190065 1.274277
vt -5.175137 0.480734
vt -5.019517 0.255144
vt -5.029608 0.532867
vt -5.177729 0.986650
vt -5.346465 0.740015
vt -5.384394 1.209785
vt -5.058827 -2.938169
vt 5.941366 1.325594
vt 4.674656 3.116379
vt 4.443505 3.367233
vt 4.359560 2.240683
vt 4.483317 2.124996
vt 4.596716 2.263786
vt 4.578545 3.254614
vt 4.553215 2.999762
vt 5.025144 2.724478
vt 3.962213 4.621370
vt 3.694141 4.547506
vt 3.442206 4.735374
vt 2.945580 5.003605
vt 3.459848 4.317736
vt 3.530503 4.480028
vt 3.313190 4.478107
vt 2.754770 4.920527
vt 2.989627 4.777500
vt 2.820540 4.703112
vt 2.888059 4.875057
vt 3.283183 4.701008
vt 3.108961 4.403820
vt 3.183107 4.517851
vt 3.108318 4.631462
vt 2.937179 4.553192
vt 1.901753 5.321760
vt 2.351849 4.957882
vt 2.320398 5.154079
vt 2.201538 5.034407
vt 0.941632 5.895485
vt 1.090293 5.972761
vt 1.045902 5.771526
vt 1.404518 5.457817
vt 1.486055 5.291842
vt 1.363116 5.145679
vt 1.502992 5.152811
vt 0.454525 6.062346
vt -0.085688 5.987432
vt 0.063738 5.902636
vt 0.323874 5.937775
vt -0.383331 6.054995
vt 0.465319 1.399765
vt 0.668057 1.493065
vt 0.163178 1.515739
vt -3.731985 4.607599
vt -3.641237 4.444035
vt -3.943328 4.610401
vt -5.301488 2.553152
vt -5.196950 2.738674
vt -5.048707 2.751118
vt -5.110878 2.567961
vt -5.112767 2.397461
vt -5.033131 2.254698
vt -4.242386 3.268858
vt -4.424983 3.255709
vt -4.313348 3.100101
vt -3.839515 4.271368
vt -3.812494 4.455976
vt -3.653466 4.257378
vt -3.362914 4.532103
vt -3.347815 3.894503
vt -3.523707 3.943571
vt -3.606184 3.780853
vt -3.041274 5.079538
vt -3.460117 4.355469
vt -3.260828 4.385994
vt -3.346467 4.279285
vt -3.325752 4.144041
vt -3.495102 4.184824
vt -3.962960 3.790016
vt -4.122190 3.847118
vt -3.940295 2.704439
vt -4.084816 2.616198
vt -3.901678 2.551813
vt -3.635167 4.088215
vt -1.621731 5.662828
vt -3.181015 5.166111
vt -2.077985 5.301857
vt -2.174463 5.195700
vt -1.280787 5.975298
vt 2.241915 -4.675798
vt 2.235371 -4.823391
vt 2.319490 -4.095827
vt 2.231794 -3.964403
vt 2.178186 -4.187414
vt 1.638878 -5.511223
vt 1.772366 -5.382877
vt 4.251929 -3.665939
vt 4.074871 -3.819736
vt 3.930013 -3.831461
vt 4.055170 -3.675747
vt 3.335710 -3.822834
vt 3.199183 -3.745640
vt 3.143822 -3.916750
vt 3.770216 -4.214678
vt 3.658708 -3.972067
vt 3.446201 -4.098639
vt 3.744502 -3.805559
vt 2.635164 -3.405785
vt 2.611828 -3.559713
vt 2.834172 -3.522184
vt 3.638487 -3.599072
vt 3.475863 -3.526222
vt 3.566244 -3.748032
vt 4.119785 -3.527351
vt 1.176450 -5.880828
vt 5.086069 -1.826307
vt 4.423057 -2.226074
vt 4.249898 -2.155056
vt 4.327621 -2.346964
vt 4.139042 -2.376509
vt 4.579140 -3.326118
vt 4.483195 -2.970213
vt -0.227597 -5.826678
vt 5.299517 -1.014868
vt 5.477942 0.191042
vt 5.341421 0.250008
vt 5.246758 0.375982
vt 5.305295 -0.078295
vt 5.136060 0.488127
vt 5.219893 0.064985
vt 5.304363 -0.245092
vt 5.090288 -0.109358
vt 4.871617 0.098789
vt 4.882894 -0.409067
vt 5.662395 1.137573
vt -1.509225 -5.172388
vt -1.370903 -5.129746
vt -1.570496 -5.041250
vt -1.264056 -5.320146
vt -1.068775 -5.304907
vt -1.107152 -5.585196
vt -1.046290 -5.072762
vt -1.198595 -5.158231
vt -3.360949 -4.536219
vt -3.119101 -4.605797
vt -3.701208 -4.468311
vt -3.529342 -4.493565
vt -3.746931 -4.321157
vt -3.823004 -3.592859
vt -3.722150 -3.360563
vt -3.899714 -3.443241
vt -4.413473 -3.377258
vt -4.027899 -3.295141
vt -4.134797 -3.205446
vt -4.273164 -3.187363
vt -4.459569 -3.178036
vt -3.920835 -3.886721
vt -3.989340 -3.617401
vt -1.337087 1.008455
vt -1.376731 -2.077118
vt -1.431767 -2.254677
vt -1.217559 -2.173141
vt -5.380163 1.359436
vt -5.149609 1.973799
vt -5.295659 2.105124
vt -5.072396 1.856159
vt -5.254099 2.302071
vt -5.460199 2.411173
vt -5.324207 2.418852
vt -4.941425 0.749380
vt -4.906498 0.608940
vt -4.716388 0.773632
vt -5.156182 0.657005
vt -5.186944 0.831602
vt -5.374210 -1.413874
vt -4.916113 -1.828108
vt -4.845292 -1.981915
vt -4.749348 -1.842390
vt -4.608849 -1.756958
vt -4.725707 -1.673447
vt -5.025589 -2.051447
vt -5.010510 -2.214489
vt -4.444742 -1.767326
vt -4.578236 -1.893284
vt -3.906051 -0.992329
vt -4.017184 -1.197092
vt -3.784995 -1.177938
vt -5.360769 -1.010189
vt -5.265814 -1.152582
vt -5.124745 -1.249493
vt -4.964804 -1.463549
vt 4.722571 2.632210
vt 4.880635 2.634739
vt 5.190541 2.209702
vt 5.086751 2.395420
vt 3.893976 3.132223
vt 4.021135 2.446377
vt 4.152473 2.397455
vt 4.150896 2.593981
vt 4.176139 3.581823
vt 4.109240 3.431772
vt 4.297375 3.290821
vt 4.161859 3.256357
vt 4.325769 2.845440
vt 4.479611 2.813519
vt 4.385253 3.036695
vt 4.252852 3.125471
vt 4.409283 3.206982
vt 4.323294 2.688341
vt 3.376692 2.019800
vt 3.389986 2.233421
vt 3.224460 2.097731
vt 4.590029 2.708038
vt 4.511257 2.577223
vt 4.478518 2.390303
vt 4.366328 2.546602
vt 4.086619 3.106976
vt 4.665503 2.422674
vt 4.290947 2.419090
vt 4.791194 2.377207
vt 4.009674 2.587292
vt 4.133833 2.792383
vt 3.900437 2.677046
vt 4.138371 2.258013
vt 4.227560 2.968082
vt 5.078102 2.029085
vt 4.014051 2.311302
vt 3.917052 2.075600
vt 4.082140 2.069635
vt 4.514479 1.756254
vt 4.339310 1.853376
vt 4.418455 1.655231
vt 4.650765 2.099298
vt 3.344426 4.013182
vt 3.572442 4.029280
vt 3.375292 4.162607
vt 3.700335 4.394789
vt 3.681278 4.196325
vt 3.852045 4.135477
vt 2.649348 4.799112
vt 2.493843 4.774555
vt 2.210052 4.819769
vt 2.764945 4.236582
vt 2.566715 4.240608
vt 2.757055 4.475637
vt 2.647547 4.638327
vt 2.073572 5.144287
vt 1.304600 5.327486
vt 1.244864 5.496294
vt 1.119552 5.356977
vt 1.669143 5.317820
vt 0.285671 5.766657
vt 0.545166 5.746502
vt -4.499478 3.766703
vt -4.426700 4.031408
vt -4.806859 2.704552
vt -4.667199 2.677422
vt -4.741985 2.893515
vt -4.556116 2.757053
vt -4.590258 2.889400
vt -4.403749 2.931595
vt -4.624209 2.527880
vt -3.842556 4.074879
vt -2.989819 3.330135
vt -3.202547 3.302156
vt -3.075688 3.160322
vt -2.045585 4.433620
vt -2.085907 4.282883
vt -1.929869 4.283222
vt -2.455096 5.161276
vt -3.166169 4.972658
vt -2.978445 4.859394
vt -3.097017 4.749926
vt -2.863835 4.745785
vt -2.657259 4.599754
vt -2.842528 4.556799
vt -2.770215 4.378794
vt -2.648283 4.455812
vt -2.303982 5.090464
vt -3.009770 3.911749
vt -2.935273 3.783339
vt -2.887064 3.995314
vt -1.745333 4.818317
vt -1.486262 4.836512
vt -1.655692 4.933882
vt -2.415553 4.602818
vt -2.458280 5.024900
vt -2.113225 4.957502
vt -1.982796 5.097952
vt -1.219776 5.841101
vt -0.892959 5.633223
vt -0.851719 5.769970
vt -1.072301 5.712112
vt -0.746075 5.651558
vt 3.170130 -4.732538
vt 3.224661 -4.583857
vt 3.047238 -4.507465
vt 2.011914 -4.160789
vt 2.134595 -4.350065
vt 2.602296 -4.542723
vt 2.475791 -4.416580
vt 2.436244 -4.629332
vt 2.007905 -5.303736
vt 1.573369 -5.309497
vt 1.367411 -5.344373
vt 1.207674 -5.478980
vt 1.021936 -5.352143
vt 1.202244 -5.310453
vt 1.093589 -5.181515
vt 1.079779 -5.671180
vt 3.830379 -3.049471
vt 3.602255 -3.158567
vt 3.849947 -3.209471
vt 4.206217 -3.195364
vt 4.056301 -3.236401
vt 4.425004 -3.156073
vt 3.766310 -2.901560
vt 3.630629 -2.995815
vt 4.152147 -3.056503
vt 3.983800 -3.098915
vt 4.280654 -2.981064
vt 0.862939 -5.714646
vt 4.320351 -1.737684
vt 4.328817 -1.902842
vt 4.489437 -1.863478
vt 4.285523 -2.498896
vt -0.060183 -5.864681
vt 0.643852 -5.396099
vt 0.493060 -5.318152
vt 0.470343 -5.486372
vt -0.370934 -5.631390
vt -0.476704 -5.727606
vt -0.559044 -5.558330
vt 0.048480 -5.739970
vt -0.087529 -5.573624
vt -0.116069 -5.723119
vt 4.625716 -0.328274
vt 4.472476 -0.244738
vt 4.478791 -0.415476
vt 3.704137 -1.898937
vt 3.651450 -1.690695
vt 3.472931 -1.778187
vt 5.472113 1.139599
vt 5.492899 0.950445
vt 5.611818 0.879387
vt 5.435552 0.779230
vt 5.183570 0.759996
vt 5.299155 0.905930
vt 5.277950 1.653942
vt 5.129200 1.726748
vt 5.110898 1.500996
vt 4.935172 0.663321
vt 4.991753 0.525427
vt 5.287933 1.091755
vt 5.477457 1.748978
vt -1.522946 -4.814623
vt -1.257092 -4.976690
vt -0.247437 -5.513191
vt -0.112380 -5.397603
vt -0.567306 -4.465792
vt -0.432982 -4.601562
vt -0.389899 -4.395052
vt -1.348149 -4.809097
vt -1.424108 -4.958900
vt -0.806074 -5.134745
vt -0.950802 -5.199172
vt -3.045923 -4.769291
vt -3.009590 -4.305584
vt -3.118986 -4.188950
vt -3.189999 -4.406900
vt -3.278242 -4.118528
vt -3.340883 -3.217299
vt -3.185007 -3.237370
vt -3.172067 -3.083941
vt -3.679195 -3.679974
vt -3.938233 -4.057980
vt -3.714006 -4.140392
vt -3.514109 -3.949886
vt -3.430147 -4.081720
vt -3.574299 -3.415413
vt -3.417269 -3.429913
vt -3.483016 -3.284367
vt -1.302687 1.148020
vt -1.677948 0.947351
vt -1.716822 0.778696
vt -1.584879 -1.010702
vt -4.991076 1.267618
vt -5.342919 1.575581
vt -5.206569 1.481922
vt -5.007566 1.556322
vt -4.911447 1.416988
vt -4.902444 1.950251
vt -5.022254 0.905186
vt -5.068799 1.404961
vt -4.886445 1.129255
vt -5.142793 -0.967688
vt 5.218813 2.066793
vt 5.271585 1.829296
vt 4.087582 2.929905
vt 3.714457 2.598286
vt 3.525822 2.670458
vt 3.654998 2.405266
vt 3.671968 3.037233
vt 3.959567 2.998192
vt 3.896820 2.843729
vt 4.079071 3.723186
vt 3.713403 4.056417
vt 4.011929 3.586912
vt 4.084584 4.024307
vt 1.308558 0.687313
vt 1.259067 0.875469
vt 2.174343 -0.235868
vt 2.321228 -0.108921
vt 4.533609 1.894314
vt 5.342712 1.259314
vt 5.137060 1.105101
vt 5.361605 1.434582
vt 4.708886 1.484421
vt 4.964106 1.713646
vt 4.537993 1.546547
vt 4.754908 0.901211
vt 4.567043 0.841522
vt 4.719507 0.687141
vt 4.888674 1.457228
vt 4.982071 1.569057
vt 5.427334 1.597269
vt 5.090205 1.249132
vt 4.798606 1.205578
vt 4.957826 1.137505
vt 5.018959 1.381767
vt 3.527116 4.177788
vt 3.206135 4.065647
vt 3.943617 3.791969
vt 3.596645 4.304600
vt 3.420911 4.585070
vt 3.827080 3.639240
vt 3.971519 3.933973
vt 3.833677 3.978054
vt 3.582827 3.878242
vt 3.576714 3.416183
vt 3.607773 3.279877
vt 0.932870 5.340763
vt 1.381653 4.978512
vt 1.616596 5.070896
vt 1.269512 4.761084
vt 2.257617 4.549763
vt 2.423518 4.505419
vt 2.396393 4.650909
vt 1.086535 4.916342
vt 1.615397 4.926378
vt 1.491826 4.851431
vt 1.741035 4.854948
vt 1.617913 4.748211
vt 1.932568 5.179684
vt 1.907120 5.033182
vt 1.788098 5.163450
vt 1.760263 5.009857
vt -4.548782 3.401827
vt -2.369293 2.527452
vt -2.554226 2.470654
vt -2.429718 2.285566
vt -2.726965 3.845507
vt -2.733121 3.999380
vt -1.615305 5.302422
vt -1.565090 5.154371
vt -1.459273 5.243637
vt -1.034886 5.553873
vt -1.935685 5.283743
vt -1.851829 5.484985
vt -1.479885 5.380535
vt -2.643300 4.281134
vt -1.300146 4.648096
vt -1.495601 4.641157
vt -2.228250 4.873384
vt -2.537577 4.693602
vt -1.992271 5.425413
vt -0.647532 5.541105
vt -0.410455 5.652977
vt 0.024300 5.466785
vt 0.239482 5.382544
vt 0.226334 5.578960
vt 2.641150 -4.377253
vt 2.787328 -4.290524
vt 4.057251 -2.941612
vt 4.720869 -2.587334
vt 0.564360 -5.587220
vt 0.906402 -5.196708
vt 0.984874 -5.002805
vt 0.827034 -4.918264
vt 1.654481 -4.723801
vt 1.146755 -4.875792
vt 1.153229 -5.034402
vt 0.773834 -4.526360
vt 1.534012 -4.971574
vt 0.628885 -4.840691
vt 0.697668 -5.042060
vt 1.589858 -5.156921
vt 1.268272 -4.793247
vt 1.125592 -4.616215
vt 1.088399 -4.749899
vt 4.052220 -2.009785
vt 4.165722 -1.930195
vt 4.145862 -2.572039
vt 4.740426 -0.223988
vt 4.737500 -0.422165
vt 4.749708 -0.567636
vt 4.847528 -0.704071
vt 5.005507 -0.647272
vt 5.249400 1.517422
vt 5.212271 1.358078
vt 5.156459 0.900208
vt 4.701366 1.328146
vt 5.058765 0.362108
vt 4.733324 -0.069124
vt 4.736952 0.068794
vt 4.775113 0.263887
vt 4.609761 0.122242
vt 4.915234 0.397518
vt 4.812279 0.538889
vt -2.852232 -4.334051
vt -2.897686 -4.091005
vt -3.972999 -1.845480
vt -4.104990 -1.979034
vt -3.934347 -2.015680
vt -4.058789 -3.088419
vt -3.851322 -2.482136
vt -4.066040 -2.638025
vt -3.868159 -2.684765
vt -3.301019 -3.945892
vt -3.535511 -3.568268
vt -3.136267 -4.012745
vt -3.376441 -3.565287
vt -1.138450 1.251400
vt -4.772441 0.417349
vt -4.842835 0.961357
vt -4.709798 0.914518
vt -4.480814 1.593046
vt -4.315027 1.407482
vt -4.241821 1.553116
vt -4.954301 -0.850256
vt -5.115716 -0.794039
vt -5.005204 -0.978540
vt 3.804012 3.835009
vt 2.836537 4.027082
vt 2.966637 3.931551
vt 4.149484 3.857801
vt 3.838244 2.424244
vt 3.273711 1.403316
vt 3.463000 1.403234
vt 3.368453 1.628490
vt 3.959538 1.915960
vt 3.906794 1.711632
vt 4.057250 1.663441
vt 4.210362 1.702375
vt 4.406282 1.450491
vt 4.555997 1.385992
vt 3.993104 1.519064
vt 4.251259 1.400066
vt 4.285404 1.558607
vt 4.157477 0.159187
vt 4.112567 0.300642
vt 4.022978 0.096443
vt 4.406085 1.244026
vt 4.631845 1.173134
vt 3.598299 1.711254
vt 3.575799 1.537413
vt 3.752571 1.691473
vt 4.232286 1.227699
vt 4.503405 1.061937
vt 2.692701 3.922611
vt 0.764980 5.278742
vt 0.453927 5.299303
vt 0.884632 5.145638
vt 0.733071 5.129726
vt 0.407588 5.655760
vt 0.104827 5.720600
vt 0.243486 5.229691
vt 1.036441 5.231087
vt 0.358916 5.129408
vt 0.531567 4.909105
vt 0.619736 5.027847
vt -0.396480 5.160164
vt -0.222932 5.204062
vt -0.383146 5.315941
vt 1.407421 4.740429
vt 0.577729 5.188555
vt 0.833230 4.905458
vt 0.697957 4.916891
vt 0.630439 4.799116
vt 1.029562 4.757868
vt 0.820210 4.683754
vt 0.655399 4.626408
vt 1.921092 3.639582
vt 2.051285 3.678419
vt 1.849927 3.755312
vt 1.150554 4.683611
vt 0.998312 4.597076
vt 1.152455 4.541660
vt 1.980532 4.903870
vt 1.896559 4.704264
vt 2.407171 4.358324
vt 1.702206 4.608757
vt 2.056021 4.754642
vt 2.117931 4.923601
vt -4.586846 3.114883
vt -3.305890 3.744431
vt -2.522158 4.385870
vt -1.796366 5.224529
vt -1.792732 5.073193
vt -1.143329 4.713724
vt -1.331485 4.911072
vt -1.309384 5.332287
vt -2.800859 4.196915
vt -1.905455 4.561579
vt -2.211184 4.731911
vt -2.054490 4.797934
vt -1.366166 5.141184
vt -1.223065 5.044344
vt -0.884787 5.389744
vt -1.162045 4.882689
vt -1.474891 5.008036
vt -1.183488 3.360790
vt -0.995489 3.494184
vt -1.215107 3.564226
vt -0.129299 5.499773
vt -0.087358 5.320961
vt -0.828984 5.202045
vt -1.002639 4.899559
vt -1.136749 4.461580
vt -1.889886 4.840565
vt -1.435112 4.438061
vt -1.971416 4.956598
vt -2.072395 4.621479
vt -1.686317 4.684498
vt -0.257629 5.409155
vt -0.108994 5.655554
vt -0.460467 5.451824
vt -0.593597 5.413496
vt 4.343705 -2.839867
vt 3.600000 -3.438053
vt 3.836687 -3.406887
vt 4.200864 -2.780636
vt 3.987627 -2.734947
vt 3.751521 -2.328121
vt 3.608910 -2.734331
vt 3.298338 -3.039999
vt 3.414254 -3.191669
vt 3.475147 -2.939966
vt 3.702528 -3.298723
vt 2.312407 -4.488838
vt 1.696831 -4.862112
vt 1.891900 -4.841146
vt 1.771485 -4.638746
vt 1.346738 -4.669056
vt 1.919869 -4.687487
vt 1.901584 -4.504019
vt 1.219954 -4.062111
vt 1.178859 -3.916798
vt 1.048276 -4.076794
vt 1.684259 -4.529688
vt 1.400502 -4.308870
vt 0.721012 -5.226718
vt 0.571373 -5.151830
vt 0.464199 -4.971134
vt 0.342477 -5.045048
vt 0.405362 -5.172816
vt 0.957328 -4.795448
vt 0.335139 -5.314317
vt 0.202870 -5.224326
vt 0.240442 -5.440753
vt 0.796573 -4.755426
vt 1.257285 -4.554247
vt 1.024823 -4.404575
vt 0.915349 -4.529636
vt 0.682942 -4.634878
vt 0.508451 -4.699053
vt 0.856957 -4.400688
vt 0.152773 -4.740099
vt 0.334385 -4.752264
vt 3.831241 -2.460817
vt 3.972468 -2.561922
vt 4.797626 -0.864361
vt 4.620378 -0.715485
vt 5.148983 -0.674414
vt 5.042738 0.986591
vt 4.653014 1.018906
vt 4.824757 1.046503
vt -1.311558 1.385344
vt -1.490949 1.532236
vt -1.615027 1.901747
vt -1.863711 1.824823
vt -1.752413 1.737139
vt -1.394113 1.263430
vt -4.628919 0.518526
vt -4.643415 0.371283
vt -4.793894 1.295195
vt -4.704725 1.136683
vt -4.614348 1.724764
vt -4.643040 1.574223
vt -4.343099 1.680830
vt -4.533823 1.878643
vt -3.922984 1.789860
vt -4.085675 1.749096
vt -4.556017 1.448078
vt -4.743121 1.448038
vt -4.678453 2.318430
vt -4.876922 2.302883
vt -4.621205 1.288002
vt -4.447929 1.354128
vt -4.160433 2.086071
vt -4.340328 2.166000
vt -4.245759 1.941872
vt -5.099249 2.105194
vt -4.439139 2.024239
vt -4.764008 1.929340
vt -4.647557 2.165176
vt -4.921229 2.128851
vt -4.030472 1.980316
vt -4.029356 2.194580
vt -4.541144 2.364073
vt -4.648764 2.008842
vt -4.502920 2.224518
vt -4.123703 1.880375
vt -4.472885 2.491657
vt -4.243618 2.557423
vt -4.380609 2.602478
vt -4.932223 -1.095684
vt -4.942555 -1.280144
vt -4.793739 -1.235216
vt -4.968124 -0.630100
vt 3.441368 3.451180
vt 3.543636 3.594727
vt 3.127814 3.940178
vt 2.565946 4.465199
vt 2.668155 4.353045
vt 2.357537 4.124077
vt 2.240748 4.271208
vt 2.403753 3.760000
vt 2.523298 3.621971
vt 2.231693 3.821144
vt 2.394622 3.943813
vt 2.118136 4.128895
vt 1.934128 4.133354
vt 1.907842 3.999157
vt 2.022747 4.294682
vt 2.103359 3.176342
vt 2.257538 3.233160
vt 2.028592 3.322659
vt 2.307952 3.387445
vt 2.412329 3.229574
vt 2.469658 3.373404
vt 0.022575 5.607016
vt 0.504841 4.735926
vt 1.393250 4.317984
vt 1.236444 4.394682
vt 1.459921 4.611242
vt 1.299977 4.603897
vt 2.017556 4.598846
vt 1.850328 4.552835
vt 1.728243 4.337078
vt 2.107672 4.466063
vt -3.523998 3.656744
vt -2.862200 3.472145
vt -3.051275 3.562315
vt -2.076414 3.043299
vt -1.975224 3.169003
vt -2.146257 3.175268
vt -0.884003 4.791759
vt -0.157880 4.428949
vt 0.005739 4.280869
vt 0.009934 4.434656
vt -2.237985 4.502003
vt -2.436716 4.188713
vt -2.275405 4.049545
vt -2.241721 4.274536
vt -1.617532 4.545902
vt -1.671218 4.400784
vt -2.375270 4.313540
vt -1.769631 4.273993
vt -2.383539 4.452419
vt -1.785399 3.744661
vt -2.000733 3.681347
vt -1.854518 3.604458
vt -1.863026 4.048155
vt -1.821301 3.918976
vt -1.608130 4.014696
vt -2.159039 4.147142
vt -2.069442 3.981707
vt -2.007566 4.136126
vt 3.529844 -3.297735
vt 2.054095 -4.607630
vt 2.088804 -4.804825
vt 1.746316 -4.404585
vt 1.769163 -4.247700
vt 1.911357 -4.317812
vt 1.145844 -4.290649
vt 1.325874 -4.425879
vt 0.190144 -5.654581
vt 4.224657 -1.279013
vt 4.258727 -1.536150
vt 4.417437 -1.496977
vt 3.488998 -1.976343
vt 3.631366 -2.034363
vt 4.037177 -1.833641
vt 4.588442 -2.076077
vt 4.417687 -2.072147
vt -1.298751 1.902222
vt -1.100395 2.018745
vt -1.958940 2.546267
vt -1.935729 2.685413
vt -2.066519 2.655384
vt -2.001271 1.060638
vt -1.985062 0.888588
vt -1.950840 1.243841
vt -1.632049 1.603811
vt -2.421263 1.887312
vt -2.229863 1.846594
vt -2.256846 1.990215
vt -2.212956 0.969809
vt -2.126820 0.851164
vt -4.323810 0.740744
vt -2.019315 1.578688
vt -2.049722 1.770163
vt -2.461674 0.682220
vt -2.413169 0.855900
vt -2.597157 0.801224
vt -1.612721 1.760841
vt -2.024239 2.027273
vt -1.851277 2.005468
vt -1.864137 2.230059
vt -1.828218 0.889111
vt -1.085801 1.438187
vt -4.859232 0.311342
vt -4.772471 0.554352
vt -4.500725 -0.558624
vt -4.570526 -0.385464
vt -3.597885 -0.638056
vt -3.489176 -0.441763
vt -3.703771 -0.507315
vt -4.592820 0.993313
vt -4.799389 -1.390564
vt -4.689807 -1.534372
vt -4.616934 -1.365189
vt -5.209271 -0.650993
vt -5.103160 -0.473616
vt 3.527277 1.938730
vt 3.752364 1.860468
vt 3.790646 2.001762
vt 1.859766 4.394789
vt 2.363793 3.604610
vt 3.292837 3.808390
vt 3.483042 3.764391
vt 0.404137 4.834040
vt 0.093478 5.259319
vt 0.303980 4.969852
vt 0.315837 4.672733
vt 0.167344 4.646040
vt 0.231332 4.509407
vt 0.740320 3.942106
vt 0.629008 3.858009
vt 0.867589 3.734577
vt 0.792719 4.534964
vt 1.068513 4.412642
vt 0.920029 4.453192
vt 1.279689 4.175777
vt 2.223790 3.526236
vt 1.546413 4.245680
vt 1.761555 4.197367
vt -2.468005 3.874094
vt -2.638733 4.121059
vt -3.039074 3.696863
vt -2.589291 3.785582
vt -2.780466 3.644693
vt -2.572814 3.636337
vt -3.214718 3.602850
vt -1.448271 4.062950
vt -1.427953 4.250023
vt -1.640638 4.178484
vt -1.268477 4.132975
vt -1.563909 4.302292
vt 2.041381 -4.462294
vt 2.434856 -4.180223
vt 2.407276 -3.942278
vt 2.346885 -4.292891
vt 1.889444 -4.058092
vt 1.787208 -3.935236
vt 1.904559 -3.816620
vt 1.343294 -4.182430
vt 1.390388 -4.036781
vt 1.035770 -3.683079
vt 1.131436 -3.555937
vt 0.894892 -3.609116
vt 0.079959 -5.515833
vt 3.071580 -1.546734
vt 3.277987 -1.462008
vt 3.119434 -1.369530
vt 3.111184 -2.392241
vt 3.188757 -2.653778
vt 3.318435 -2.589373
vt -1.245830 2.039227
vt -1.478184 1.935415
vt -2.607657 1.359186
vt -2.053101 1.365623
vt -2.124006 1.182291
vt -2.123693 0.530396
vt -2.035741 0.654432
vt -2.176040 0.713058
vt -1.897461 0.560513
vt -1.906125 0.733932
vt -1.655116 0.125513
vt -4.713318 -0.265184
vt -4.756499 -0.053877
vt -4.891633 -0.221966
vt -4.159413 0.353992
vt -4.145577 0.220701
vt -4.001769 0.312801
vt -4.461051 1.211521
vt -4.312577 1.253271
vt -4.790514 -0.959229
vt -4.868667 -1.659561
vt -4.283940 -1.425564
vt -4.054404 -1.407398
vt -4.239090 -1.263117
vt -4.174635 -0.703459
vt -4.286487 -0.848381
vt -4.086746 -0.864050
vt -4.452427 -1.429106
vt -4.609139 -0.831333
vt -4.811491 -0.813187
vt -4.530642 -1.612312
vt -4.342801 -1.120337
vt -4.903783 -0.419106
vt -5.199560 -0.306154
vt -5.365297 -0.344135
vt 2.201122 3.674404
vt 2.228576 3.994818
vt 2.097756 3.805061
vt 2.006011 3.903957
vt 2.048887 3.501839
vt 2.489844 2.725941
vt 2.511678 2.945156
vt 2.381642 2.859182
vt 2.645975 3.324520
vt 2.675016 3.552183
vt 3.135775 3.780931
vt 3.020840 3.670425
vt 0.318910 4.248697
vt 0.146626 4.395044
vt 0.532818 4.462881
vt 0.674054 4.441086
vt 0.801459 4.357372
vt 1.123268 4.268791
vt 0.955884 4.287424
vt 1.423738 4.169950
vt 1.575617 4.078846
vt 1.709539 4.073858
vt 1.777350 3.958267
vt -2.433373 4.029516
vt 2.577794 -4.181259
vt 2.912997 -3.905792
vt 1.627896 -3.984838
vt 1.622821 -3.833586
vt 1.609390 -3.659992
vt 1.758312 -3.735786
vt 0.562653 -3.965778
vt 0.325948 -3.924833
vt 0.384669 -4.070147
vt 1.473327 -3.854221
vt 2.073808 -3.962606
vt 1.038721 -4.210339
vt 0.482815 -4.192343
vt 0.587687 -4.101948
vt 3.806422 -2.613615
vt 3.673290 -2.617727
vt 3.836562 -2.764580
vt 3.758320 -2.121065
vt -2.418772 1.083822
vt -2.439994 1.242210
vt -2.323122 0.737139
vt -1.764741 0.634501
vt -4.258425 0.148430
vt -4.436388 0.114922
vt -4.374094 -0.036833
vt -4.349677 0.436903
vt -4.345609 0.596489
vt -4.486461 0.558477
vt -4.596976 0.670809
vt -4.199864 0.589966
vt -4.085878 0.718042
vt -4.036880 0.559673
vt -4.188905 1.161116
vt -4.112326 1.008753
vt -3.929078 1.196281
vt -4.187859 0.855869
vt -4.508096 0.417219
vt -4.568769 0.247282
vt -4.154030 1.334435
vt -4.233969 1.788807
vt -4.321432 -0.594460
vt -4.354816 -0.728418
vt -4.621514 -0.967686
vt -4.485956 -0.771572
vt -4.452951 -0.982462
vt -4.142641 0.051233
vt -5.054765 0.088989
vt -5.032770 -0.339203
vt -5.242492 -0.130543
vt -5.421610 -0.141224
vt -5.342697 0.019928
vt -5.208796 0.053833
vt -5.072783 -0.192844
vt -4.839230 0.119909
vt -4.771072 -0.388521
vt -5.116113 -0.048582
vt -4.936234 -0.046331
vt 3.300051 1.866915
vt 2.976580 3.266956
vt 3.151296 3.407724
vt 2.989199 3.490969
vt 2.641569 3.166346
vt 2.824378 3.283909
vt 2.792758 3.433752
vt 3.183118 3.587267
vt 0.483397 4.596972
vt 0.808952 4.205111
vt 0.616897 4.251865
vt 0.624672 3.718573
vt 0.752607 3.628292
vt 2.058204 -3.809595
vt 0.921255 -4.274580
vt 0.781289 -4.273899
vt 0.472628 -3.781536
vt 0.367255 -3.624781
vt 0.308109 -3.759851
vt -0.611771 -3.669979
vt -0.738578 -3.778561
vt -0.609254 -3.852695
vt 0.717853 -4.149132
vt -0.299896 -3.653152
vt -0.257040 -3.831465
vt -0.081691 -3.673382
vt 0.249470 -4.149427
vt 0.699199 -4.007561
vt 0.040086 -4.172886
vt 0.082939 -4.025368
vt -0.100493 -4.110956
vt 0.220661 -4.014299
vt 0.103714 -3.818748
vt -0.088964 -3.908867
vt 3.557930 -2.278187
vt -0.019845 1.595711
vt -0.372992 1.717691
vt -0.519536 1.869514
vt -0.593057 1.671726
vt -0.873365 1.728149
vt -0.963769 1.891502
vt -1.678362 2.027636
vt -4.725188 0.228588
vt -4.432470 0.295969
vt -4.288400 0.289494
vt -4.186957 -1.037542
vt -3.778872 -1.041662
vt -4.012217 -0.483023
vt -3.842569 -0.610958
vt -3.903721 -0.384302
vt -4.040559 -1.051865
vt -4.014778 -0.629686
vt -4.153742 -0.521585
vt -3.909440 -0.770756
vt -4.487804 -0.268909
vt -3.655009 -0.282913
vt -3.761571 -0.377256
vt -3.814871 -1.744217
vt -3.737257 -1.940399
vt -3.063575 -0.480656
vt -2.906045 -0.564341
vt -2.882959 -0.387463
vt -3.266797 -0.483532
vt -3.222783 -0.170824
vt -3.169577 -0.360233
vt -3.076672 -0.233650
vt -2.222295 -0.686554
vt -2.334353 -0.478178
vt -2.405838 -0.650122
vt -3.314807 -0.300543
vt -3.424685 -0.885786
vt -3.483790 -0.270155
vt -3.673186 -1.267370
vt -3.550360 -1.193796
vt -3.663139 -1.118713
vt -4.363797 -0.339970
vt -4.234486 -0.402693
vt -3.772170 -0.170319
vt -4.648914 -0.141958
vt -4.617435 0.110975
vt -4.139516 -0.294821
vt -4.330853 -0.187107
vt -4.510592 -0.127813
vt 2.309032 3.042667
vt 2.791811 2.963562
vt 2.649068 2.871506
vt 0.380575 4.486376
vt 0.445273 4.349928
vt -1.047187 3.259237
vt -1.215635 3.223835
vt 1.578300 3.919106
vt 1.689089 3.609295
vt 1.872624 3.512661
vt -0.041717 2.973728
vt -0.112624 3.109077
vt -0.175097 2.942659
vt 1.427717 4.025839
vt 0.256881 2.238955
vt 0.368649 2.395882
vt 0.159204 2.354996
vt 1.700668 3.816393
vt 1.634762 3.416574
vt 1.896383 3.373150
vt 3.075522 -4.142891
vt 3.063898 -4.277645
vt 0.881484 -4.111443
vt 1.220982 -3.691368
vt 1.328535 -3.896761
vt 1.441652 -3.706671
vt 1.229909 -3.292591
vt 1.267084 -3.466715
vt 1.405747 -3.264626
vt 1.560924 -3.454330
vt -0.586060 -4.618675
vt -0.695558 -4.727007
vt -0.486162 -4.819059
vt 4.023498 -1.673456
vt 3.986442 -1.529335
vt -4.008313 1.319485
vt -3.740073 0.957756
vt -3.931026 1.024427
vt -4.216082 -0.080900
vt -3.994804 -0.005442
vt -3.767802 0.188454
vt -3.768675 0.358885
vt -3.669387 1.232447
vt -3.508341 1.335552
vt -3.675498 1.428425
vt -3.491056 0.052187
vt -3.659406 -0.053318
vt -3.519970 -0.119923
vt -3.785518 1.115891
vt -3.809052 1.284868
vt -3.913045 0.449465
vt -3.717105 1.620035
vt -3.530476 -1.052399
vt -3.208559 -0.988184
vt -3.169983 -1.169701
vt -3.066662 -1.052887
vt -2.013128 -0.654043
vt -2.947212 -0.269495
vt -2.725877 -0.497911
vt -2.863679 -0.164293
vt -3.295924 0.089554
vt -3.366425 -0.102539
vt -4.030293 0.152380
vt -3.889489 -1.328138
vt -3.044919 -1.826813
vt -3.184788 -1.735462
vt -3.297715 -1.858570
vt -4.147357 -1.165504
vt 2.497721 3.100418
vt 1.136243 4.112576
vt 1.273888 3.993885
vt 0.852102 4.053392
vt 2.212718 2.898445
vt 3.199090 -4.087889
vt 2.971512 -3.616913
vt 3.043841 -3.767262
vt 3.137629 -3.601383
vt 0.657614 -3.805262
vt 1.047825 -3.841736
vt 0.952853 -3.959448
vt 1.083097 -3.191858
vt 0.982540 -3.292793
vt -0.618790 -4.244976
vt -0.754270 -4.426786
vt 4.054494 -1.203440
vt 3.998523 -1.381018
vt 4.151943 -1.419474
vt 3.646016 -1.492285
vt 3.566679 -1.260292
vt 3.497112 -1.413645
vt 3.851546 -1.768816
vt -3.745110 0.527681
vt -3.317209 1.341515
vt -3.408098 1.188545
vt -3.569078 0.469952
vt -3.358350 -1.210505
vt -2.751864 -0.919346
vt -2.793771 -1.065224
vt -2.501717 0.967752
vt -3.100125 1.276812
vt -3.250360 1.198309
vt -3.120311 1.108507
vt -3.837444 0.012045
vt -3.638916 0.101053
vt -2.881064 -0.007477
vt -3.088905 -0.060787
vt -2.988673 0.768049
vt -3.022308 0.906767
vt -3.160737 0.871964
vt -4.465269 -1.975502
vt -4.093076 -1.763933
vt -3.934298 -1.661737
vt -4.356874 -1.577490
vt -4.208554 -1.555223
vt -3.695184 -1.810310
vt -3.871485 -1.530895
vt -4.073346 -1.620132
vt -4.236445 -1.786598
vt -3.660881 -1.410017
vt -3.693130 -1.597734
vt 0.232778 4.059982
vt 0.439567 4.140726
vt 0.681158 4.098000
vt 0.523136 3.948858
vt 1.920254 3.159710
vt 1.785679 3.284985
vt 2.853907 -3.751888
vt 3.187465 -4.222645
vt 2.928741 -4.351282
vt 0.203604 -3.630951
vt 0.812626 -3.751190
vt 0.665324 -3.637400
vt 0.033619 -3.454819
vt 0.213671 -3.322813
vt 0.055872 -3.296375
vt 0.507579 -3.579479
vt -0.074750 -3.537344
vt 0.064732 -3.677549
vt -0.215268 -4.513403
vt -0.195358 -4.004171
vt -0.239139 -4.767357
vt -0.044457 -4.932167
vt -0.044497 -4.734825
vt 0.205771 -5.005165
vt 0.046502 -5.085742
vt -0.337963 -3.996035
vt -0.051353 -4.345165
vt -0.214051 -4.278519
vt 0.235866 -4.861317
vt -0.260215 -4.137564
vt 0.056894 -4.634375
vt -0.375709 -4.730818
vt -0.398563 -4.191036
vt -0.159254 -4.646767
vt 0.808191 -3.915304
vt 4.508971 -1.643684
vt 3.838174 -1.541996
vt 3.479222 -2.137369
vt 3.154778 -1.983719
vt 3.319908 -1.890324
vt 3.192707 -1.815758
vt 3.337768 -2.791054
vt 3.265819 -2.907253
vt 3.602721 -2.504761
vt 3.505308 -2.406303
vt 3.459147 -2.623501
vt 3.480549 -2.797157
vt 3.467695 -1.579451
vt -3.600333 0.712603
vt -3.368906 0.752581
vt -3.243491 1.007833
vt -3.933566 -0.151447
vt -3.998289 -0.278084
vt -3.577279 1.728544
vt -3.569734 1.551714
vt -3.416625 1.461998
vt -2.636222 1.015297
vt -3.558174 1.094854
vt -2.544263 1.748865
vt -2.574204 1.899326
vt -2.754760 1.785187
vt -3.402552 1.010696
vt -3.284056 0.633268
vt -3.331955 0.494919
vt -3.180580 0.487766
vt -2.948707 1.353004
vt -2.857424 1.459629
vt -3.089118 1.554796
vt -2.806338 2.321831
vt -2.796895 2.166771
vt -2.652046 2.303745
vt -3.602823 0.964874
vt -2.949927 1.171391
vt -3.168732 1.418737
vt -3.421493 1.618126
vt -3.401214 1.785833
vt -3.251589 1.998837
vt -3.406146 1.994452
vt -3.234701 1.814283
vt -3.075678 1.940525
vt -2.967720 1.768566
vt -2.877437 1.984406
vt -3.783139 1.749687
vt -3.678296 1.850576
vt -3.819696 1.922005
vt -3.880602 2.111948
vt -3.654990 2.039667
vt -4.031194 3.131500
vt -4.093637 3.375570
vt -3.801979 2.429970
vt -3.883769 2.281462
vt -3.713558 2.220966
vt -3.366815 2.143984
vt -3.426312 2.304911
vt -3.541529 2.176430
vt -4.027309 2.456930
vt -3.580635 2.379894
vt -4.148059 2.882246
vt -4.243950 2.733988
vt -3.391275 -1.020601
vt -2.824254 -0.722862
vt -3.006614 -0.716593
vt -2.919520 -0.838591
vt -3.088117 -0.866865
vt -2.924669 -0.988398
vt -2.931835 -1.161190
vt -2.276859 -1.035315
vt -2.305668 -1.222988
vt -2.719502 -0.634686
vt -3.053908 -1.305178
vt -2.682478 -1.168423
vt -2.609806 -0.716629
vt -3.302760 -1.512381
vt -3.078381 -1.604401
vt -2.876618 -1.325079
vt -2.704793 -1.339392
vt -2.803578 -1.486753
vt -2.596518 -1.473576
vt -2.503355 -1.287624
vt -2.734075 -0.342644
vt -2.711933 -0.141771
vt -3.631016 -2.651247
vt -3.487521 -2.704084
vt -3.497139 -2.530676
vt -3.857169 -2.307093
vt -3.674957 -2.239857
vt -3.810209 -2.138363
vt -3.295103 -2.786480
vt -3.141027 -2.638903
vt -3.354161 -2.629265
vt -3.958419 -2.164183
vt -4.084705 -2.113567
vt -3.556093 -2.119585
vt -3.687421 -2.071190
vt -4.350751 -2.268265
vt -3.568049 -1.760012
vt -3.557310 -1.939640
vt -3.390893 -2.028492
vt -3.295765 -2.147018
vt -3.202248 -2.027216
vt -3.236932 -1.315830
vt -3.435708 -1.422329
vt 3.319776 -4.159231
vt -0.368560 -4.921690
vt -0.212943 -4.933800
vt -0.460629 -4.064831
vt -0.482021 -3.775026
vt -0.585349 -3.999832
vt -0.890421 -4.183947
vt -0.898207 -3.979439
vt -1.048422 -4.087561
vt -0.768210 -4.275015
vt -1.440207 -4.664463
vt -0.899379 -4.563484
vt -0.928455 -4.366261
vt -0.745931 -4.581007
vt 4.164013 -1.742132
vt 3.808432 -1.223494
vt 3.775713 -1.387190
vt 3.259621 -1.684370
vt 4.303148 -0.991190
vt 4.497083 -0.868402
vt 4.341949 -0.855288
vt 3.263903 -2.341387
vt 3.052534 -1.770023
vt 3.284749 -2.181780
vt 3.376273 -2.456635
vt -3.463619 0.606874
vt -3.985712 2.937357
vt -3.884918 3.076048
vt -4.452330 3.066162
vt -4.420372 2.741098
vt -4.264607 2.965452
vt -3.338067 -1.669025
vt -3.511775 -1.587294
vt -2.984114 -1.703941
vt -2.310338 -1.731539
vt -2.166681 -1.682415
vt -2.273724 -1.585878
vt -2.664877 0.406839
vt -2.434908 0.345200
vt -2.534084 0.519606
vt -3.004627 0.090635
vt -3.151199 0.339096
vt -3.278969 0.246460
vt -2.916234 0.488691
vt -2.957828 0.294697
vt -4.654749 -2.010191
vt -4.518951 -2.337414
vt -4.604577 -2.206545
vt -4.718656 -2.324781
vt -3.858447 -3.250380
vt -3.726195 -2.390337
vt -4.546863 -2.491295
vt -4.820157 -2.453978
vt -4.208935 -2.414450
vt -4.064169 -2.271187
vt -4.030457 -2.450027
vt -3.455739 -2.253462
vt -3.571877 -2.373903
vt -3.519437 -2.984646
vt -3.324132 -3.059784
vt -3.449638 -2.852232
vt -3.639967 -2.506697
vt -3.760372 -2.591707
vt -2.786512 -3.821516
vt -2.898040 -3.665295
vt -3.049940 -3.858164
vt -2.064883 -1.569777
vt -3.445096 -1.842796
vt -2.972114 -2.045927
vt -3.080992 -1.960451
vt -3.343419 -2.460716
vt -3.121675 -2.221832
vt -3.294738 -2.298994
vt -3.211651 -2.515085
vt -2.884315 -2.156723
vt -2.943126 -2.285276
vt -2.412677 -1.929096
vt -2.445475 -2.120277
vt -2.289217 -2.084652
vt -2.978379 -1.468388
vt -3.153485 -1.453207
vt 3.358491 -3.623213
vt 3.364499 -3.422388
vt 3.173606 -3.413712
vt 2.813480 -3.292564
vt 2.658882 -3.708120
vt 3.327301 -3.986237
vt 3.490163 -3.912701
vt 0.106882 -5.364324
vt -1.224617 -3.865002
vt -0.994361 -3.798777
vt -1.080716 -3.689310
vt -0.571369 -5.276877
vt -0.700377 -5.414289
vt -0.418220 -5.474442
vt -1.071047 -4.523466
vt -1.112311 -4.352091
vt -0.873275 -4.739735
vt -0.772296 -4.902622
vt -0.628500 -4.858654
vt -0.610465 -5.005290
vt -0.314615 -5.068161
vt 4.656066 -1.616615
vt 4.578036 -1.466467
vt 3.269603 -0.807364
vt 3.153343 -0.907297
vt 3.390713 -0.901358
vt 2.917704 -0.878071
vt 2.961954 -1.047832
vt 2.582722 -1.577698
vt 2.737924 -1.492561
vt 2.583826 -1.435875
vt 1.552960 -2.164452
vt 1.389604 -2.050161
vt 1.328980 -2.184490
vt -3.543774 -1.333519
vt -2.702012 -1.610632
vt -2.415640 -1.560637
vt -2.371801 -1.355345
vt -2.122511 -1.155056
vt -2.138703 -0.535240
vt -2.534675 -0.515676
vt -2.043952 -1.355503
vt -2.252794 -1.443260
vt -1.928087 -1.174047
vt -2.513465 -0.818012
vt -1.694110 -1.158278
vt -1.790288 -1.314676
vt -2.773671 0.220873
vt -2.724388 0.011133
vt -2.560614 0.188831
vt -3.222780 -2.938051
vt -0.399213 -2.089846
vt -0.551813 -2.189106
vt -0.445917 -2.337177
vt -2.773925 -2.068415
vt -2.578130 -2.030344
vt 2.918469 -2.320547
vt 2.732319 -2.400175
vt 2.892138 -2.524473
vt 1.519923 -2.720249
vt 1.633858 -2.628508
vt 1.523792 -2.532160
vt 2.495867 -3.307095
vt 2.633338 -3.205877
vt 2.945075 -2.774801
vt 3.024216 -3.278214
vt 2.988035 -3.446035
vt 2.670119 -3.064119
vt 2.745485 -2.938549
vt 2.603754 -2.916451
vt 2.916109 -3.107948
vt 3.227317 -3.230326
vt -0.732918 -4.100119
vt -1.028369 -4.232386
vt -1.220302 -4.468748
vt -0.999979 -4.885365
vt -1.174550 -4.197081
vt -1.353386 -4.255575
vt -0.901748 -5.009061
vt -0.655121 -5.150325
vt 1.966391 -0.126369
vt 1.436983 -0.318439
vt 2.859059 -1.767267
vt 2.702921 -1.652981
vt 2.671387 -1.859863
vt 3.046296 -1.904316
vt -2.165253 -0.364426
vt -2.018218 -0.256147
vt -1.899494 -0.117409
vt -2.080376 -0.084450
vt -2.606733 -0.253429
vt -2.564439 -0.052795
vt -2.461184 -0.354460
vt -2.310061 -0.265654
vt -3.137649 0.633104
vt -3.507624 0.865751
vt -2.555940 -1.880795
vt -2.220419 -1.903349
vt -2.054291 -1.784491
vt -2.549370 -1.607046
vt -2.604243 -1.737534
vt 2.743737 -2.732904
vt 2.250351 -3.550180
vt 2.012230 -3.573790
vt 2.141560 -3.665567
vt 1.880479 -2.949205
vt 2.053561 -2.882204
vt 1.870681 -2.802834
vt 2.478770 -3.478878
vt 2.467304 -3.651129
vt 3.207214 -1.069044
vt 1.975264 -1.890936
vt 2.174102 -1.905680
vt 2.089432 -1.779449
vt 3.069695 -2.181227
vt 3.349314 -2.041719
vt -2.160860 0.047531
vt 3.364574 -1.333733
vt 3.195444 -1.239120
vt 3.026513 -2.045546
vt 2.920172 -1.950857
vt -2.767798 0.938374
vt -2.909571 0.994314
vt -2.788598 0.787390
vt -2.876112 0.648167
vt -2.477515 1.397547
vt -2.206280 1.408337
vt -2.200937 1.648830
vt -2.347023 1.531769
vt -2.521790 1.571135
vt -2.346468 0.971569
vt -2.287737 1.181995
vt -2.847406 1.599630
vt -2.718929 1.436819
vt -2.683599 1.596796
vt -1.984947 1.893560
vt -2.172551 2.308960
vt -2.205299 2.126955
vt -2.035861 2.201042
vt -2.369496 1.709499
vt -1.713866 2.181511
vt -2.679732 0.612396
vt -2.824061 0.361774
vt -2.414584 0.200150
vt -2.361838 0.532053
vt -2.772778 0.502356
vt -2.022483 0.369574
vt -2.128579 0.198708
vt -2.229596 0.372625
vt -2.648674 2.033449
vt -2.380570 2.067978
vt -2.551089 2.169836
vt -2.745734 1.928127
vt -3.263221 1.544922
vt -3.183133 1.672634
vt -2.978692 1.633442
vt -2.950832 2.125788
vt -3.081851 2.216396
vt -1.700853 2.382195
vt -2.234521 2.450985
vt -2.098404 2.525034
vt -2.318155 2.680815
vt -2.783638 2.791464
vt -2.907821 2.722385
vt -2.731116 2.570549
vt -3.411257 3.194166
vt -3.362078 2.997822
vt -3.254864 3.147585
vt -2.604271 3.005236
vt -2.459069 3.076031
vt -2.529239 3.221539
vt -2.913076 2.434704
vt -3.395938 2.473776
vt -3.253639 2.428211
vt -3.127940 2.077360
vt -3.105458 2.409040
vt -3.249405 2.278854
vt -3.527243 1.898317
vt -3.651449 3.296926
vt -3.638226 3.133289
vt -3.547946 2.544207
vt -2.972293 2.579674
vt -3.113732 2.646894
vt -3.290352 2.644114
vt -3.360805 2.806099
vt -3.463029 2.681335
vt -3.542984 2.999567
vt -3.690785 2.837179
vt -3.532383 2.833071
vt -3.706632 2.557512
vt -3.233970 2.870075
vt -3.096541 2.834110
vt -3.623860 2.693550
vt -1.827928 0.130396
vt -1.745611 -0.016787
vt -1.994934 0.091135
vt -1.977833 2.380276
vt 1.646136 -1.905968
vt 1.829129 -0.317141
vt 1.838056 -0.178799
vt 1.688372 -0.239946
vt 0.965947 -0.797718
vt 1.149157 -0.735172
vt 1.278928 -0.867250
vt 1.277483 -1.049177
vt 1.458165 -0.898453
vt 1.583477 -0.585083
vt 1.614569 -0.444248
vt 1.506750 -0.754143
vt 2.206659 -2.091694
vt 2.039607 -2.038240
vt 1.876920 0.045683
vt 2.017054 -0.341572
vt 1.808098 -1.841478
vt 1.777032 -0.561024
vt 1.652924 -0.711489
vt 1.846262 -0.956997
vt 1.767053 -0.820492
vt 1.643842 -0.983223
vt 1.550761 -0.157280
vt 1.734815 -0.086279
vt 1.582383 0.034809
vt 1.968684 -0.524803
vt 3.057771 -0.713303
vt 2.846232 -0.675396
vt 2.187536 -0.425377
vt 2.364802 -0.493670
vt 2.370823 -0.298145
vt 2.666891 -0.014118
vt 2.481477 0.182531
vt 2.453290 0.008249
vt 4.315017 -0.509806
vt 4.274855 -0.358452
vt 4.136698 -0.413313
vt 2.980372 1.127407
vt 3.026819 0.931948
vt 3.118895 1.076303
vt 2.755954 0.093800
vt 1.782154 0.706501
vt 2.030679 0.604395
vt 1.989118 0.762573
vt 2.028214 0.335722
vt 1.878041 0.383047
vt 1.928097 0.214197
vt 2.517491 -0.560917
vt 2.610647 -0.699329
vt 2.682492 -0.536201
vt 2.906608 -0.471027
vt 3.114530 -0.517719
vt 3.058783 -0.321846
vt 2.508698 -0.159380
vt 2.739069 -0.377462
vt 2.655909 -0.222631
vt 2.571577 -0.358868
vt 2.789783 -0.087074
vt 2.730231 0.231337
vt 2.951608 0.234167
vt 1.804250 0.537113
vt 2.878000 0.025366
vt 2.593859 0.268070
vt 2.563718 0.608156
vt 2.464262 0.783424
vt 2.335910 0.696976
vt 1.622775 1.439392
vt 1.450277 1.531784
vt 1.480857 1.367611
vt 1.303636 1.586575
vt 1.243748 1.345922
vt 1.436573 1.048120
vt 1.640471 0.488560
vt 2.179174 0.380474
vt 1.648965 0.638062
vt 1.636006 0.809607
vt 2.422597 0.411530
vt 1.726712 1.559771
vt 1.828725 1.382002
vt 1.865312 1.521152
vt 0.918152 0.324406
vt 1.075284 0.283667
vt 1.447241 0.860868
vt 2.566668 0.406658
vt 2.699030 0.509367
vt 2.816643 0.381800
vt 1.857797 0.860052
vt 3.036314 0.015654
vt 4.076801 1.190155
vt 4.175117 1.063984
vt 2.991149 -0.136391
vt 3.473070 0.993582
vt 3.643972 0.825729
vt 3.630013 0.982447
vt 2.977367 0.428394
vt 0.720320 0.365934
vt 0.702004 0.393365
vt -0.118310 2.154007
vt -0.150880 2.347469
vt -0.261198 2.202877
vt -0.411459 2.187836
vt -0.480800 2.362627
vt -0.627508 2.272860
vt -0.137370 1.675276
vt -0.382269 1.551373
vt 0.019457 1.784727
vt -0.169611 1.813490
vt -0.562681 2.076067
vt -0.452262 1.991348
vt -0.467166 1.408052
vt -0.617879 1.376253
vt -0.739063 1.471333
vt -0.705233 3.144491
vt -0.935996 3.143393
vt -0.907136 2.985434
vt -1.162055 2.218689
vt -1.203487 2.412279
vt -1.293275 2.281876
vt -0.747164 1.630623
vt -0.317492 1.863655
vt -0.829107 2.252747
vt -0.828101 2.396536
vt -0.964519 2.204380
vt 0.050039 1.984415
vt -0.147514 1.984285
vt -0.607374 2.479076
vt -0.316028 2.019804
vt -0.309620 2.345915
vt -0.521069 2.601837
vt -0.442745 2.746273
vt -0.602651 2.727787
vt -0.951116 2.461792
vt -0.766726 2.568808
vt -0.942330 2.600765
vt -1.052104 2.365915
vt -0.371006 2.602175
vt -1.389563 2.391144
vt -1.471697 3.048422
vt -1.556492 2.890860
vt -1.346519 2.902355
vt -1.110238 2.540228
vt -1.289362 2.572817
vt -1.470202 2.551729
vt -1.545259 2.388460
vt 0.199683 1.848703
vt 0.780132 1.174465
vt 0.933382 1.136036
vt 0.901731 1.277576
vt 0.807100 1.667633
vt 0.869619 1.475180
vt 0.989738 2.521261
vt 0.963085 2.223366
vt 1.100127 2.279606
vt 0.640745 1.657476
vt 0.537427 1.765142
vt 0.119813 2.174002
vt 0.499107 1.264025
vt -0.008721 2.276817
vt 0.637217 1.241831
vt -0.243555 2.670458
vt -0.197725 2.807592
vt -1.694105 3.871546
vt -1.603450 3.710033
vt -1.939523 3.481747
vt -2.083375 3.521624
vt -1.839962 2.470470
vt -1.719130 2.582466
vt 0.600059 1.373901
vt -0.022493 2.440836
vt 0.143698 2.539577
vt -0.034497 2.614517
vt -0.189964 2.536165
vt 0.600885 2.038898
vt 0.691735 2.189726
vt 0.405091 2.206699
vt 0.761649 2.044840
vt 0.567376 3.104321
vt 0.401724 2.971205
vt 0.572081 2.891863
vt 0.738627 1.850725
vt 0.899454 1.961832
vt 0.486203 1.905294
vt 0.771198 1.340796
vt 1.334802 1.205664
vt 1.798345 2.710974
vt 1.590828 2.738073
vt 1.676138 2.583252
vt 1.554090 0.960886
vt 1.027902 1.349110
vt 1.300352 2.006468
vt 1.201318 1.872202
vt 1.466114 1.797806
vt 1.618656 1.114128
vt 1.700210 0.969210
vt -0.574276 2.954483
vt -0.747148 2.900679
vt -0.830781 2.740105
vt -1.073416 2.701221
vt -0.966863 2.832298
vt 1.174477 1.498123
vt 1.010062 1.627184
vt -4.504705 3.575539
vt -3.943026 3.284081
vt -3.788552 3.199278
vt -3.769694 3.416723
vt -3.814266 2.936478
vt -3.942090 3.455336
vt -3.798061 3.556789
vt -4.143423 4.004471
vt -3.923337 3.625565
vt -3.523121 3.405853
vt -3.383001 3.609034
vt -3.643729 3.472065
vt -3.795513 3.766016
vt -3.853194 3.904476
vt -3.706037 3.933525
vt -3.664659 3.608051
vt -3.988708 3.968777
vt -3.164818 3.454277
vt -2.998071 2.994265
vt -3.342279 3.417549
vt 5.147561 -1.057100
vt 5.133994 -1.285681
vt -0.608522 -1.998882
vt -0.730693 -2.155327
vt 2.015321 -4.958347
vt 2.046196 -5.125725
vt 2.185741 -5.248865
vt 2.942240 2.449085
vt 3.084215 2.444742
vt 3.092549 2.660021
vt 3.403885 2.447004
vt 3.519584 2.366831
vt 3.566791 2.234219
vt 3.700739 2.889851
vt 3.761316 2.746595
vt 3.678234 3.760698
vt 4.838626 0.777405
vt 4.166345 -0.558977
vt -3.850183 -3.075310
vt -3.468333 -3.125340
vt -3.706749 -3.202122
vt -3.301151 -3.351601
vt -3.652965 -3.052294
vt -3.058279 -3.695345
vt -1.643090 -4.294306
vt -1.779812 -4.120090
vt -1.804567 -4.343006
vt 4.339438 1.091354
vt 4.280192 0.940105
vt 4.373007 0.806797
vt 4.069005 0.867476
vt 4.207613 0.807795
vt 4.078965 1.365808
vt 3.925789 1.242887
vt 3.086095 1.520554
vt 2.993321 1.334715
vt 3.837485 1.132549
vt 3.936895 1.032101
vt 4.033900 0.736237
vt 3.913589 0.878078
vt 3.898693 0.723013
vt -1.045728 4.574539
vt -1.255574 4.325491
vt -1.075620 4.138952
vt -0.678387 5.117695
vt -0.653268 5.288467
vt -0.659418 3.653875
vt -0.667760 3.507542
vt -0.517213 3.460909
vt -1.279653 4.486547
vt -1.038121 4.355200
vt -1.919404 3.825146
vt -2.209192 3.903997
vt -1.597854 2.716776
vt -1.728591 2.841896
vt -1.729774 3.386049
vt -1.628598 3.516518
vt -1.475541 3.864367
vt -2.051236 3.848980
vt -1.564398 3.173546
vt -1.639466 3.037109
vt -1.131074 3.111408
vt -1.574872 3.328918
vt -1.367724 3.426044
vt -0.955776 3.720963
vt -0.854076 3.607063
vt -0.778290 3.739624
vt -1.453107 3.601862
vt -1.125401 3.776434
vt -1.231733 3.932051
vt -1.311431 3.746180
vt -2.325974 3.766314
vt -2.317472 3.588221
vt -1.888718 3.341379
vt -2.077986 3.332211
vt -2.181688 3.620785
vt -2.147960 3.756287
vt -2.477461 3.440777
vt -2.263783 3.369444
vt -2.680995 3.532291
vt -2.687028 3.382315
vt -1.791413 2.709717
vt -1.826163 2.949409
vt -1.798429 3.091925
vt -1.970877 2.937675
vt -2.403206 3.307507
vt -2.315561 3.150204
vt -2.697278 3.214441
vt -2.747686 3.055872
vt -2.827735 2.926552
vt -2.694291 2.904230
vt -1.714427 3.227392
vt -2.830945 3.317383
vt -2.642047 2.779427
vt -2.534429 2.877487
vt -2.265121 2.839863
vt -2.168680 2.742395
vt -2.856967 3.161654
vt -2.201056 2.961090
vt -2.353826 2.965221
vt -2.094539 2.865116
vt -2.400758 2.819782
vt -3.181210 3.001968
vt -2.502354 2.657028
vt -1.417013 2.723372
vt -1.356133 3.230938
vt -1.055074 2.984480
vt -1.298295 3.068197
vt -1.129430 2.856585
vt -1.248584 2.736788
vt -0.295808 3.219473
vt -0.466048 3.169209
vt -0.400101 3.039227
vt -0.248397 3.383362
vt -0.418219 3.338276
vt 0.205250 2.696482
vt 0.216468 2.926197
vt 0.051626 2.765818
vt -0.255082 3.053825
vt -0.880847 3.294199
vt -0.380639 2.894783
vt -0.578882 3.091440
vt -0.064345 2.838659
vt 0.331611 2.584946
vt 0.394392 2.783419
vt 0.502044 2.484697
vt 0.717825 2.349758
vt 0.604760 2.607708
vt 0.971164 3.596518
vt 0.947042 3.353893
vt 1.117651 3.505251
vt 0.319983 3.871763
vt 0.468298 3.787151
vt 0.244883 3.267860
vt 0.311078 3.135822
vt 0.378015 3.331827
vt 0.556451 2.333956
vt 0.887041 1.801880
vt 2.395150 2.503693
vt 2.610316 2.603680
vt 0.836089 2.460686
vt 1.278429 3.364616
vt 1.485906 3.279108
vt 1.454821 3.432854
vt 0.824301 2.697639
vt 0.809953 2.883732
vt 0.670867 2.759266
vt 1.041812 1.823282
vt 1.982016 2.649710
vt 1.911942 2.479956
vt 0.746352 2.574991
vt 0.005140 3.211910
vt 0.108546 3.111656
vt -0.366233 3.506113
vt -0.380625 3.656868
vt 0.078709 2.902887
vt 0.463514 2.652388
vt 0.828952 3.047329
vt 0.681768 3.000572
vt 0.584382 3.314205
vt 0.758909 3.196386
vt 0.448832 3.198210
vt -0.642885 3.321512
vt 0.088590 3.643763
vt 0.320473 3.700325
vt 0.493155 3.503990
vt 0.661931 3.468300
vt 0.766378 3.352301
vt -0.893893 4.470003
vt 0.340878 3.481249
vt 0.124345 3.456085
vt 1.110668 3.277285
vt 1.404941 3.870386
vt 1.548813 3.762091
vt 0.088890 3.958145
vt -0.016323 3.473984
vt 0.105107 3.315598
vt 0.212895 3.566839
vt -0.146869 4.261400
vt -0.218440 4.103619
vt -0.010191 4.124386
vt 0.832564 3.493668
vt 1.134143 2.833464
vt 1.107393 3.121574
vt 0.974917 2.971046
vt 0.157059 4.253113
vt -0.117117 3.963079
vt -0.186519 3.541868
vt -0.130320 3.260845
vt -0.285182 3.774448
vt -0.285393 3.943821
vt -0.523188 3.707956
vt -1.368236 3.950796
vt -0.444789 3.886547
vt -0.829809 3.456308
vt -1.095820 3.991848
vt 1.017634 3.789259
vt 1.129913 3.914799
vt 0.899951 3.897213
vt -0.604513 3.850159
vt -0.981057 3.897627
vt -1.074769 3.624935
vt -0.819891 3.895344
vt -0.877667 4.077332
vt 1.173945 3.756546
vt 1.215003 3.615395
vt 1.391678 3.703051
vt 1.515573 3.577467
vt 1.007039 4.023819
vt 1.342660 3.542507
vt 1.287893 2.642038
vt 1.286223 2.470070
vt 1.433444 2.550438
vt 1.899369 3.016924
vt 2.043533 3.023306
vt 1.636495 3.246212
vt 1.249830 3.214758
vt 0.149068 5.036772
vt -0.544407 5.185221
vt -0.469744 4.731367
vt -0.617433 4.800461
vt -0.625554 4.637611
vt -0.023330 4.917747
vt 0.184118 4.842617
vt -0.079129 4.583418
vt 0.033345 4.715368
vt -0.439949 4.081528
vt -0.546737 3.986629
vt -0.338606 4.186945
vt -0.335453 4.333145
vt -0.489131 4.463890
vt -0.419797 4.593306
vt -0.689555 3.990175
vt -0.690997 4.233639
vt -0.866813 4.287985
vt -0.709663 4.476393
vt 4.912175 -0.998348
vt 4.798352 -1.101765
vt 4.934540 -1.173204
vt 4.989314 -0.839844
vt 4.648473 -0.949537
vt 4.645807 -1.121275
vt 5.069393 -1.167154
vt 4.596765 -1.265039
vt 4.394966 -1.098633
vt 4.362949 -1.238995
vt 4.685975 -1.763159
vt 4.745598 -1.295403
vt 4.744637 -1.496096
vt 4.882717 -1.578691
vt 4.464974 -1.340569
vt 5.014866 -1.670479
vt 4.897147 -1.794954
vt -0.789451 4.966890
vt -0.602207 4.962803
vt -0.220395 4.846655
vt -0.375043 4.853838
vt -0.436470 4.995945
vt -0.807159 4.628366
vt -0.269970 5.025015
vt -0.127200 5.016102
vt 2.316499 -3.691626
vt 1.747353 -3.553780
vt 1.407695 3.128428
vt 1.687435 3.100731
vt 1.093454 2.055418
vt 0.957032 3.162184
vt 1.634429 2.892344
vt 1.509031 2.992220
vt 1.466138 1.990480
vt 1.397785 2.149239
vt 1.968467 2.832859
vt 1.792308 2.920166
vt 2.141847 2.740160
vt 1.352867 2.316151
vt 1.124462 2.425728
vt 1.489938 1.200859
vt 2.070428 2.089674
vt 2.289084 2.203720
vt 2.098475 2.302534
vt 1.515959 2.319855
vt 2.131493 1.959383
vt 1.868847 1.986593
vt 1.653248 2.407970
vt 1.995017 2.207890
vt 3.366260 2.815704
vt 3.510785 2.861870
vt 3.522689 3.053503
vt 1.528649 -3.322412
vt 0.706763 -3.474546
vt 1.035163 -3.425200
vt 1.338296 -3.598385
vt 1.775928 -3.382933
vt 1.874225 -3.637474
vt 1.650831 -3.263119
vt 1.527326 -3.107189
vt 0.334558 -3.480995
vt 0.493031 -3.403811
vt 1.769802 -2.574499
vt 1.684136 -2.808968
vt 1.102325 -1.876024
vt 1.228418 -1.778431
vt 0.992154 -1.676695
vt 1.379197 -3.118460
vt 1.278478 -3.009258
vt 1.222836 -3.145550
vt 1.400764 -2.623713
vt 1.209511 -2.455496
vt 1.151206 -2.600672
vt 1.834119 -3.219780
vt 1.768029 -3.043415
vt 0.922983 -3.132906
vt 0.840061 -3.293116
vt 0.663444 -3.097858
vt 1.526104 -2.908276
vt 1.629608 -3.007101
vt 1.372570 -2.837208
vt 0.182970 -3.480774
vt 0.580227 -3.250618
vt 0.496707 -2.941801
vt 1.204690 -2.858173
vt 1.084339 -2.764233
vt 0.319613 -2.867018
vt 0.130106 -2.899303
vt 0.700583 -3.330324
vt 0.676462 -2.858994
vt 0.876406 -3.449568
vt 1.372037 -2.463543
vt 1.412487 -2.305925
vt 1.267231 -2.321316
vt 1.549334 -2.379095
vt 1.269516 -2.703033
vt 2.526180 -3.037107
vt 1.209954 -2.022501
vt 1.182674 -2.202209
vt 0.906885 -2.510019
vt 0.999164 -2.637527
vt 1.055604 -2.483767
vt 2.089755 -2.734671
vt 1.902964 -2.652119
vt 2.781056 -3.153708
vt 2.544954 -2.785612
vt 2.389817 -2.900480
vt 2.243498 -2.942778
vt 2.346861 -3.114540
vt 2.000296 -3.308426
vt 1.961573 -3.071453
vt 1.688575 -2.310589
vt 1.319316 -1.909433
vt 0.961664 -2.088686
vt 0.640948 -2.387674
vt 0.783908 -2.312218
vt 0.597005 -2.175121
vt 1.099053 -2.339134
vt 3.057285 -2.550499
vt 1.826673 -2.412540
vt 1.991237 -2.432648
vt 1.932693 -2.277542
vt 2.157110 -3.068222
vt 2.325160 -3.308655
vt 1.921074 -3.444939
vt 2.385253 -2.634151
vt 2.230835 -2.790995
vt 2.568613 -2.144424
vt 2.412014 -2.180017
vt 2.562005 -2.304882
vt 2.393166 -2.402765
vt 2.582362 -2.536207
vt 0.927394 -1.842600
vt 0.768962 -2.585854
vt 0.601452 -2.553621
vt 0.739915 -2.728251
vt 0.419263 -2.481560
vt 0.508835 -2.696873
vt 2.620530 -2.669439
vt 2.061110 -3.176838
vt 2.043951 -2.589832
vt 1.353423 -1.668009
vt 0.757596 -1.680729
vt 1.866600 -2.009390
vt 1.732825 -2.133532
vt 1.537398 -2.012806
vt 0.939506 -2.356041
vt 2.863675 -2.661255
vt 2.728918 -2.134825
vt 2.214123 -2.615677
vt 2.166772 -2.354307
vt 2.259875 -2.472414
vt 2.162670 -3.390675
vt 0.140445 -3.039631
vt -0.918883 -3.660337
vt -0.862073 -3.844290
vt -0.507968 -3.539232
vt -0.433596 -3.650372
vt -0.349739 -3.497210
vt -0.734338 -3.939316
vt -1.100579 -3.928345
vt -0.767402 -3.616562
vt -0.888848 -3.505545
vt -1.371488 -3.720789
vt -1.255297 -3.496998
vt -1.440244 -3.491718
vt -1.226866 -4.038445
vt -1.363381 -3.876938
vt -1.394696 -4.086077
vt -0.104922 -3.279747
vt -0.153203 -3.086899
vt -0.334498 -3.168465
vt -0.732356 -3.150309
vt -0.628190 -3.334736
vt -0.585260 -3.186216
vt -0.189455 -3.463877
vt -0.853598 -3.344231
vt -1.073212 -3.550083
vt -1.760875 -4.480455
vt -0.299908 -3.334795
vt -0.464039 -3.282166
vt -1.557400 -4.149035
vt -2.575431 -4.941645
vt -2.671023 -4.802879
vt -2.769969 -4.934219
vt -0.568482 -3.032530
vt -0.773335 -3.004545
vt -1.215219 -3.726044
vt -0.733798 -3.457865
vt -1.099824 -3.301298
vt -1.007736 -3.417263
vt -1.548450 -3.815563
vt -2.305795 -3.980841
vt -2.139560 -4.020088
vt -2.159205 -3.874763
vt -1.649009 -3.937893
vt -1.913240 -4.450636
vt -2.194722 -4.774206
vt -2.022806 -4.848608
vt -2.040057 -4.652651
vt -2.307849 -4.923515
vt -2.243188 -5.044540
vt -2.156043 -4.920652
vt -2.502787 -4.789293
vt -2.576614 -3.022976
vt -2.542707 -2.848934
vt -2.719854 -2.856647
vt -2.441187 -3.039898
vt -1.494058 -3.964285
vt -1.515800 -3.660610
vt -1.787913 -3.721214
vt -2.063344 -4.421259
vt -1.986001 -4.210024
vt -2.170001 -4.262430
vt -1.860576 -3.924055
vt -2.597463 -4.665337
vt -2.867469 -4.609375
vt -2.681322 -5.072720
vt -2.492618 -5.088393
vt -2.363791 -4.693544
vt -2.217020 -4.553595
vt -2.032806 -3.800406
vt -2.158800 -3.579216
vt -1.956604 -3.617805
vt -2.834807 -4.772684
vt -1.923170 -4.072746
vt -2.328663 -4.369337
vt -2.326607 -4.201197
vt -1.348817 -3.330864
vt -2.610017 -4.509865
vt -2.427888 -4.522593
vt -2.459546 -4.283653
vt -2.706058 -4.387423
vt -2.991250 -4.464441
vt -2.008326 -3.948082
vt -2.269352 -3.669561
vt -3.070102 -2.919201
vt -2.748327 -4.163498
vt -2.540273 -3.749166
vt -2.291104 -3.810667
vt -1.767473 -3.223457
vt -1.925672 -3.176981
vt -1.887355 -3.333878
vt -2.017485 -3.429541
vt -2.235127 -3.365601
vt -2.363979 -3.562651
vt -2.718992 -3.596119
vt -2.679423 -3.730785
vt -2.464597 -3.907068
vt -2.444171 -4.080973
vt -2.666657 -4.018953
vt -2.576771 -4.126577
vt -2.542306 -3.570669
vt -2.639322 -3.867262
vt -2.614425 -4.261650
vt -2.808656 -3.970058
vt -2.604993 -3.240639
vt -2.724611 -3.022295
vt -2.972206 -3.299231
vt -3.178243 -3.418755
vt -2.870390 -3.496069
vt -2.760425 -3.364502
vt -2.461613 -3.378273
vt -2.613612 -3.427643
vt -3.037699 -3.533619
vt -2.808486 -3.144234
vt -3.019337 -3.064419
vt -3.057043 -3.194124
vt -3.237290 -3.590393
vt -2.642042 -2.605717
vt -2.746073 -2.478371
vt -2.825806 -2.709681
vt -2.863052 -2.969967
vt -2.988931 -2.788521
vt -2.997772 -2.645391
vt -2.959355 -2.421198
vt -3.095813 -2.432016
vt -2.079182 -3.237165
vt -2.205040 -3.094908
vt -2.278014 -3.223816
vt -2.417633 -3.174328
vt -2.408349 -2.733225
vt -2.333982 -2.955439
vt -3.144956 -2.789019
vt -2.274808 -2.559790
vt -2.223361 -2.794867
vt -2.433910 -2.280128
vt -2.362171 -2.424402
vt -2.177144 -2.224392
vt -2.897207 -2.543163
vt -1.549262 -3.339525
vt -1.616025 -3.514425
vt -2.489266 -2.603621
vt -2.062861 -2.814209
vt -2.149799 -2.940956
vt -1.692997 -3.346596
vt -1.613645 -3.197411
vt -2.022236 -3.043329
vt -4.859741 -2.150625
vt -4.721937 -2.131947
vt -4.882075 -2.307798
vt -5.059330 -2.435192
vt -4.361775 -3.044542
vt -4.315658 -2.803446
vt -4.392435 -2.429350
vt -4.325309 -2.581598
vt -4.183949 -2.555933
vt -3.959851 -2.996492
vt -4.221334 -2.957014
vt -3.968321 -2.861708
vt -3.729429 -2.869051
vt -3.740407 -2.732956
vt -2.652064 -2.172628
vt 2.785371 -2.266798
vt 2.880032 -1.574812
vt 2.526404 -1.795696
vt 2.481458 -1.947741
vt 2.085261 -2.207592
vt 2.266635 -2.235138
vt 1.752693 -1.098377
vt 2.732467 -0.829454
vt 1.901405 -1.153093
vt 2.049448 -0.971521
vt 2.321060 -1.975813
vt 2.231652 -1.725821
vt 2.767273 -1.983299
vt 2.365212 -1.819038
vt 2.247692 -1.538429
vt 2.071218 -1.473402
vt 1.684391 -1.241360
vt 1.817036 -1.256573
vt 1.944665 -1.733130
vt 1.813330 -1.603661
vt 1.655283 -1.508621
vt 1.484813 -1.421486
vt 1.964208 -1.581955
vt 1.618919 -1.369446
vt 1.858649 -1.383436
vt 1.463352 -1.088329
vt 1.286028 -1.434547
vt 1.267330 -1.185528
vt 1.142888 -1.242174
vt 1.212673 -1.619764
vt 1.382010 -1.259979
vt 1.147448 -0.957176
vt 2.461367 -1.651100
vt 2.441172 -1.497160
vt 2.619553 -2.004200
vt 0.656832 -1.484861
vt 0.790037 -1.387381
vt 0.904553 -1.268501
vt 2.797885 -1.115177
vt 2.496334 -1.273659
vt 2.666081 -0.995003
vt 2.593196 -1.149090
vt 2.520568 -1.008999
vt 2.689131 -1.274374
vt 3.528713 -0.750856
vt 3.586653 -0.965696
vt 3.335081 -1.181805
vt 3.447681 -1.058401
vt 0.872326 -1.530470
vt 0.771523 -1.928753
vt 1.531669 -1.225801
vt 1.914868 -0.765192
vt 2.159404 -1.143715
vt 2.021593 -1.294544
vt 3.173604 -0.174911
vt 0.742815 -2.155874
vt 2.235895 -0.564060
vt 3.265769 -0.654106
vt 2.816057 -0.227554
vt 2.916400 -0.328812
vt 3.284638 -0.481134
vt 2.389799 -0.725248
vt 2.544235 -0.864744
vt 3.456355 -0.453051
vt 3.343283 -0.300682
vt 3.204306 -0.355272
vt 2.413809 -1.108864
vt 2.299711 -1.221951
vt 2.032788 -0.665373
vt 2.148358 -0.852177
vt 2.392898 -0.877054
vt 2.179578 -1.347023
vt 2.263301 -0.956167
vt 2.183094 -0.701115
vt 0.830535 -2.051588
vt 3.224499 -0.042336
vt 3.836479 0.108738
vt 3.888149 -0.129333
vt 4.005974 -0.046549
vt 3.175845 0.091078
vt 3.368848 0.085886
vt 3.725317 -0.157719
vt 3.512681 -0.044962
vt 3.569315 -0.212339
vt 3.348794 -0.111023
vt 3.131498 0.363226
vt 3.099244 0.218283
vt 0.414087 -2.012434
vt 0.212143 -2.202980
vt 0.468029 -2.245804
vt 0.304968 -2.092705
vt 0.547364 -2.036676
vt 2.343414 -1.376537
vt 3.313233 0.278522
vt 0.294555 -1.490643
vt 0.219292 -1.826466
vt 0.505481 -2.376472
vt 0.219683 -2.346926
vt 0.180562 -1.575411
vt 0.436594 -1.488430
vt 0.026657 -2.802279
vt -0.115161 -2.800514
vt -0.029568 -2.965887
vt 0.548033 -1.568102
vt 0.093749 -1.718218
vt 0.545308 -1.399893
vt -0.151746 -2.043869
vt -0.111378 -2.200359
vt -0.094854 -1.808590
vt 0.071486 -2.234488
vt 0.090252 -2.409307
vt -0.049649 -2.376572
vt 0.036142 -2.542408
vt -0.230716 -1.902864
vt -0.246772 -2.346706
vt -0.271704 -2.187838
vt -0.371283 -1.945604
vt -0.480426 -1.847250
vt -0.336796 -1.790752
vt -0.466780 -1.701416
vt -0.598483 -1.637321
vt -0.072896 -1.644686
vt -1.006565 -1.450396
vt 0.232924 -2.544857
vt -0.351108 -2.441471
vt -0.163074 -2.540358
vt -0.685235 -1.815832
vt -0.829122 -1.952538
vt -0.831414 -1.645401
vt -1.089277 -1.579977
vt 0.132489 -2.707859
vt 0.301042 -2.699270
vt -0.064653 -2.656721
vt -0.233254 -2.687773
vt 0.039113 -3.137257
vt -0.671404 -1.015025
vt -1.866865 -2.358204
vt -2.022233 -2.314342
vt -2.026971 -2.492144
vt -1.253975 -3.165480
vt -0.536948 -2.508255
vt -0.519879 -2.701290
vt -0.357845 -2.582258
vt -0.302009 -2.998411
vt -0.376296 -2.842030
vt -0.631514 -2.854095
vt -0.880560 -3.181326
vt -0.501054 -2.908361
vt -0.675730 -2.354799
vt -0.171477 -2.934498
vt -1.111526 -1.100918
vt -1.337455 -1.094791
vt -0.851640 -2.255697
vt -0.836558 -2.412142
vt -0.720430 -2.687046
vt -0.704266 -2.520090
vt -1.384935 -1.234886
vt -1.515194 -1.304981
vt -2.024094 -2.168430
vt -2.140038 -2.079823
vt -1.042510 -2.025185
vt -0.988362 -2.174627
vt -0.864761 -2.095118
vt -1.300591 -1.515701
vt -1.089843 -1.733706
vt -1.132513 -1.883389
vt -1.285625 -1.915083
vt -1.190242 -2.027929
vt -0.967442 -2.856216
vt -0.799596 -2.836372
vt -0.891623 -2.657721
vt -2.181159 -2.403481
vt -1.733922 -2.954340
vt -0.983643 -2.510416
vt -0.988157 -2.333578
vt -1.065035 -2.667473
vt -1.286459 -2.314278
vt -1.867466 -3.033216
vt -1.049117 -3.149900
vt -0.949070 -3.025469
vt -1.218764 -2.816744
vt -1.118196 -3.005953
vt -1.254883 -2.957273
vt -1.362169 -3.054964
vt -0.977944 -1.865116
vt -1.397339 -2.638247
vt -1.465060 -2.770117
vt -1.459185 -3.175409
vt -1.784057 -3.458033
vt -1.555893 -3.049658
vt -1.412324 -2.908663
vt -1.527639 -2.605711
vt -1.256756 -2.468498
vt -1.127281 -2.535597
vt -1.747473 -2.792171
vt -1.578640 -2.892658
vt -1.672406 -2.581450
vt -2.671563 -2.331783
vt -2.520544 -2.454065
vt -1.692414 -2.425926
vt -1.720536 -2.290007
vt -1.603326 -2.716652
vt -1.804879 -2.507271
vt -1.570031 -2.322371
vt -1.565625 -2.115879
vt -1.411241 -2.418280
vt -1.236201 -2.655613
vt -1.893720 -2.049162
vt -2.023602 -1.986441
vt -1.242265 -1.765533
vt -1.349464 -1.652601
vt -1.475187 -1.499224
vt -1.622646 -1.974190
vt -1.448848 -1.929939
vt -1.497486 -1.696287
vt -1.648249 -1.663277
vt -1.749809 -2.058788
vt -2.185654 -1.310661
vt -1.766264 -1.896187
vt -1.900762 -1.477650
vt -1.851883 -1.756977
vt -1.818870 -1.607260
vt -1.880211 -2.192760
vt -1.563023 -2.476156
vt -1.713443 -1.495947
vt -1.577428 -1.828304
vt -1.339191 -1.375557
vt -1.650885 -1.362503
vt 0.814829 0.044276
vt 2.203016 0.585669
vt 2.225278 0.805182
vt 3.361285 2.967344
vt 2.804339 1.545132
vt 2.940365 1.477226
vt 2.959696 1.698820
vt 3.426831 3.275532
vt 3.304629 3.374069
vt 4.524899 -0.078266
vt 4.334159 -0.138298
vt 4.434502 0.078205
vt 4.598094 -0.520319
vt 4.502005 0.645464
vt 4.278640 0.674641
vt 4.249854 0.043026
vt 4.136654 -0.107037
vt 4.121778 0.632633
vt 3.819496 1.374075
vt 3.696357 1.125113
vt 4.498820 0.476015
vt 4.335894 0.522678
vt 4.659211 0.489197
vt 3.530100 1.226238
vt 3.650723 1.378941
vt 3.788551 0.975773
vt 3.646413 0.464624
vt 3.766563 0.599669
vt 3.622753 0.667953
vt 4.599559 0.339729
vt 4.438784 0.326265
vt 4.262001 0.373671
vt 3.889948 0.287830
vt 4.319518 0.217609
vt 4.124099 0.466446
vt 3.513678 0.283401
vt 3.702267 0.247046
vt 4.019383 -0.195990
vt 3.869182 -0.398506
vt 3.721416 -0.396664
vt 3.982682 -0.726595
vt 3.831890 -0.704185
vt 3.896684 -0.858734
vt 4.297895 -0.705965
vt 4.452739 -0.584330
vt 3.940017 0.504503
vt 2.531459 1.343552
vt 2.696752 1.283569
vt 2.663651 1.450092
vt 2.180402 0.969019
vt 2.156170 1.137156
vt 2.010703 1.079971
vt 3.996475 0.377337
vt 3.474696 0.609446
vt 3.409673 0.436319
vt 3.575540 -0.362123
vt 3.723674 -0.811563
vt 3.792568 -0.977125
vt 4.443027 -0.731344
vt 3.801665 0.422352
vt 3.235997 1.551704
vt 3.344584 0.910313
vt 3.338574 1.191805
vt 3.196978 0.950993
vt 3.559045 0.119080
vt 3.683008 0.002064
vt 4.005961 -0.342567
vt 3.934695 -0.530966
vt 4.140188 -0.714746
vt 3.148442 1.220966
vt 3.452219 0.801422
vt 3.541322 -0.590099
vt 3.310439 0.572363
vt 2.911912 0.695978
vt 2.861726 0.549353
vt 3.019850 0.584770
vt 3.295852 0.754501
vt 3.126620 0.809944
vt 3.784940 1.539343
vt 1.201680 1.705364
vt 1.623246 1.280354
vt 1.747689 1.193741
vt 1.643887 1.730762
vt 1.516179 1.661343
vt 1.657108 2.238064
vt 1.609745 2.074846
vt 1.853113 1.031162
vt 2.016663 0.923784
vt 2.316599 1.421522
vt 2.373436 1.266424
vt 1.899248 1.189556
vt 1.993064 1.333078
vt 2.227068 1.265211
vt 1.987772 1.596684
vt 1.606479 1.900785
vt 1.218445 2.190475
vt 2.835414 1.199772
vt 2.836376 1.357985
vt 2.325401 1.819510
vt 2.045015 1.844378
vt 2.252628 1.697662
vt 2.210751 1.542480
vt 2.154060 1.392078
vt 1.965109 1.732382
vt 1.831064 1.763359
vt 2.371874 0.546463
vt 2.364158 1.007271
vt 2.503226 0.935156
vt 2.526743 1.152769
vt 2.351412 0.867264
vt 2.302020 1.139238
vt 2.717685 0.731882
vt 2.732073 0.881020
vt 2.393118 1.640404
vt 2.793541 1.711414
vt 2.459677 1.504074
vt 2.099560 1.701309
vt 3.164885 0.657038
vt 2.644590 1.002661
vt 2.822422 1.038277
vt 2.878039 0.847208
vt 3.093031 1.893484
vt 3.178189 1.702929
vt 2.637074 1.641085
vt 3.444011 1.779190
vt 3.077671 2.047777
vt 2.925506 2.017977
vt 2.962509 2.232418
vt 2.460585 1.776287
vt 2.936449 1.857738
vt 2.790129 2.144873
vt 2.866453 2.332714
vt 2.676353 1.829876
vt 3.175034 2.335527
vt 2.792701 1.934826
vt 2.540789 1.914532
vt 2.275208 1.952265
vt 3.110449 2.198069
vt 3.512209 2.091131
vt 2.666861 2.028185
vt 2.356192 2.073906
vt 2.612184 2.197456
vt 2.502264 2.069643
vt 2.444443 2.214224
vt 2.326534 2.355225
vt 1.754873 1.891069
vt 1.765270 2.106976
vt 2.482275 2.365273
vt 2.333468 2.655174
vt 2.226419 2.474947
vt 2.068874 2.458179
vt 1.857673 2.236134
vt 1.801333 2.376623
vt 1.433889 2.709887
vt 1.162673 2.566751
vt 1.360991 2.956467
vt 1.251379 3.062197
vt 1.311724 2.812357
vt 1.060015 2.670721
vt 0.957762 2.803967
vt -0.119165 4.731457
vt -0.282375 4.541622
vt -0.055761 5.140036
vt -0.512486 4.280748
vt 4.003881 -0.974342
vt 4.189551 -1.075275
vt 4.186828 -0.868553
vt 4.051434 -0.845493
vt 3.682033 -1.107937
vt 3.899781 -1.093916
vt 3.696390 -0.634325
vt 3.790127 -0.524048
vt 3.364090 3.609587
vt 3.245149 3.175262
vt 3.077206 3.122526
vt 3.178676 2.978687
vt 3.389825 3.127848
vt 2.795723 2.800800
vt 2.958534 2.931099
vt 3.311624 2.345764
vt 3.199456 2.527781
vt 3.128431 2.821295
vt 3.253878 2.713781
vt 3.376298 2.607054
vt 2.796328 3.133352
vt 2.934853 3.078279
vt 2.929341 2.707773
vt -4.135446 -2.801531
vt 0.991495 -0.989616
vt 2.623791 2.442856
vt 2.728183 2.319778
vt 2.781235 2.537024
vt 2.482651 -3.806055
vt 2.211998 -3.807652
vt 2.343369 -3.446642
vt -0.135345 -2.177771
vt -0.231758 -2.184297
vt -0.232157 -2.224624
vt 0.469860 -2.096879
vt 0.445487 -2.169470
vt 0.618161 -2.129503
vt 0.590551 -2.092883
vt 1.123132 -2.123711
vt 1.010191 -2.296372
vt 1.236072 -2.296372
vt -0.040826 -2.170699
vt -0.119216 -2.296372
vt 0.106665 -2.296372
vt 0.021764 -2.160261
vt -0.345098 -2.296372
vt 1.977459 -2.194182
vt 1.913717 -2.296372
vt 2.139598 -2.296372
vt 2.085148 -2.209078
vt 1.863371 -2.181232
vt 0.148465 -2.138474
vt 0.132718 -2.141246
vt 0.148908 -2.144267
vt 2.372804 -2.235634
vt 2.365481 -2.296372
vt 2.418972 -2.236080
vt 0.332547 -2.296372
vt 0.558428 -2.296372
vt 0.177972 -2.133183
vt 0.334118 -2.108617
vt 1.151932 -2.107927
vt 1.281600 -2.114353
vt 1.401863 -2.149510
vt 1.461955 -2.296372
vt 1.463551 -2.145127
vt 1.548785 -2.156556
vt 2.245005 -2.229410
vt 1.699230 -2.168981
vt 1.687836 -2.296372
vt 1.793113 -2.175228
vt 1.403578 -2.135262
vt 1.413278 -2.136528
vt -0.305710 -2.183735
vt 2.262912 -2.231213
vt 0.933708 -2.123075
vt 0.784310 -2.296372
vt 1.111027 -2.106362
vt 1.122342 -2.106753
vt 0.888383 -2.098648
vt 0.931049 -2.100271
vt 1.389940 -2.134277
vt -0.076637 -2.253686
vt -0.119216 -2.318305
vt 0.106665 -2.329272
vt 0.061781 -2.244226
vt 1.010191 -2.147668
vt 0.902457 -2.260404
vt 1.010191 -2.373139
vt 0.784309 -2.362172
vt 0.678236 -2.215252
vt 0.558428 -2.351206
vt -0.352167 -2.257274
vt -0.345098 -2.307339
vt -0.265131 -2.258298
vt 0.850579 -2.111829
vt 0.882026 -2.109342
vt 1.010191 -2.098693
vt 0.820085 -2.116545
vt 0.681957 -2.138608
vt 0.229093 -2.227432
vt 0.332547 -2.340239
vt 0.328081 -2.214728
vt -0.200112 -2.257173
vt 0.479181 -2.183061
vt 0.512447 -2.175903
vt 0.355838 -2.181471
vt 0.345098 -2.307339
vt 0.459617 -2.170931
vt -1.010191 -2.147668
vt -1.010191 -2.373139
vt -0.902458 -2.260404
vt -0.924863 -2.100625
vt -0.823969 -2.103263
vt -0.453648 -2.177639
vt -0.558429 -2.351206
vt -0.332547 -2.340239
vt 0.119216 -2.318305
vt 0.228418 -2.235805
vt -0.608916 -2.113303
vt -0.556845 -2.117794
vt 0.268369 -2.179936
vt 0.224082 -2.180921
vt -0.784310 -2.362172
vt -0.640795 -2.111189
vt -0.729353 -2.205063
vt 0.016574 -2.162535
vt 0.076350 -2.168142
vt -1.010191 -2.098693
vt -0.978018 -2.100016
vt -0.456296 -2.123096
vt -0.775906 -2.104720
vt 0.955090 -2.101069
vt -0.066569 0.663724
vt 0.027801 0.656374
vt 0.584542 -0.367829
vt 1.577083 -2.159237
vt 0.214272 0.656263
vt 0.343071 0.621583
vt 0.460499 0.604387
vt 0.783780 0.222666
vt 0.624384 -2.092731
vt -0.365144 -2.183047
vt -0.911762 -0.820290
vt 0.145245 -2.237488
vt 0.673487 -2.093698
vt 0.191015 0.657889
vt 0.201149 0.655338
vt -0.409634 -2.124484
vt -0.232081 -2.141481
vt -0.246724 -2.140513
vt -0.570980 -2.296371
vt -0.493895 -2.241704
vt 0.771014 -2.094713
vt -0.733133 0.371149
vt -0.625861 0.469976
vt -0.506930 -1.013287
vt -0.655035 -1.020796
vt 0.494060 -2.179743
vt 2.591362 -2.296372
vt 2.573664 -2.233625
vt -0.553281 -2.233624
vt -0.132708 0.660030
vt -0.016917 -2.159216
vt -0.106665 -2.329272
vt -0.227274 -2.141891
vt 0.300408 -2.111071
vt 0.570980 -2.296371
vt 0.533238 -2.162561
vt -0.570980 -2.296372
vt -0.412302 -2.177690
vt -0.533238 -2.162562
vt 0.479852 0.598005
vt 0.496627 0.591469
vt -1.007165 -0.104701
vt -0.216669 -0.946070
s 1
usemtl Stretch_Denim_FCL1PSD003_FRONT_4181
f 102/1/1 103/2/2 293/3/3
f 590/4/4 377/5/5 589/6/6
f 845/7/7 368/8/8 839/9/9
f 721/10/10 108/11/11 109/12/12
f 102/1/1 430/13/13 101/14/14
f 606/15/15 382/16/16 605/17/17
f 380/18/18 593/19/19 383/20/20
f 295/21/21 430/13/13 293/3/3
f 718/22/22 427/23/23 106/24/24
f 574/25/25 577/26/26 372/27/27
f 444/28/28 728/29/29 729/30/30
f 1284/31/31 1286/32/32 268/33/33
f 1071/34/34 1072/35/35 828/36/36
f 448/37/37 112/38/38 113/39/39
f 298/40/40 441/41/41 442/42/42
f 376/43/43 584/44/44 835/45/45
f 371/46/46 573/47/47 374/48/48
f 723/49/49 442/42/42 722/50/50
f 440/51/51 720/52/52 964/53/53
f 1170/54/54 923/55/55 920/56/56
f 1904/57/57 1988/58/58 270/59/59
f 735/60/60 449/61/61 986/62/62
f 95/63/63 96/64/64 446/65/65
f 625/66/66 870/67/67 394/68/68
f 626/69/69 151/70/70 391/71/71
f 317/72/72 755/73/73 249/74/74
f 446/65/65 732/75/75 985/76/76
f 1340/77/77 277/78/78 1139/79/79
f 637/80/80 395/81/81 636/82/82
f 92/83/83 459/84/84 91/85/85
f 445/86/86 446/65/65 96/64/64
f 1649/87/87 1463/88/88 1648/89/89
f 714/90/90 439/91/91 713/92/92
f 150/93/93 628/94/94 149/95/95
f 1325/96/96 1330/97/97 1332/98/98
f 99/99/99 100/100/100 434/101/101
f 717/102/102 439/91/91 962/103/103
f 1434/104/104 1436/105/105 1435/106/106
f 1326/107/107 1331/108/108 1329/109/109
f 432/110/110 101/14/14 430/13/13
f 445/86/86 96/64/64 97/111/111
f 274/112/112 869/113/113 868/114/114
f 389/115/115 623/116/116 392/117/117
f 91/85/85 756/118/118 90/119/119
f 708/120/120 709/121/121 209/122/122
f 609/123/123 385/124/124 608/125/125
f 768/126/126 766/127/127 498/128/128
f 541/129/129 542/130/130 1042/131/131
f 998/132/132 87/133/133 88/134/134
f 252/135/135 479/136/136 325/137/137
f 319/138/138 322/139/139 250/140/140
f 248/141/141 305/142/142 308/143/143
f 123/144/144 124/145/145 319/138/138
f 2051/146/146 2091/147/147 2094/148/148
f 1265/149/149 1266/150/150 3393/151/151
f 481/152/152 329/153/153 326/154/154
f 3343/155/155 3344/156/156 3342/157/157
f 335/158/158 785/159/159 337/160/160
f 2588/161/161 2589/162/162 2590/163/163
f 326/154/154 330/164/164 131/165/165
f 336/166/166 524/167/167 780/168/168
f 782/169/169 534/170/170 535/171/171
f 326/154/154 131/165/165 132/172/172
f 325/137/137 128/173/173 129/174/174
f 1043/175/175 3368/176/176 261/177/177
f 87/133/133 540/178/178 86/179/179
f 3144/180/180 3139/181/181 2796/182/182
f 763/183/183 120/184/184 470/185/185
f 601/186/186 272/187/187 383/20/20
f 968/188/188 246/189/189 970/190/190
f 116/191/191 117/192/192 450/193/193
f 363/194/194 357/195/195 358/196/196
f 4433/197/197 356/198/198 355/199/199 4432/200/200
f 302/201/201 449/61/61 734/202/202
f 470/185/185 120/184/184 121/203/203
f 821/204/204 1277/205/205 3767/206/206
f 323/207/207 122/208/208 123/144/144
f 1052/209/209 1053/210/210 817/211/211
f 309/212/212 179/213/213 305/142/142
f 319/138/138 323/207/207 123/144/144
f 119/214/214 737/215/215 118/216/216
f 2370/217/217 2371/218/218 2367/219/219
f 179/213/213 180/220/220 305/142/142
f 308/143/143 306/221/221 3652/222/222
f 241/223/223 293/3/3 294/224/224
f 870/67/67 1142/225/225 394/68/68
f 122/208/208 321/226/226 468/227/227
f 1054/228/228 1275/229/229 4369/230/230
f 450/193/193 453/231/231 454/232/232
f 1724/233/233 2014/234/234 992/235/235
f 547/236/236 348/237/237 546/238/238
f 566/239/239 367/240/240 565/241/241
f 4414/242/242 352/243/243 4415/244/244
f 539/245/245 341/246/246 538/247/247
f 1026/248/248 1032/249/249 781/250/250
f 2134/251/251 2014/234/234 2015/252/252
f 2386/253/253 2392/254/254 2401/255/255
f 83/256/256 791/257/257 522/258/258
f 793/259/259 1040/260/260 537/261/261
f 499/262/262 500/263/263 332/264/264
f 482/265/265 327/266/266 481/152/152
f 89/267/267 759/268/268 88/134/134
f 983/269/269 984/270/270 1563/271/271
f 80/272/272 335/158/158 79/273/273
f 85/274/274 86/179/179 794/275/275
f 257/276/276 335/158/158 336/166/166
f 2709/277/277 2729/278/278 2707/279/279
f 335/158/158 337/160/160 525/280/280
f 78/281/281 79/273/273 525/280/280
f 3647/282/282 3622/283/283 3642/284/284
f 2111/285/285 2107/286/286 2110/287/287
f 525/280/280 527/288/288 78/281/281
f 1447/289/289 1448/290/290 3432/291/291
f 1438/292/292 1030/293/293 220/294/294
f 194/295/295 2610/296/296 2613/297/297
f 76/298/298 77/299/299 529/300/300
f 786/301/301 787/302/302 536/303/303
f 1955/304/304 1835/305/305 1833/306/306
f 786/301/301 75/307/307 76/298/298
f 790/308/308 75/307/307 786/301/301
f 2169/309/309 2252/310/310 2170/311/311
f 2018/312/312 2024/313/313 2136/314/314
f 541/129/129 72/315/315 73/316/316
f 558/317/317 561/318/318 1822/319/319
f 541/129/129 543/320/320 803/321/321
f 71/322/322 72/315/315 803/321/321
f 383/20/20 272/187/187 380/18/18
f 841/323/323 846/324/324 837/325/325
f 808/326/326 348/237/237 547/236/236
f 803/321/321 805/327/327 71/322/322
f 776/328/328 1008/329/329 775/330/330
f 1758/331/331 1127/332/332 1760/333/333
f 806/334/334 69/335/335 70/336/336
f 1967/337/337 1974/338/338 185/339/339
f 1048/340/340 68/341/341 69/335/335
f 1884/342/342 199/343/343 1890/344/344
f 90/119/119 756/118/118 758/345/345
f 3451/346/346 3785/347/347 3805/348/348
f 815/349/349 1051/350/350 548/351/351
f 548/351/351 64/352/352 65/353/353
f 1152/354/354 279/355/355 894/356/356
f 1132/357/357 1303/358/358 1117/359/359
f 554/360/360 552/361/361 351/362/362
f 4362/363/363 2271/364/364 4359/365/365
f 1066/366/366 1736/367/367 1742/368/368
f 233/369/369 882/370/370 1151/371/371
f 546/238/238 548/351/351 65/353/353
f 647/372/372 170/373/373 171/374/374
f 85/274/274 538/247/247 84/375/375
f 262/376/376 3666/377/377 3670/378/378
f 108/11/11 441/41/41 107/379/379
f 3149/380/380 1000/381/381 2797/382/382
f 62/383/383 549/384/384 61/385/385
f 3665/386/386 3670/378/378 222/387/387
f 635/388/388 871/389/389 872/390/390
f 66/391/391 546/238/238 65/353/353
f 3222/392/392 3689/393/393 3220/394/394
f 553/395/395 60/396/396 61/385/385
f 1299/397/397 1301/398/398 1083/399/399
f 1683/400/400 1174/401/401 1382/402/402
f 1457/403/403 832/404/404 576/405/405
f 380/18/18 56/406/406 57/407/407
f 1854/408/408 1778/409/409 1779/410/410
f 2480/411/411 2482/412/412 2491/413/413
f 61/385/385 549/384/384 553/395/395
f 2717/414/414 2679/415/415 2701/416/416
f 384/417/417 56/406/406 380/18/18
f 590/4/4 850/418/418 377/5/5
f 724/419/419 2800/420/420 1208/421/421
f 712/422/422 2805/423/423 956/424/424
f 1801/425/425 1864/426/426 1714/427/427
f 55/428/428 592/429/429 54/430/430
f 726/431/431 2361/432/432 2360/433/433
f 589/6/6 591/434/434 52/435/435
f 591/434/434 854/436/436 575/437/437
f 1409/438/438 1418/439/439 1417/440/440
f 269/441/441 371/46/46 374/48/48
f 2091/147/147 2301/442/442 1863/443/443
f 48/444/444 371/46/46 47/445/445
f 425/446/446 426/447/447 294/224/224
f 371/46/46 375/448/448 47/445/445
f 284/449/449 404/450/450 407/451/451
f 757/452/452 756/118/118 317/72/72
f 1467/453/453 1650/454/454 2815/455/455
f 329/153/153 327/266/266 485/456/456
f 1935/457/457 1870/458/458 1938/459/459
f 1423/460/460 1243/461/461 1244/462/462
f 2996/463/463 2997/464/464 2994/465/465
f 2640/466/466 2639/467/467 2613/297/297
f 771/468/468 332/264/264 500/263/263
f 141/469/469 616/470/470 140/471/471
f 178/472/472 179/213/213 310/473/473
f 2653/474/474 333/475/475 772/476/476
f 313/477/477 178/472/472 310/473/473
f 513/478/478 503/479/479 511/480/480
f 141/469/469 612/481/481 616/470/470
f 142/482/482 143/483/483 610/484/484
f 130/485/485 131/165/165 330/164/164
f 494/486/486 766/127/127 491/487/487
f 143/483/483 608/125/125 610/484/484
f 611/488/488 862/489/489 386/490/490
f 325/137/137 488/491/491 487/492/492
f 743/493/493 742/494/494 741/495/495
f 144/496/496 608/125/125 143/483/483
f 320/497/497 464/498/498 467/499/499
f 141/469/469 142/482/482 612/481/481
f 501/500/500 1423/460/460 2653/474/474
f 609/123/123 858/501/501 385/124/124
f 4530/502/502 4531/503/503 313/477/477
f 618/504/504 147/505/505 148/506/506
f 471/507/507 1006/508/508 991/509/509
f 859/510/510 386/490/490 1097/511/511
f 404/450/450 408/512/512 25/513/513
f 218/514/514 2638/515/515 2633/516/516
f 1412/517/517 211/518/518 1416/519/519
f 388/520/520 618/504/504 621/521/521
f 694/522/522 419/523/523 239/524/524
f 151/70/70 152/525/525 393/526/526
f 796/527/527 539/245/245 795/528/528
f 460/529/529 317/72/72 459/84/84
f 389/115/115 393/526/526 152/525/525
f 276/530/530 389/115/115 392/117/117
f 308/143/143 180/220/220 455/531/531
f 1421/532/532 1404/533/533 1597/534/534
f 389/115/115 152/525/525 153/535/535
f 4530/502/502 313/477/477 314/536/536 4416/537/537
f 634/538/538 619/539/539 631/540/540
f 319/138/138 463/541/541 322/139/139
f 156/542/542 870/67/67 625/66/66
f 3153/543/543 3154/544/544 3155/545/545
f 492/546/546 1014/547/547 1017/548/548
f 444/28/28 974/549/549 299/550/550
f 449/61/61 302/201/201 448/37/37
f 1100/551/551 276/530/530 1101/552/552
f 395/81/81 637/80/80 875/553/553
f 99/99/99 713/92/92 98/554/554
f 299/550/550 443/555/555 444/28/28
f 874/556/556 637/80/80 160/557/557
f 1408/558/558 732/75/75 731/559/559
f 876/560/560 874/556/556 396/561/561
f 884/562/562 1150/563/563 890/564/564
f 294/224/224 429/565/565 706/566/566
f 959/567/567 957/568/568 707/569/569
f 636/82/82 158/570/570 159/571/571
f 165/572/572 166/573/573 642/574/574
f 437/575/575 2805/423/423 2812/576/576
f 293/3/3 710/577/577 295/21/21
f 164/578/578 639/579/579 163/580/580
f 715/581/581 963/582/582 962/103/103
f 163/580/580 639/579/579 641/583/583
f 110/584/584 443/555/555 109/12/12
f 643/585/585 398/586/586 642/574/574
f 647/372/372 649/587/587 170/373/373
f 1694/588/588 1693/589/589 1537/590/590
f 1176/591/591 945/592/592 696/593/593
f 1376/594/594 1157/595/595 1507/596/596
f 647/372/372 648/597/597 1155/598/598
f 1276/599/599 562/600/600 239/524/524
f 1688/601/601 1394/602/602 1396/603/603
f 1354/604/604 1663/605/605 1666/606/606
f 358/196/196 555/607/607 225/608/608
f 175/609/609 176/610/610 904/611/611
f 174/612/612 902/613/613 173/614/614
f 1631/615/615 922/616/616 1633/617/617
f 687/618/618 918/619/619 919/620/620
f 5/621/621 955/622/622 4/623/623
f 677/624/624 678/625/625 405/626/626
f 899/627/627 1358/628/628 281/629/629
f 2687/630/630 2689/631/631 2677/632/632
f 905/633/633 655/634/634 904/611/611
f 238/635/635 1687/636/636 1390/637/637
f 906/638/638 905/633/633 1/639/639
f 1786/640/640 1175/641/641 1174/401/401
f 398/586/586 643/585/585 891/642/642
f 425/446/446 293/3/3 103/2/2
f 1023/643/643 1433/644/644 193/645/645
f 453/231/231 304/646/646 454/232/232
f 1491/647/647 1485/648/648 1487/649/649
f 53/650/650 589/6/6 52/435/435
f 487/492/492 491/487/487 252/135/135
f 225/608/608 555/607/607 559/651/651
f 688/652/652 687/618/618 917/653/653
f 2348/654/654 2349/655/655 2342/656/656
f 458/657/657 177/658/658 345/659/659
f 572/660/660 35/661/661 568/662/662
f 35/661/661 36/663/663 568/662/662
f 661/664/664 675/665/665 289/666/666
f 265/667/667 3733/668/668 361/669/669
f 916/670/670 1168/671/671 685/672/672
f 31/673/673 32/674/674 917/653/653
f 1271/675/675 1445/676/676 1446/677/677
f 3337/678/678 3329/679/679 2391/680/680
f 2753/681/681 680/682/682 2757/683/683
f 923/55/55 916/670/670 920/56/56
f 798/684/684 1034/685/685 793/259/259
f 3358/686/686 3341/687/687 1255/688/688
f 2408/689/689 2221/690/690 2406/691/691
f 29/692/692 914/693/693 679/694/694
f 1919/695/695 1921/696/696 1848/697/697
f 520/698/698 521/699/699 336/166/166
f 367/240/240 566/239/239 823/700/700
f 46/701/701 578/702/702 45/703/703
f 126/704/704 464/498/498 125/705/705
f 1935/457/457 1940/706/706 191/707/707
f 373/708/708 578/702/702 46/701/701
f 582/709/709 44/710/710 580/711/711
f 314/536/536 316/712/712 255/713/713
f 458/657/657 753/714/714 177/658/658
f 985/76/76 95/63/63 446/65/65
f 47/445/445 375/448/448 46/701/701
f 567/715/715 827/716/716 1070/717/717
f 38/718/718 39/719/719 567/715/715
f 179/213/213 309/212/212 310/473/473
f 499/262/262 134/720/720 135/721/721
f 565/241/241 39/719/719 40/722/722
f 39/719/719 565/241/241 567/715/715
f 466/723/723 1000/381/381 1001/724/724
f 1022/725/725 3128/726/726 216/727/727
f 326/154/154 329/153/153 253/728/728
f 849/729/729 42/730/730 43/731/731
f 571/732/732 370/733/733 568/662/662
f 994/734/734 995/735/735 996/736/736
f 283/737/737 509/738/738 506/739/739
f 695/740/740 10/741/741 11/742/742
f 703/743/743 699/744/744 702/745/745
f 623/116/116 624/746/746 390/747/747
f 1009/748/748 217/749/749 484/750/750
f 699/744/744 14/751/751 15/752/752
f 420/753/753 696/593/593 944/754/754
f 1083/399/399 1301/398/398 1090/755/755
f 59/756/756 594/757/757 58/758/758
f 145/759/759 146/760/760 611/488/488
f 695/740/740 697/761/761 10/741/741
f 8/762/762 948/763/763 7/764/764
f 8/762/762 9/765/765 1177/766/766
f 1377/767/767 654/768/768 903/769/769
f 1652/770/770 1483/771/771 1651/772/772
f 9/765/765 10/741/741 697/761/761
f 697/761/761 947/773/773 1177/766/766
f 1317/774/774 1648/89/89 203/775/775
f 1349/776/776 1651/772/772 232/777/777
f 399/778/778 891/642/642 643/585/585
f 944/754/754 1196/779/779 290/780/780
f 868/114/114 1110/781/781 274/112/112
f 23/782/782 683/783/783 22/784/784
f 24/785/785 406/786/786 682/787/787
f 2358/788/788 2468/789/789 2037/790/790
f 2031/791/791 2178/792/792 2030/793/793
f 408/512/512 24/785/785 25/513/513
f 26/794/794 404/450/450 25/513/513
f 807/795/795 1273/796/796 810/797/797
f 3233/798/798 3271/799/799 3206/800/800
f 2275/801/801 2278/802/802 2269/803/803
f 31/673/673 686/804/804 30/805/805
f 943/806/806 17/807/807 18/808/808
f 943/806/806 691/809/809 693/810/810
f 3464/811/811 1093/812/812 1089/813/813
f 841/323/323 844/814/814 846/324/324
f 365/815/815 360/816/816 363/194/194
f 21/817/817 22/784/784 911/818/818
f 3167/819/819 1623/820/820 1629/821/821
f 930/822/822 692/823/823 928/824/824
f 691/809/809 18/808/808 19/825/825
f 587/826/826 840/827/827 1081/828/828
f 50/829/829 574/25/25 49/830/830
f 912/831/831 22/784/784 683/783/783
f 1180/832/832 1179/833/833 423/834/834
f 573/47/47 574/25/25 372/27/27
f 953/835/835 5/621/621 6/836/836
f 953/835/835 955/622/622 5/621/621
f 347/837/837 262/376/376 345/659/659
f 1498/838/838 1499/839/839 234/840/840
f 3559/841/841 2452/842/842 3562/843/843
f 520/698/698 335/158/158 80/272/272
f 2219/844/844 2800/420/420 210/845/845
f 640/846/846 397/847/847 639/579/579
f 396/561/561 885/848/848 884/562/562
f 644/849/849 167/850/850 168/851/851
f 1511/852/852 895/853/853 280/854/854
f 897/855/855 898/856/856 648/597/597
f 891/642/642 1373/857/857 280/854/854
f 1379/858/858 1160/859/859 908/860/860
f 3051/861/861 3021/862/862 3037/863/863
f 669/864/864 910/865/865 667/866/866
f 404/450/450 677/624/624 407/451/451
f 1165/867/867 1166/868/868 285/869/869
f 236/870/870 2759/871/871 2762/872/872
f 288/873/873 932/874/874 931/875/875
f 1517/876/876 286/877/877 1169/878/878
f 405/626/626 681/879/879 2753/681/681
f 33/880/880 688/652/652 32/674/674
f 34/881/881 35/661/661 572/660/660
f 692/823/823 925/882/882 926/883/883
f 1191/884/884 1190/885/885 291/886/886
f 557/887/887 416/888/888 418/889/889
f 696/593/593 420/753/753 695/740/740
f 1387/890/890 1385/891/891 422/892/892
f 950/893/893 700/894/894 949/895/895
f 1389/896/896 1528/897/897 1189/898/898
f 1535/899/899 1536/900/900 1538/901/901
f 1555/902/902 1162/903/903 1556/904/904
f 425/446/446 103/2/2 104/905/905
f 241/223/223 710/577/577 293/3/3
f 426/447/447 104/905/905 105/906/906
f 294/224/224 426/447/447 429/565/565
f 708/120/120 431/907/907 710/577/577
f 432/110/110 295/21/21 433/908/908
f 432/110/110 100/100/100 101/14/14
f 439/91/91 714/90/90 960/909/909
f 719/910/910 106/24/24 107/379/379
f 965/911/911 429/565/565 426/447/447
f 1208/421/421 964/53/53 720/52/52
f 718/22/22 440/51/51 297/912/912
f 728/29/29 110/584/584 111/913/913
f 972/914/914 967/915/915 968/188/188
f 98/554/554 713/92/92 717/102/102
f 731/559/559 446/65/65 300/916/916
f 1217/917/917 1218/918/918 1216/919/919
f 94/920/920 733/921/921 93/922/922
f 449/61/61 113/39/39 114/923/923
f 729/30/30 302/201/201 966/924/924
f 454/232/232 752/925/925 450/193/193
f 969/926/926 303/927/927 1220/928/928
f 450/193/193 736/929/929 453/231/231
f 751/930/930 1220/928/928 993/931/931
f 455/531/531 180/220/220 181/932/932
f 4367/933/933 309/212/212 248/141/141
f 455/531/531 457/934/934 306/221/221
f 3636/935/935 3571/936/936 3650/937/937
f 4289/938/938 4292/939/939 4367/933/933
f 190/940/940 3534/941/941 3541/942/942
f 180/220/220 308/143/143 305/142/142
f 306/221/221 3644/943/943 3679/944/944
f 248/141/141 309/212/212 305/142/142
f 309/212/212 307/945/945 310/473/473
f 310/473/473 307/945/945 312/946/946
f 310/473/473 312/946/946 313/477/477
f 3554/947/947 3569/948/948 3570/949/949
f 316/712/712 314/536/536 2590/163/163
f 2590/163/163 2589/162/162 2600/950/950
f 313/477/477 312/946/946 311/951/951
f 314/536/536 313/477/477 311/951/951
f 311/951/951 2590/163/163 314/536/536
f 4416/537/537 314/536/536 255/713/713 4493/952/952
f 311/951/951 312/946/946 2588/161/161
f 2589/162/162 2591/953/953 2594/954/954
f 2602/955/955 316/712/712 315/956/956
f 3880/957/957 218/514/514 3879/958/958
f 4494/959/959 4493/952/952 255/713/713
f 460/529/529 92/83/83 93/922/922
f 317/72/72 249/74/74 757/452/452
f 1718/960/960 461/961/961 757/452/452
f 2408/689/689 2451/962/962 2407/963/963
f 463/541/541 124/145/145 125/705/705
f 250/140/140 321/226/226 323/207/207
f 463/541/541 464/498/498 320/497/497
f 478/964/964 476/965/965 477/966/966
f 321/226/226 473/967/967 469/968/968
f 469/968/968 324/969/969 468/227/227
f 463/541/541 319/138/138 124/145/145
f 1005/970/970 320/497/497 1001/724/724
f 250/140/140 323/207/207 319/138/138
f 122/208/208 323/207/207 321/226/226
f 468/227/227 121/203/203 122/208/208
f 737/215/215 738/971/971 451/972/972
f 765/973/973 487/492/492 488/491/491
f 768/126/126 479/136/136 252/135/135
f 481/152/152 132/172/172 133/974/974
f 331/975/975 330/164/164 326/154/154
f 482/265/265 133/974/974 134/720/720
f 484/750/750 486/976/976 483/977/977
f 490/978/978 328/979/979 331/975/975
f 325/137/137 487/492/492 252/135/135
f 481/152/152 326/154/154 132/172/172
f 483/977/977 486/976/976 327/266/266
f 331/975/975 326/154/154 253/728/728
f 330/164/164 328/979/979 765/973/973
f 491/487/487 493/980/980 489/981/981
f 328/979/979 330/164/164 331/975/975
f 500/263/263 135/721/721 136/982/982
f 332/264/264 483/977/977 482/265/265
f 777/983/983 137/984/984 138/985/985
f 773/986/986 774/987/987 1245/988/988
f 316/712/712 3880/957/957 255/713/713
f 255/713/713 3880/957/957 3884/989/989
f 4495/990/990 334/991/991 4496/992/992
f 520/698/698 80/272/272 81/993/993
f 257/276/276 785/159/159 335/158/158
f 521/699/699 81/993/993 82/994/994
f 336/166/166 521/699/699 524/167/167
f 783/995/995 526/996/996 785/159/159
f 527/288/288 337/160/160 528/997/997
f 527/288/288 77/299/299 78/281/281
f 536/303/303 787/302/302 1037/998/998
f 3362/999/999 3369/1000/1000 3370/1001/1001
f 343/1002/1002 541/129/129 1042/131/131
f 792/1003/1003 83/256/256 84/375/375
f 1041/1004/1004 524/167/167 521/699/699
f 793/259/259 259/1005/1005 1040/260/260
f 791/257/257 537/261/261 340/1006/1006
f 759/268/268 760/1007/1007 998/132/132
f 1238/1008/1008 1237/1009/1009 999/1010/1010
f 73/316/316 74/1011/1011 801/1012/1012
f 543/320/320 541/129/129 1044/1013/1013
f 804/1014/1014 1047/1015/1015 1046/1016/1016
f 812/1017/1017 263/1018/1018 808/326/326
f 4435/1019/1019 4460/1020/1020 347/837/837
f 262/376/376 3663/1021/1021 458/657/657
f 545/1022/1022 3730/1023/1023 3699/1024/1024
f 4435/1019/1019 347/837/837 345/659/659 4434/1025/1025
f 347/837/837 346/1026/1026 3666/377/377
f 547/236/236 66/391/391 67/1027/1027
f 813/1028/1028 548/351/351 348/237/237
f 806/334/334 807/795/795 1048/340/340
f 1057/1029/1029 1058/1030/1030 1062/1031/1031
f 815/349/349 814/1032/1032 350/1033/1033
f 351/362/362 552/361/361 817/211/211
f 552/361/361 1052/209/209 817/211/211
f 381/1034/1034 594/757/757 598/1035/1035
f 355/199/199 356/198/198 353/1036/1036
f 4515/1037/1037 4436/1038/1038 357/195/195
f 353/1036/1036 356/198/198 415/1039/1039
f 415/1039/1039 416/888/888 353/1036/1036
f 4446/1040/1040 359/1041/1041 352/243/243 4414/242/242
f 355/199/199 353/1036/1036 556/1042/1042
f 4516/1043/1043 4534/1044/1044 356/198/198
f 4535/1045/1045 4462/1046/1046 415/1039/1039
f 4461/1047/1047 354/1048/1048 4463/1049/1049
f 358/196/196 266/1050/1050 555/607/607
f 357/195/195 266/1050/1050 358/196/196
f 4418/1051/1051 359/1041/1041 4446/1040/1040
f 2429/1052/1052 2462/1053/1053 198/1054/1054
f 362/1055/1055 354/1048/1048 363/194/194
f 362/1055/1055 359/1041/1041 354/1048/1048
f 352/243/243 359/1041/1041 361/669/669
f 363/194/194 366/1056/1056 365/815/815
f 822/1057/1057 365/815/815 820/1058/1058
f 362/1055/1055 361/669/669 359/1041/1041
f 1068/1059/1059 361/669/669 360/816/816
f 354/1048/1048 357/195/195 363/194/194
f 361/669/669 362/1055/1055 360/816/816
f 366/1056/1056 2652/1060/1060 2651/1061/1061
f 360/816/816 362/1055/1055 363/194/194
f 2433/1062/1062 2323/1063/1063 2200/1064/1064
f 822/1057/1057 360/816/816 365/815/815
f 366/1056/1056 363/194/194 358/196/196
f 365/815/815 364/1065/1065 820/1058/1058
f 225/608/608 2652/1060/1060 358/196/196
f 2652/1060/1060 2647/1066/1066 2651/1061/1061
f 566/239/239 40/722/722 41/1067/1067
f 825/1068/1068 567/715/715 367/240/240
f 582/709/709 588/1069/1069 43/731/731
f 368/8/8 840/827/827 839/9/9
f 826/1070/1070 1282/1071/1071 827/716/716
f 370/733/733 571/732/732 828/36/36
f 571/732/732 1071/34/34 828/36/36
f 1293/1072/1072 1294/1073/1073 570/1074/1074
f 573/47/47 48/444/444 49/830/830
f 375/448/448 371/46/46 833/1075/1075
f 379/1076/1076 830/1077/1077 575/437/437
f 577/26/26 832/404/404 372/27/27
f 1985/1078/1078 581/1079/1079 583/1080/1080
f 580/711/711 578/702/702 586/1081/1081
f 573/47/47 371/46/46 48/444/444
f 832/404/404 374/48/48 372/27/27
f 833/1075/1075 371/46/46 269/441/441
f 46/701/701 375/448/448 373/708/708
f 45/703/703 578/702/702 580/711/711
f 376/43/43 835/45/45 836/1082/1082
f 590/4/4 53/650/650 54/430/430
f 852/1083/1083 591/434/434 377/5/5
f 382/16/16 384/417/417 272/187/187
f 605/17/17 272/187/187 602/1084/1084
f 379/1076/1076 854/436/436 853/1085/1085
f 576/405/405 830/1077/1077 1295/1086/1086
f 593/19/19 57/407/407 58/758/758
f 602/1084/1084 607/1087/1087 605/17/17
f 60/396/396 596/1088/1088 595/1089/1089
f 601/186/186 598/1035/1035 603/1090/1090
f 592/429/429 382/16/16 378/1091/1091
f 384/417/417 55/428/428 56/406/406
f 593/19/19 380/18/18 57/407/407
f 381/1034/1034 598/1035/1035 601/186/186
f 272/187/187 384/417/417 380/18/18
f 384/417/417 382/16/16 855/1092/1092
f 609/123/123 144/496/496 145/759/759
f 614/1093/1093 1482/1094/1094 613/1095/1095
f 618/504/504 622/1096/1096 147/505/505
f 1311/1097/1097 861/1098/1098 1123/1099/1099
f 1306/1100/1100 1304/1101/1101 1305/1102/1102
f 764/1103/1103 2798/1104/1104 1247/1105/1105
f 865/1106/1106 630/1107/1107 619/539/539
f 861/1098/1098 386/490/490 862/489/489
f 623/116/116 153/535/535 154/1108/1108
f 393/526/526 389/115/115 1099/1109/1109
f 624/746/746 154/1108/1108 155/1110/1110
f 1465/1111/1111 1101/552/552 1464/1112/1112
f 629/1113/1113 391/71/71 1098/1114/1114
f 628/94/94 632/1115/1115 631/540/540
f 623/116/116 389/115/115 153/535/535
f 1101/552/552 392/117/117 390/747/747
f 1099/1109/1109 389/115/115 276/530/530
f 151/70/70 393/526/526 391/71/71
f 871/389/389 156/542/542 157/1116/1116
f 1140/1117/1117 1141/1118/1118 394/68/68
f 637/80/80 159/571/571 160/557/557
f 873/1119/1119 1340/77/77 1139/79/79
f 877/1120/1120 161/1121/1121 162/1122/1122
f 884/562/562 885/848/848 883/1123/1123
f 640/846/846 164/578/578 165/572/572
f 879/1124/1124 641/583/583 397/847/847
f 398/586/586 891/642/642 892/1125/1125
f 878/1126/1126 397/847/847 640/846/846
f 644/849/849 168/851/851 646/1127/1127
f 646/1127/1127 399/778/778 644/849/849
f 897/855/855 647/372/372 171/374/374
f 645/1128/1128 651/1129/1129 652/1130/1130
f 1484/1131/1131 1486/1132/1132 1156/1133/1133
f 400/1134/1134 647/372/372 1155/598/598
f 906/638/638 2/1135/1135 1160/859/859
f 907/1136/1136 655/634/634 905/633/633
f 658/1137/1137 403/1138/1138 509/738/738
f 677/624/624 26/794/794 27/1139/1139
f 284/449/449 406/786/786 408/512/512
f 678/625/625 27/1139/1139 28/1140/1140
f 405/626/626 678/625/625 681/879/879
f 2765/1141/1141 236/870/870 2764/1142/1142
f 1166/868/868 1165/867/867 409/1143/1143
f 677/624/624 404/450/450 26/794/794
f 2753/681/681 407/451/451 405/626/626
f 284/449/449 408/512/512 404/450/450
f 24/785/785 408/512/512 406/786/786
f 682/787/787 23/782/782 24/785/785
f 692/823/823 926/883/883 928/824/824
f 915/1144/1144 29/692/692 30/805/805
f 681/879/879 410/1145/1145 680/682/682
f 1169/878/878 1168/671/671 916/670/670
f 914/693/693 685/672/672 410/1145/1145
f 689/1146/1146 34/881/881 690/1147/1147
f 1293/1072/1072 1292/1148/1148 1075/1149/1149
f 925/882/882 691/809/809 19/825/825
f 1180/832/832 1187/1150/1150 1191/884/884
f 416/888/888 415/1039/1039 414/1151/1151
f 4535/1045/1045 415/1039/1039 356/198/198 4534/1044/1044
f 416/888/888 414/1151/1151 289/666/666
f 418/889/889 419/523/523 417/1152/1152
f 416/888/888 289/666/666 418/889/889
f 1880/1153/1153 1821/1154/1154 1822/319/319
f 556/1042/1042 557/887/887 560/1155/1155
f 418/889/889 289/666/666 419/523/523
f 557/887/887 556/1042/1042 353/1036/1036
f 4419/1156/1156 4497/1157/1157 660/1158/1158
f 657/1159/1159 658/1137/1137 667/866/866
f 696/593/593 11/742/742 12/1160/1160
f 946/1161/1161 697/761/761 420/753/753
f 703/743/743 952/1162/1162 699/744/744
f 1391/1163/1163 421/1164/1164 1178/1165/1165
f 1388/1166/1166 1521/1167/1167 1520/1168/1168
f 1198/1169/1169 424/1170/1170 704/1171/1171
f 699/744/744 949/895/895 702/745/745
f 951/1172/1172 1391/1163/1163 1178/1165/1165
f 704/1171/1171 953/835/835 954/1173/1173
f 705/1174/1174 1552/1175/1175 1553/1176/1176
f 426/447/447 425/446/446 104/905/905
f 293/3/3 425/446/446 294/224/224
f 105/906/906 427/23/23 426/447/447
f 965/911/911 428/1177/1177 429/565/565
f 106/24/24 427/23/23 105/906/906
f 297/912/912 426/447/447 427/23/23
f 243/1178/1178 1203/1179/1179 1204/1180/1180
f 294/224/224 706/566/566 241/223/223
f 965/911/911 426/447/447 297/912/912
f 706/566/566 429/565/565 428/1177/1177
f 293/3/3 430/13/13 102/1/1
f 432/110/110 430/13/13 295/21/21
f 438/1181/1181 435/1182/1182 242/1183/1183
f 296/1184/1184 436/1185/1185 438/1181/1181
f 295/21/21 710/577/577 433/908/908
f 434/101/101 432/110/110 436/1185/1185
f 433/908/908 431/907/907 435/1182/1182
f 434/101/101 436/1185/1185 296/1184/1184
f 960/909/909 714/90/90 296/1184/1184
f 100/100/100 432/110/110 434/101/101
f 711/1186/1186 437/575/575 431/907/907
f 435/1182/1182 431/907/907 437/575/575
f 432/110/110 433/908/908 436/1185/1185
f 433/908/908 435/1182/1182 438/1181/1181
f 209/122/122 956/424/424 437/575/575
f 2808/1187/1187 2807/1188/1188 1568/1189/1189
f 242/1183/1183 715/581/581 716/1190/1190
f 433/908/908 438/1181/1181 436/1185/1185
f 438/1181/1181 716/1190/1190 296/1184/1184
f 98/554/554 717/102/102 97/111/111
f 440/51/51 719/910/910 441/41/41
f 298/40/40 725/1191/1191 440/51/51
f 441/41/41 108/11/11 721/10/10
f 440/51/51 441/41/41 298/40/40
f 442/42/42 721/10/10 443/555/555
f 722/50/50 442/42/42 299/550/550
f 443/555/555 110/584/584 728/29/29
f 442/42/42 443/555/555 299/550/550
f 111/913/913 112/38/38 729/30/30
f 966/924/924 971/1192/1192 729/30/30
f 717/102/102 445/86/86 97/111/111
f 446/65/65 445/86/86 300/916/916
f 731/559/559 300/916/916 245/1193/1193
f 94/920/920 95/63/63 985/76/76
f 1230/1194/1194 1231/1195/1195 447/1196/1196
f 755/73/73 317/72/72 460/529/529
f 449/61/61 448/37/37 113/39/39
f 729/30/30 448/37/37 302/201/201
f 114/923/923 115/1197/1197 986/62/62
f 302/201/201 734/202/202 246/189/189
f 736/929/929 117/192/192 118/216/216
f 454/232/232 751/930/930 993/931/931
f 120/184/184 762/1198/1198 119/214/214
f 475/1199/1199 739/1200/1200 324/969/969
f 986/62/62 303/927/927 735/60/60
f 116/191/191 752/925/925 115/1197/1197
f 736/929/929 450/193/193 117/192/192
f 453/231/231 451/972/972 743/493/493
f 751/930/930 454/232/232 304/646/646
f 454/232/232 452/1201/1201 752/925/925
f 181/932/932 753/714/714 457/934/934
f 308/143/143 455/531/531 306/221/221
f 3662/1202/1202 3669/1203/1203 3667/1204/1204
f 3658/1205/1205 3656/1206/1206 3654/1207/1207
f 181/932/932 457/934/934 455/531/531
f 456/1208/1208 3662/1202/1202 3644/943/943
f 262/376/376 458/657/657 345/659/659
f 456/1208/1208 457/934/934 753/714/714
f 460/529/529 459/84/84 92/83/83
f 756/118/118 459/84/84 317/72/72
f 733/921/921 460/529/529 93/922/922
f 460/529/529 447/1196/1196 997/1209/1209
f 1809/1210/1210 1718/960/960 1813/1211/1211
f 1235/1212/1212 1814/1213/1213 1234/1214/1214
f 758/345/345 89/267/267 90/119/119
f 462/1215/1215 999/1010/1010 760/1007/1007
f 464/498/498 463/541/541 125/705/705
f 322/139/139 463/541/541 320/497/497
f 477/966/966 127/1216/1216 478/964/964
f 465/1217/1217 466/723/723 480/1218/1218
f 769/1219/1219 767/1220/1220 465/1217/1217
f 467/499/499 1001/724/724 320/497/497
f 464/498/498 126/704/704 477/966/966
f 1000/381/381 466/723/723 465/1217/1217
f 477/966/966 467/499/499 464/498/498
f 1001/724/724 467/499/499 466/723/723
f 469/968/968 468/227/227 321/226/226
f 324/969/969 470/185/185 468/227/227
f 250/140/140 471/507/507 473/967/967
f 472/1221/1221 469/968/968 991/509/509
f 324/969/969 474/1222/1222 763/183/183
f 121/203/203 468/227/227 470/185/185
f 1003/1223/1223 250/140/140 1002/1224/1224
f 1003/1223/1223 215/1225/1225 1004/1226/1226
f 472/1221/1221 251/1227/1227 475/1199/1199
f 324/969/969 469/968/968 472/1221/1221
f 250/140/140 473/967/967 321/226/226
f 991/509/509 473/967/967 471/507/507
f 324/969/969 472/1221/1221 475/1199/1199
f 737/215/215 451/972/972 736/929/929
f 744/1228/1228 742/494/494 475/1199/1199
f 737/215/215 474/1222/1222 739/1200/1200
f 479/136/136 768/126/126 476/965/965
f 467/499/499 477/966/966 480/1218/1218
f 127/1216/1216 477/966/966 126/704/704
f 480/1218/1218 477/966/966 476/965/965
f 127/1216/1216 128/173/173 478/964/964
f 479/136/136 128/173/173 325/137/137
f 476/965/965 478/964/964 479/136/136
f 128/173/173 479/136/136 478/964/964
f 476/965/965 768/126/126 770/1229/1229
f 467/499/499 480/1218/1218 466/723/723
f 482/265/265 481/152/152 133/974/974
f 329/153/153 481/152/152 327/266/266
f 499/262/262 482/265/265 134/720/720
f 483/977/977 332/264/264 254/1230/1230
f 484/750/750 483/977/977 254/1230/1230
f 327/266/266 482/265/265 483/977/977
f 772/476/476 333/475/475 774/987/987
f 485/456/456 253/728/728 329/153/153
f 484/750/750 217/749/749 485/456/456
f 217/749/749 1014/547/547 497/1231/1231
f 484/750/750 485/456/456 486/976/976
f 327/266/266 486/976/976 485/456/456
f 488/491/491 325/137/137 129/174/174
f 490/978/978 493/980/980 328/979/979
f 129/174/174 130/485/485 488/491/491
f 765/973/973 488/491/491 130/485/485
f 496/1232/1232 495/1233/1233 490/978/978
f 489/981/981 490/978/978 495/1233/1233
f 331/975/975 253/728/728 490/978/978
f 497/1231/1231 485/456/456 217/749/749
f 487/492/492 328/979/979 493/980/980
f 494/486/486 491/487/487 489/981/981
f 217/749/749 1011/1234/1234 1014/547/547
f 1020/1235/1235 489/981/981 495/1233/1233
f 489/981/981 493/980/980 490/978/978
f 487/492/492 493/980/980 491/487/487
f 489/981/981 1020/1235/1235 1022/725/725
f 494/486/486 216/727/727 498/128/128
f 496/1232/1232 490/978/978 253/728/728
f 1020/1235/1235 1017/548/548 1019/1236/1236
f 485/456/456 496/1232/1232 253/728/728
f 492/546/546 495/1233/1233 496/1232/1232
f 492/546/546 496/1232/1232 497/1231/1231
f 485/456/456 497/1231/1231 496/1232/1232
f 1007/1237/1237 498/128/128 216/727/727
f 476/965/965 770/1229/1229 480/1218/1218
f 500/263/263 499/262/262 135/721/721
f 482/265/265 499/262/262 332/264/264
f 2654/1238/1238 136/982/982 137/984/984
f 332/264/264 771/468/468 254/1230/1230
f 139/1239/1239 778/1240/1240 138/985/985
f 616/470/470 860/1241/1241 140/471/471
f 503/479/479 504/1242/1242 511/480/480
f 509/738/738 505/1243/1243 506/739/739
f 506/739/739 516/1244/1244 518/1245/1245
f 666/1246/1246 663/1247/1247 283/737/737
f 511/480/480 2655/1248/1248 507/1249/1249
f 503/479/479 779/1250/1250 504/1242/1242
f 505/1243/1243 502/1251/1251 506/739/739
f 502/1251/1251 508/1252/1252 516/1244/1244
f 3881/1253/1253 2635/1254/1254 2634/1255/1255
f 511/480/480 507/1249/1249 3883/1256/1256
f 515/1257/1257 503/479/479 513/478/478
f 502/1251/1251 516/1244/1244 506/739/739
f 509/738/738 283/737/737 658/1137/1137
f 505/1243/1243 509/738/738 403/1138/1138
f 518/1245/1245 517/1258/1258 510/1259/1259
f 2713/1260/1260 2708/1261/1261 2709/277/277
f 4465/1262/1262 511/480/480 504/1242/1242 4464/1263/1263
f 513/478/478 511/480/480 3883/1256/1256
f 3882/1264/1264 3881/1253/1253 2634/1255/1255
f 2624/1265/1265 2643/1266/1266 2629/1267/1267
f 512/1268/1268 514/1269/1269 513/478/478
f 513/478/478 514/1269/1269 515/1257/1257
f 2637/1270/1270 3886/1271/1271 2636/1272/1272
f 515/1257/1257 514/1269/1269 256/1273/1273
f 2742/1274/1274 508/1252/1252 519/1275/1275
f 2749/1276/1276 779/1250/1250 515/1257/1257
f 517/1258/1258 516/1244/1244 508/1252/1252
f 516/1244/1244 517/1258/1258 518/1245/1245
f 519/1275/1275 508/1252/1252 779/1250/1250
f 2734/1277/1277 2736/1278/1278 2750/1279/1279
f 664/1280/1280 518/1245/1245 510/1259/1259
f 283/737/737 506/739/739 518/1245/1245
f 2709/277/277 2708/1261/1261 2729/278/278
f 2742/1274/1274 517/1258/1258 508/1252/1252
f 521/699/699 520/698/698 81/993/993
f 335/158/158 520/698/698 336/166/166
f 82/994/994 522/258/258 521/699/699
f 1041/1004/1004 523/1281/1281 524/167/167
f 83/256/256 522/258/258 82/994/994
f 340/1006/1006 521/699/699 522/258/258
f 784/1282/1282 1026/248/248 781/250/250
f 336/166/166 780/168/168 257/276/276
f 1041/1004/1004 521/699/699 340/1006/1006
f 780/168/168 524/167/167 523/1281/1281
f 335/158/158 525/280/280 79/273/273
f 527/288/288 525/280/280 337/160/160
f 533/1283/1283 530/1284/1284 258/1285/1285
f 338/1286/1286 531/1287/1287 533/1283/1283
f 337/160/160 785/159/159 528/997/997
f 529/300/300 527/288/288 531/1287/1287
f 528/997/997 526/996/996 530/1284/1284
f 529/300/300 531/1287/1287 338/1286/1286
f 1037/998/998 787/302/302 338/1286/1286
f 77/299/299 527/288/288 529/300/300
f 219/1288/1288 532/1289/1289 526/996/996
f 530/1284/1284 526/996/996 532/1289/1289
f 527/288/288 528/997/997 531/1287/1287
f 528/997/997 530/1284/1284 533/1283/1283
f 219/1288/1288 535/171/171 532/1289/1289
f 534/170/170 3342/157/157 535/171/171
f 3371/1290/1290 789/1291/1291 258/1285/1285
f 528/997/997 533/1283/1283 531/1287/1287
f 783/995/995 781/250/250 219/1288/1288
f 3339/1292/1292 195/1293/1293 3345/1294/1294
f 1035/1295/1295 219/1288/1288 781/250/250
f 534/170/170 3341/687/687 3342/157/157
f 338/1286/1286 533/1283/1283 789/1291/1291
f 1039/1296/1296 790/308/308 1038/1297/1297
f 537/261/261 792/1003/1003 538/247/247
f 341/246/246 798/684/684 537/261/261
f 538/247/247 85/274/274 794/275/275
f 537/261/261 538/247/247 341/246/246
f 539/245/245 794/275/275 540/178/178
f 795/528/528 539/245/245 342/1298/1298
f 540/178/178 87/133/133 998/132/132
f 539/245/245 540/178/178 342/1298/1298
f 541/129/129 73/316/316 801/1012/1012
f 541/129/129 343/1002/1002 1044/1013/1013
f 790/308/308 74/1011/1011 75/307/307
f 1039/1296/1296 802/1299/1299 1042/131/131
f 1043/175/175 804/1014/1014 1044/1013/1013
f 805/327/327 543/320/320 1046/1016/1016
f 805/327/327 70/336/336 71/322/322
f 1273/796/796 1049/1300/1300 349/1301/1301
f 3733/668/668 3766/1302/1302 3731/1303/1303
f 3734/1304/1304 2799/1305/1305 3732/1306/1306
f 3723/1307/1307 3724/1308/1308 3698/1309/1309
f 547/236/236 546/238/238 66/391/391
f 548/351/351 546/238/238 348/237/237
f 68/341/341 810/797/797 1050/1310/1310
f 348/237/237 808/326/326 263/1018/1018
f 813/1028/1028 348/237/237 263/1018/1018
f 64/352/352 548/351/351 1051/350/350
f 818/1311/1311 62/383/383 63/1312/1312
f 554/360/360 553/395/395 549/384/384
f 549/384/384 818/1311/1311 552/361/361
f 1051/350/350 63/1312/1312 64/352/352
f 4263/1313/1313 264/1314/1314 4262/1315/1315
f 381/1034/1034 593/19/19 594/757/757
f 818/1311/1311 549/384/384 62/383/383
f 552/361/361 550/1316/1316 1052/209/209
f 549/384/384 552/361/361 554/360/360
f 553/395/395 551/1317/1317 596/1088/1088
f 1064/1318/1318 857/1319/1319 351/362/362
f 551/1317/1317 553/395/395 554/360/360
f 556/1042/1042 266/1050/1050 355/199/199
f 266/1050/1050 556/1042/1042 555/607/607
f 557/887/887 353/1036/1036 416/888/888
f 559/651/651 555/607/607 560/1155/1155
f 418/889/889 417/1152/1152 557/887/887
f 560/1155/1155 557/887/887 561/318/318
f 558/317/317 560/1155/1155 561/318/318
f 2578/1320/1320 2574/1321/1321 2575/1322/1322
f 560/1155/1155 555/607/607 556/1042/1042
f 2575/1322/1322 558/317/317 1822/319/319
f 561/318/318 557/887/887 417/1152/1152
f 559/651/651 560/1155/1155 558/317/317
f 563/1323/1323 694/522/522 562/600/600
f 561/318/318 417/1152/1152 563/1323/1323
f 1276/599/599 1609/1324/1324 1066/366/366
f 562/600/600 1276/599/599 1878/1325/1325
f 563/1323/1323 417/1152/1152 694/522/522
f 1880/1153/1153 563/1323/1323 562/600/600
f 2181/1326/1326 2341/1327/1327 2346/1328/1328
f 2350/1329/1329 564/1330/1330 2349/655/655
f 566/239/239 565/241/241 40/722/722
f 567/715/715 565/241/241 367/240/240
f 1081/828/828 42/730/730 849/729/729
f 367/240/240 823/700/700 267/1331/1331
f 825/1068/1068 367/240/240 267/1331/1331
f 38/718/718 567/715/715 1070/717/717
f 829/1332/1332 36/663/663 37/1333/1333
f 572/660/660 568/662/662 1292/1148/1148
f 568/662/662 829/1332/1332 571/732/732
f 1070/717/717 37/1333/1333 38/718/718
f 370/733/733 1073/1334/1334 1075/1149/1149
f 688/652/652 689/1146/1146 1294/1073/1073
f 829/1332/1332 568/662/662 36/663/663
f 571/732/732 569/1335/1335 1071/34/34
f 1292/1148/1148 568/662/662 370/733/733
f 572/660/660 570/1074/1074 690/1147/1147
f 574/25/25 573/47/47 49/830/830
f 374/48/48 573/47/47 372/27/27
f 575/437/437 574/25/25 50/829/829
f 574/25/25 575/437/437 830/1077/1077
f 50/829/829 51/1336/1336 575/437/437
f 591/434/434 51/1336/1336 52/435/435
f 1296/1337/1337 1300/1338/1338 1461/1339/1339
f 832/404/404 269/441/441 374/48/48
f 830/1077/1077 577/26/26 574/25/25
f 832/404/404 577/26/26 576/405/405
f 578/702/702 373/708/708 581/1079/1079
f 45/703/703 580/711/711 44/710/710
f 373/708/708 583/1080/1080 581/1079/1079
f 1841/1340/1340 1900/1341/1341 1901/1342/1342
f 581/1079/1079 584/44/44 586/1081/1081
f 580/711/711 585/1343/1343 582/709/709
f 583/1080/1080 373/708/708 833/1075/1075
f 581/1079/1079 579/1344/1344 584/44/44
f 588/1069/1069 582/709/709 376/43/43
f 43/731/731 44/710/710 582/709/709
f 834/1345/1345 583/1080/1080 833/1075/1075
f 1902/1346/1346 1985/1078/1078 1986/1347/1347
f 835/45/45 584/44/44 579/1344/1344
f 376/43/43 582/709/709 585/1343/1343
f 586/1081/1081 585/1343/1343 580/711/711
f 376/43/43 585/1343/1343 584/44/44
f 581/1079/1079 586/1081/1081 578/702/702
f 585/1343/1343 586/1081/1081 584/44/44
f 838/1348/1348 376/43/43 836/1082/1082
f 42/730/730 1081/828/828 41/1067/1067
f 838/1348/1348 588/1069/1069 376/43/43
f 588/1069/1069 587/826/826 849/729/729
f 590/4/4 589/6/6 53/650/650
f 591/434/434 589/6/6 377/5/5
f 592/429/429 590/4/4 54/430/430
f 377/5/5 850/418/418 271/1349/1349
f 377/5/5 271/1349/1349 852/1083/1083
f 575/437/437 51/1336/1336 591/434/434
f 855/1092/1092 592/429/429 55/428/428
f 592/429/429 378/1091/1091 851/1350/1350
f 594/757/757 593/19/19 58/758/758
f 383/20/20 593/19/19 381/1034/1034
f 59/756/756 595/1089/1089 594/757/757
f 599/1351/1351 595/1089/1089 551/1317/1317
f 60/396/396 595/1089/1089 59/756/756
f 599/1351/1351 598/1035/1035 595/1089/1089
f 553/395/395 596/1088/1088 60/396/396
f 551/1317/1317 595/1089/1089 596/1088/1088
f 856/1352/1352 857/1319/1319 1064/1318/1318
f 1065/1353/1353 2272/1354/1354 856/1352/1352
f 595/1089/1089 598/1035/1035 594/757/757
f 598/1035/1035 597/1355/1355 603/1090/1090
f 551/1317/1317 554/360/360 857/1319/1319
f 597/1355/1355 598/1035/1035 599/1351/1351
f 3479/1356/1356 3475/1357/1357 2274/1358/1358
f 600/1359/1359 602/1084/1084 601/186/186
f 381/1034/1034 601/186/186 383/20/20
f 602/1084/1084 600/1359/1359 229/1360/1360
f 602/1084/1084 229/1360/1360 607/1087/1087
f 272/187/187 601/186/186 602/1084/1084
f 3475/1357/1357 603/1090/1090 597/1355/1355
f 601/186/186 603/1090/1090 600/1359/1359
f 1087/1361/1361 1088/1362/1362 1086/1363/1363
f 1090/755/755 1084/1364/1364 1087/1361/1361
f 606/15/15 605/17/17 604/1365/1365
f 382/16/16 272/187/187 605/17/17
f 1085/1366/1366 606/15/15 604/1365/1365
f 382/16/16 606/15/15 378/1091/1091
f 607/1087/1087 229/1360/1360 3471/1367/1367
f 605/17/17 607/1087/1087 604/1365/1365
f 609/123/123 608/125/125 144/496/496
f 610/484/484 608/125/125 385/124/124
f 611/488/488 609/123/123 145/759/759
f 385/124/124 858/501/501 273/1368/1368
f 614/1093/1093 385/124/124 273/1368/1368
f 612/481/481 610/484/484 613/1095/1095
f 147/505/505 622/1096/1096 146/760/760
f 611/488/488 386/490/490 859/510/510
f 610/484/484 612/481/481 142/482/482
f 617/1369/1369 387/1370/1370 1481/1371/1371
f 614/1093/1093 613/1095/1095 610/484/484
f 387/1370/1370 612/481/481 613/1095/1095
f 385/124/124 614/1093/1093 610/484/484
f 1306/1100/1100 1305/1102/1102 273/1368/1368
f 1425/1372/1372 1025/1373/1373 1426/1374/1374
f 778/1240/1240 501/500/500 777/983/983
f 617/1369/1369 612/481/481 387/1370/1370
f 616/470/470 615/1375/1375 860/1241/1241
f 615/1375/1375 616/470/470 617/1369/1369
f 612/481/481 617/1369/1369 616/470/470
f 149/95/95 630/1107/1107 865/1106/1106
f 618/504/504 388/520/520 1095/1376/1376
f 151/70/70 626/69/69 150/93/93
f 1098/1114/1114 1102/1377/1377 629/1113/1113
f 618/504/504 1095/1376/1376 620/1378/1378
f 863/1379/1379 611/488/488 146/760/760
f 865/1106/1106 618/504/504 148/506/506
f 621/521/521 619/539/539 634/538/538
f 618/504/504 620/1378/1378 622/1096/1096
f 622/1096/1096 620/1378/1378 863/1379/1379
f 624/746/746 623/116/116 154/1108/1108
f 392/117/117 623/116/116 390/747/747
f 155/1110/1110 625/66/66 624/746/746
f 394/68/68 1139/79/79 1140/1117/1117
f 156/542/542 625/66/66 155/1110/1110
f 394/68/68 624/746/746 625/66/66
f 629/1113/1113 626/69/69 391/71/71
f 630/1107/1107 628/94/94 619/539/539
f 231/1380/1380 1105/1381/1381 1103/1382/1382
f 388/520/520 621/521/521 633/1383/1383
f 150/93/93 626/69/69 628/94/94
f 628/94/94 626/69/69 632/1115/1115
f 1099/1109/1109 864/1384/1384 1098/1114/1114
f 631/540/540 619/539/539 628/94/94
f 619/539/539 621/521/521 865/1106/1106
f 149/95/95 628/94/94 630/1107/1107
f 629/1113/1113 627/1385/1385 631/540/540
f 633/1383/1383 634/538/538 866/1386/1386
f 626/69/69 629/1113/1113 632/1115/1115
f 631/540/540 632/1115/1115 629/1113/1113
f 866/1386/1386 631/540/540 627/1385/1385
f 869/113/113 633/1383/1383 868/114/114
f 866/1386/1386 634/538/538 631/540/540
f 621/521/521 634/538/538 633/1383/1383
f 872/390/390 157/1116/1116 158/570/570
f 395/81/81 1134/1387/1387 872/390/390
f 637/80/80 636/82/82 159/571/571
f 872/390/390 636/82/82 395/81/81
f 874/556/556 160/557/557 161/1121/1121
f 875/553/553 278/1388/1388 1135/1389/1389
f 641/583/583 162/1122/1122 163/580/580
f 881/1390/1390 883/1123/1123 879/1124/1124
f 640/846/846 639/579/579 164/578/578
f 641/583/583 639/579/579 397/847/847
f 642/574/574 640/846/846 165/572/572
f 878/1126/1126 279/355/355 879/1124/1124
f 397/847/847 878/1126/1126 879/1124/1124
f 877/1120/1120 641/583/583 638/1391/1391
f 166/573/573 167/850/850 896/1392/1392
f 642/574/574 398/586/586 1153/1393/1393
f 896/1392/1392 642/574/574 166/573/573
f 643/585/585 896/1392/1392 644/849/849
f 169/1394/1394 651/1129/1129 646/1127/1127
f 643/585/585 644/849/849 399/778/778
f 651/1129/1129 170/373/373 649/587/587
f 400/1134/1134 653/1395/1395 649/587/587
f 169/1394/1394 646/1127/1127 168/851/851
f 399/778/778 646/1127/1127 645/1128/1128
f 897/855/855 171/374/374 172/1396/1396
f 649/587/587 647/372/372 400/1134/1134
f 898/856/856 172/1396/1396 173/614/614
f 899/627/627 281/629/629 900/1397/1397
f 653/1395/1395 900/1397/1397 650/1398/1398
f 652/1130/1130 651/1129/1129 649/587/587
f 1360/1399/1399 1157/595/595 1376/594/594
f 652/1130/1130 1372/1400/1400 645/1128/1128
f 646/1127/1127 651/1129/1129 645/1128/1128
f 170/373/373 651/1129/1129 169/1394/1394
f 653/1395/1395 652/1130/1130 649/587/587
f 1371/1401/1401 1372/1400/1400 1376/594/594
f 900/1397/1397 653/1395/1395 400/1134/1134
f 652/1130/1130 653/1395/1395 650/1398/1398
f 1158/1402/1402 174/612/612 175/609/609
f 898/856/856 902/613/613 1355/1403/1403
f 401/1404/1404 1356/1405/1405 1159/1406/1406
f 903/769/769 654/768/768 902/613/613
f 3/1407/1407 1161/1408/1408 2/1135/1135
f 1401/1409/1409 955/622/622 1202/1410/1410
f 661/664/664 414/1151/1151 660/1158/1158
f 4423/1411/1411 4422/1412/1412 657/1159/1159
f 2656/1413/1413 663/1247/1247 666/1246/1246
f 658/1137/1137 283/737/737 663/1247/1247
f 4499/1414/1414 4468/1415/1415 910/865/865
f 668/1416/1416 667/866/866 663/1247/1247
f 673/1417/1417 675/665/665 671/1418/1418
f 4480/1419/1419 659/1420/1420 660/1158/1158 4497/1157/1157
f 661/664/664 660/1158/1158 659/1420/1420
f 672/1421/1421 671/1418/1418 669/864/864
f 414/1151/1151 661/664/664 289/666/666
f 207/1422/1422 1943/1423/1423 1946/1424/1424
f 676/1425/1425 419/523/523 673/1417/1417
f 664/1280/1280 666/1246/1246 518/1245/1245
f 663/1247/1247 662/1426/1426 668/1416/1416
f 510/1259/1259 909/1427/1427 664/1280/1280
f 664/1280/1280 909/1427/1427 2656/1413/1413
f 2680/1428/1428 2683/1429/1429 2668/1430/1430
f 661/664/664 659/1420/1420 671/1418/1418
f 518/1245/1245 666/1246/1246 283/737/737
f 666/1246/1246 664/1280/1280 2656/1413/1413
f 663/1247/1247 667/866/866 658/1137/1137
f 669/864/864 667/866/866 665/1431/1431
f 668/1416/1416 2667/1432/1432 2666/1433/1433
f 667/866/866 668/1416/1416 665/1431/1431
f 669/864/864 665/1431/1431 672/1421/1421
f 2667/1432/1432 2659/1434/1434 2658/1435/1435
f 676/1425/1425 239/524/524 419/523/523
f 669/864/864 671/1418/1418 659/1420/1420
f 673/1417/1417 671/1418/1418 670/1436/1436
f 2666/1433/1433 2664/1437/1437 2665/1438/1438
f 671/1418/1418 672/1421/1421 670/1436/1436
f 2674/1439/1439 676/1425/1425 670/1436/1436
f 675/665/665 419/523/523 289/666/666
f 1874/1440/1440 1816/1441/1441 1873/1442/1442
f 1066/366/366 1609/1324/1324 1611/1443/1443
f 671/1418/1418 675/665/665 661/664/664
f 419/523/523 675/665/665 673/1417/1417
f 670/1436/1436 676/1425/1425 673/1417/1417
f 239/524/524 676/1425/1425 674/1444/1444
f 678/625/625 677/624/624 27/1139/1139
f 407/451/451 677/624/624 405/626/626
f 28/1140/1140 679/694/694 678/625/625
f 410/1145/1145 1168/671/671 680/682/682
f 29/692/692 679/694/694 28/1140/1140
f 410/1145/1145 678/625/625 679/694/694
f 1517/876/876 2755/1445/1445 286/877/877
f 2753/681/681 284/449/449 407/451/451
f 410/1145/1145 681/879/879 678/625/625
f 2753/681/681 681/879/879 680/682/682
f 682/787/787 406/786/786 1167/1446/1446
f 409/1143/1143 683/783/783 682/787/787
f 1164/1447/1447 912/831/831 409/1143/1143
f 23/782/782 682/787/787 683/783/783
f 1164/1447/1447 1165/867/867 913/1448/1448
f 692/823/823 413/1449/1449 691/809/809
f 685/672/672 915/1144/1144 686/804/804
f 411/1450/1450 921/1451/1451 685/672/672
f 686/804/804 31/673/673 917/653/653
f 685/672/672 686/804/804 411/1450/1450
f 918/619/619 687/618/618 412/1452/1452
f 686/804/804 687/618/618 411/1450/1450
f 689/1146/1146 688/652/652 33/880/880
f 687/618/618 688/652/652 412/1452/1452
f 34/881/881 689/1146/1146 33/880/880
f 1293/1072/1072 570/1074/1074 1292/1148/1148
f 572/660/660 690/1147/1147 34/881/881
f 570/1074/1074 689/1146/1146 690/1147/1147
f 925/882/882 19/825/825 20/1453/1453
f 691/809/809 413/1449/1449 693/810/810
f 926/883/883 20/1453/1453 21/817/817
f 912/831/831 1164/1447/1447 684/1454/1454
f 932/874/874 1182/1455/1455 1183/1456/1456
f 423/834/834 703/743/743 702/745/745
f 694/522/522 239/524/524 562/600/600
f 417/1152/1152 419/523/523 694/522/522
f 696/593/593 695/740/740 11/742/742
f 697/761/761 695/740/740 420/753/753
f 12/1160/1160 13/1457/1457 1176/591/591
f 420/753/753 944/754/754 290/780/780
f 946/1161/1161 420/753/753 290/780/780
f 9/765/765 697/761/761 1177/766/766
f 1384/1458/1458 1385/891/891 698/1459/1459
f 704/1171/1171 954/1173/1173 1198/1169/1169
f 949/895/895 15/752/752 16/1460/1460
f 703/743/743 951/1172/1172 1178/1165/1165
f 950/893/893 16/1460/1460 17/807/807
f 1183/1456/1456 413/1449/1449 932/874/874
f 1176/591/591 421/1164/1164 945/592/592
f 14/751/751 952/1162/1162 13/1457/1457
f 949/895/895 699/744/744 15/752/752
f 1180/832/832 702/745/745 700/894/894
f 951/1172/1172 703/743/743 423/834/834
f 703/743/743 701/1461/1461 952/1162/1162
f 6/836/836 7/764/764 954/1173/1173
f 1199/1462/1462 955/622/622 704/1171/1171
f 1201/1463/1463 1200/1464/1464 705/1174/1174
f 1160/859/859 1379/858/858 656/1465/1465
f 1204/1180/1180 709/121/121 706/566/566
f 708/120/120 706/566/566 709/121/121
f 1402/1466/1466 1206/1467/1467 958/1468/1468
f 1402/1466/1466 1403/1469/1469 959/567/567
f 708/120/120 209/122/122 711/1186/1186
f 241/223/223 706/566/566 708/120/120
f 1204/1180/1180 706/566/566 428/1177/1177
f 709/121/121 707/569/569 957/568/568
f 708/120/120 710/577/577 241/223/223
f 433/908/908 710/577/577 431/907/907
f 708/120/120 711/1186/1186 431/907/907
f 209/122/122 437/575/575 711/1186/1186
f 956/424/424 209/122/122 957/568/568
f 1803/1470/1470 1573/1471/1471 1575/1472/1472
f 714/90/90 713/92/92 99/99/99
f 717/102/102 713/92/92 439/91/91
f 99/99/99 434/101/101 714/90/90
f 296/1184/1184 714/90/90 434/101/101
f 1210/1473/1473 715/581/581 242/1183/1183
f 1219/1474/1474 717/102/102 962/103/103
f 242/1183/1183 716/1190/1190 438/1181/1181
f 960/909/909 716/1190/1190 715/581/581
f 439/91/91 960/909/909 962/103/103
f 445/86/86 717/102/102 300/916/916
f 427/23/23 718/22/22 297/912/912
f 719/910/910 718/22/22 106/24/24
f 441/41/41 719/910/910 107/379/379
f 718/22/22 719/910/910 440/51/51
f 725/1191/1191 723/49/49 724/419/419
f 725/1191/1191 724/419/419 720/52/52
f 443/555/555 721/10/10 109/12/12
f 441/41/41 721/10/10 442/42/42
f 973/1475/1475 722/50/50 299/550/550
f 723/49/49 722/50/50 244/1476/1476
f 723/49/49 244/1476/1476 724/419/419
f 442/42/42 723/49/49 298/40/40
f 727/1477/1477 724/419/419 244/1476/1476
f 2800/420/420 724/419/419 727/1477/1477
f 440/51/51 725/1191/1191 720/52/52
f 723/49/49 725/1191/1191 298/40/40
f 979/1478/1478 977/1479/1479 973/1475/1475
f 977/1479/1479 726/431/431 727/1477/1477
f 977/1479/1479 727/1477/1477 244/1476/1476
f 2800/420/420 727/1477/1477 726/431/431
f 729/30/30 728/29/29 111/913/913
f 443/555/555 728/29/29 444/28/28
f 448/37/37 729/30/30 112/38/38
f 966/924/924 302/201/201 246/189/189
f 972/914/914 978/1480/1480 730/1481/1481
f 974/549/549 973/1475/1475 299/550/550
f 1214/1482/1482 731/559/559 245/1193/1193
f 731/559/559 1214/1482/1482 1408/558/558
f 732/75/75 1230/1194/1194 985/76/76
f 446/65/65 731/559/559 732/75/75
f 985/76/76 733/921/921 94/920/920
f 460/529/529 733/921/921 447/1196/1196
f 449/61/61 735/60/60 734/202/202
f 735/60/60 969/926/926 970/190/190
f 449/61/61 114/923/923 986/62/62
f 303/927/927 969/926/926 735/60/60
f 737/215/215 736/929/929 118/216/216
f 453/231/231 736/929/929 451/972/972
f 762/1198/1198 737/215/215 119/214/214
f 474/1222/1222 324/969/969 739/1200/1200
f 742/494/494 738/971/971 475/1199/1199
f 743/493/493 451/972/972 738/971/971
f 475/1199/1199 738/971/971 739/1200/1200
f 737/215/215 739/1200/1200 738/971/971
f 744/1228/1228 251/1227/1227 747/1483/1483
f 749/1484/1484 747/1483/1483 748/1485/1485
f 994/734/734 996/736/736 247/1486/1486
f 995/735/735 453/231/231 743/493/493
f 744/1228/1228 475/1199/1199 251/1227/1227
f 741/495/495 742/494/494 740/1487/1487
f 742/494/494 743/493/493 738/971/971
f 743/493/493 741/495/495 995/735/735
f 987/1488/1488 746/1489/1489 989/1490/1490
f 742/494/494 744/1228/1228 749/1484/1484
f 1222/1491/1491 1224/1492/1492 1228/1493/1493
f 1421/532/532 1729/1494/1494 1404/533/533
f 990/1495/1495 988/1496/1496 989/1490/1490
f 748/1485/1485 740/1487/1487 749/1484/1484
f 989/1490/1490 746/1489/1489 990/1495/1495
f 747/1483/1483 746/1489/1489 748/1485/1485
f 987/1488/1488 750/1497/1497 746/1489/1489
f 748/1485/1485 746/1489/1489 750/1497/1497
f 742/494/494 749/1484/1484 740/1487/1487
f 747/1483/1483 749/1484/1484 744/1228/1228
f 750/1497/1497 745/1498/1498 1420/1499/1499
f 1406/1500/1500 1405/1501/1501 1559/1502/1502
f 304/646/646 994/734/734 751/930/930
f 1223/1503/1503 969/926/926 1220/928/928
f 752/925/925 116/191/191 450/193/193
f 986/62/62 752/925/925 452/1201/1201
f 177/658/658 753/714/714 181/932/932
f 456/1208/1208 753/714/714 458/657/657
f 1231/1195/1195 754/1504/1504 997/1209/1209
f 1595/1505/1505 1719/1506/1506 1720/1507/1507
f 997/1209/1209 755/73/73 460/529/529
f 1719/1506/1506 755/73/73 754/1504/1504
f 756/118/118 91/85/85 459/84/84
f 758/345/345 756/118/118 461/961/961
f 1719/1506/1506 1813/1211/1211 249/74/74
f 756/118/118 757/452/452 461/961/961
f 1235/1212/1212 758/345/345 461/961/961
f 759/268/268 758/345/345 462/1215/1215
f 758/345/345 759/268/268 89/267/267
f 760/1007/1007 759/268/268 462/1215/1215
f 999/1010/1010 462/1215/1215 1234/1214/1214
f 540/178/178 760/1007/1007 342/1298/1298
f 767/1220/1220 3146/1508/1508 465/1217/1217
f 761/1509/1509 1002/1224/1224 1001/724/724
f 763/183/183 762/1198/1198 120/184/184
f 737/215/215 762/1198/1198 474/1222/1222
f 324/969/969 763/183/183 470/185/185
f 762/1198/1198 763/183/183 474/1222/1222
f 764/1103/1103 1247/1105/1105 1250/1510/1510
f 1009/748/748 1011/1234/1234 217/749/749
f 330/164/164 765/973/973 130/485/485
f 487/492/492 765/973/973 328/979/979
f 491/487/487 766/127/127 252/135/135
f 494/486/486 498/128/128 766/127/127
f 1018/1511/1511 1021/1512/1512 1601/1513/1513
f 3149/380/380 3145/1514/1514 3148/1515/1515
f 766/127/127 768/126/126 252/135/135
f 769/1219/1219 768/126/126 498/128/128
f 769/1219/1219 498/128/128 1007/1237/1237
f 770/1229/1229 465/1217/1217 480/1218/1218
f 768/126/126 769/1219/1219 770/1229/1229
f 465/1217/1217 770/1229/1229 769/1219/1219
f 500/263/263 772/476/476 771/468/468
f 772/476/476 774/987/987 775/330/330
f 2653/474/474 772/476/476 500/263/263
f 1423/460/460 1244/462/462 333/475/475
f 1008/329/329 484/750/750 254/1230/1230
f 771/468/468 772/476/476 775/330/330
f 1245/988/988 333/475/475 1244/462/462
f 775/330/330 774/987/987 773/986/986
f 775/330/330 773/986/986 776/328/328
f 771/468/468 775/330/330 254/1230/1230
f 773/986/986 2798/1104/1104 776/328/328
f 497/1231/1231 1014/547/547 492/546/546
f 778/1240/1240 777/983/983 138/985/985
f 2653/474/474 777/983/983 501/500/500
f 140/471/471 860/1241/1241 139/1239/1239
f 615/1375/1375 1252/1516/1516 1426/1374/1374
f 504/1242/1242 779/1250/1250 508/1252/1252
f 515/1257/1257 779/1250/1250 503/479/479
f 784/1282/1282 780/168/168 523/1281/1281
f 780/168/168 784/1282/1282 783/995/995
f 1028/1517/1517 1026/248/248 259/1005/1005
f 535/171/171 219/1288/1288 1035/1295/1295
f 1031/1518/1518 1032/249/249 1028/1517/1517
f 534/170/170 782/169/169 1254/1519/1519
f 526/996/996 783/995/995 219/1288/1288
f 257/276/276 780/168/168 783/995/995
f 1026/248/248 784/1282/1282 523/1281/1281
f 783/995/995 784/1282/1282 781/250/250
f 783/995/995 785/159/159 257/276/276
f 528/997/997 785/159/159 526/996/996
f 787/302/302 786/301/301 76/298/298
f 790/308/308 786/301/301 536/303/303
f 76/298/298 529/300/300 787/302/302
f 338/1286/1286 787/302/302 529/300/300
f 788/1520/1520 789/1291/1291 3371/1290/1290
f 339/1521/1521 1038/1297/1297 788/1520/1520
f 258/1285/1285 789/1291/1291 533/1283/1283
f 1037/998/998 789/1291/1291 788/1520/1520
f 790/308/308 536/303/303 1038/1297/1297
f 801/1012/1012 790/308/308 542/130/130
f 522/258/258 791/257/257 340/1006/1006
f 792/1003/1003 791/257/257 83/256/256
f 538/247/247 792/1003/1003 84/375/375
f 791/257/257 792/1003/1003 537/261/261
f 798/684/684 796/527/527 797/1522/1522
f 797/1522/1522 1034/685/685 798/684/684
f 540/178/178 794/275/275 86/179/179
f 538/247/247 794/275/275 539/245/245
f 1239/1523/1523 1237/1009/1009 1238/1008/1008
f 796/527/527 795/528/528 260/1524/1524
f 796/527/527 260/1524/1524 797/1522/1522
f 539/245/245 796/527/527 341/246/246
f 800/1525/1525 797/1522/1522 260/1524/1524
f 1033/1526/1526 1261/1527/1527 1028/1517/1517
f 537/261/261 798/684/684 793/259/259
f 796/527/527 798/684/684 341/246/246
f 1237/1009/1009 1239/1523/1523 342/1298/1298
f 3872/1528/1528 260/1524/1524 1239/1523/1523
f 800/1525/1525 260/1524/1524 3872/1528/1528
f 1030/293/293 800/1525/1525 799/1529/1529
f 790/308/308 801/1012/1012 74/1011/1011
f 541/129/129 801/1012/1012 542/130/130
f 3370/1001/1001 788/1520/1520 3371/1290/1290
f 1043/175/175 802/1299/1299 3368/176/176
f 541/129/129 803/321/321 72/315/315
f 805/327/327 803/321/321 543/320/320
f 1262/1530/1530 804/1014/1014 261/177/177
f 1272/1531/1531 1046/1016/1016 1047/1015/1015
f 543/320/320 1044/1013/1013 1046/1016/1016
f 806/334/334 805/327/327 544/1532/1532
f 805/327/327 806/334/334 70/336/336
f 806/334/334 544/1532/1532 1274/1533/1533
f 807/795/795 806/334/334 1274/1533/1533
f 349/1301/1301 809/1534/1534 810/797/797
f 547/236/236 809/1534/1534 808/326/326
f 809/1534/1534 811/1535/1535 812/1017/1017
f 67/1027/1027 1050/1310/1310 547/236/236
f 811/1535/1535 809/1534/1534 349/1301/1301
f 809/1534/1534 547/236/236 1050/1310/1310
f 1048/340/340 810/797/797 68/341/341
f 1049/1300/1300 1267/1536/1536 1270/1537/1537
f 1058/1030/1030 1063/1538/1538 1062/1031/1031
f 809/1534/1534 812/1017/1017 808/326/326
f 1058/1030/1030 812/1017/1017 811/1535/1535
f 816/1539/1539 813/1028/1028 263/1018/1018
f 813/1028/1028 816/1539/1539 815/349/349
f 1057/1029/1029 1062/1031/1031 1275/229/229
f 814/1032/1032 1056/1540/1540 1053/210/210
f 1052/209/209 1051/350/350 350/1033/1033
f 548/351/351 813/1028/1028 815/349/349
f 263/1018/1018 1058/1030/1030 1061/1541/1541
f 815/349/349 816/1539/1539 814/1032/1032
f 1053/210/210 350/1033/1033 814/1032/1032
f 1064/1318/1318 817/211/211 1055/1542/1542
f 1051/350/350 818/1311/1311 63/1312/1312
f 552/361/361 818/1311/1311 550/1316/1316
f 1734/1543/1543 1739/1544/1544 819/1545/1545
f 1891/1546/1546 2147/1547/1547 2146/1548/1548
f 2347/1549/1549 820/1058/1058 2423/1550/1550
f 820/1058/1058 564/1330/1330 821/204/204
f 1277/205/205 821/204/204 564/1330/1330
f 1068/1059/1059 821/204/204 3767/206/206
f 820/1058/1058 821/204/204 822/1057/1057
f 360/816/816 822/1057/1057 821/204/204
f 566/239/239 824/1551/1551 823/700/700
f 824/1551/1551 1280/1552/1552 823/700/700
f 41/1067/1067 1081/828/828 566/239/239
f 848/1553/1553 1280/1552/1552 845/7/7
f 825/1068/1068 267/1331/1331 1278/1554/1554
f 1071/34/34 1070/717/717 369/1555/1555
f 1278/1554/1554 1069/1556/1556 826/1070/1070
f 1072/35/35 1282/1071/1071 1450/1557/1557
f 567/715/715 825/1068/1068 827/716/716
f 826/1070/1070 827/716/716 825/1068/1068
f 1072/35/35 369/1555/1555 1282/1071/1071
f 1073/1334/1334 828/36/36 1284/31/31
f 1070/717/717 829/1332/1332 37/1333/1333
f 571/732/732 829/1332/1332 569/1335/1335
f 1295/1086/1086 830/1077/1077 379/1076/1076
f 577/26/26 830/1077/1077 576/405/405
f 1093/812/812 228/1558/1558 1089/813/813
f 1837/1559/1559 1840/1560/1560 1297/1561/1561
f 1456/1562/1562 1457/403/403 1080/1563/1563
f 832/404/404 1458/1564/1564 834/1345/1345
f 375/448/448 833/1075/1075 373/708/708
f 834/1345/1345 833/1075/1075 269/441/441
f 832/404/404 834/1345/1345 269/441/441
f 1986/1347/1347 834/1345/1345 227/1565/1565
f 1904/57/57 579/1344/1344 1987/1566/1566
f 835/45/45 270/59/59 836/1082/1082
f 836/1082/1082 841/323/323 839/9/9
f 838/1348/1348 587/826/826 588/1069/1069
f 844/814/814 841/323/323 270/59/59
f 1281/1567/1567 1279/1568/1568 847/1569/1569
f 839/9/9 838/1348/1348 836/1082/1082
f 840/827/827 838/1348/1348 839/9/9
f 841/323/323 836/1082/1082 270/59/59
f 839/9/9 837/325/325 845/7/7
f 1081/828/828 368/8/8 824/1551/1551
f 587/826/826 838/1348/1348 840/827/827
f 843/1570/1570 1905/1571/1571 1907/1572/1572
f 837/325/325 839/9/9 841/323/323
f 1976/1573/1573 1979/1574/1574 1896/1575/1575
f 226/1576/1576 1291/1577/1577 1289/1578/1578
f 1904/57/57 835/45/45 579/1344/1344
f 1298/1579/1579 846/324/324 843/1570/1570
f 1904/57/57 270/59/59 835/45/45
f 844/814/814 843/1570/1570 846/324/324
f 848/1553/1553 845/7/7 837/325/325
f 1280/1552/1552 824/1551/1551 368/8/8
f 1908/1580/1580 1082/1581/1581 1298/1579/1579
f 1291/1577/1577 226/1576/1576 1614/1582/1582
f 837/325/325 2834/1583/1583 848/1553/1553
f 1451/1584/1584 1281/1567/1567 226/1576/1576
f 2834/1583/1583 837/325/325 846/324/324
f 1279/1568/1568 848/1553/1553 847/1569/1569
f 588/1069/1069 849/729/729 43/731/731
f 1081/828/828 849/729/729 587/826/826
f 590/4/4 851/1350/1350 850/418/418
f 850/418/418 851/1350/1350 1084/1364/1364
f 592/429/429 851/1350/1350 590/4/4
f 378/1091/1091 1084/1364/1364 851/1350/1350
f 852/1083/1083 271/1349/1349 1299/397/397
f 575/437/437 854/436/436 379/1076/1076
f 1299/397/397 1083/399/399 853/1085/1085
f 1296/1337/1337 853/1085/1085 1300/1338/1338
f 591/434/434 852/1083/1083 854/436/436
f 853/1085/1085 854/436/436 852/1083/1083
f 384/417/417 855/1092/1092 55/428/428
f 382/16/16 592/429/429 855/1092/1092
f 597/1355/1355 599/1351/1351 1094/1585/1585
f 551/1317/1317 857/1319/1319 599/1351/1351
f 351/362/362 857/1319/1319 554/360/360
f 857/1319/1319 856/1352/1352 1094/1585/1585
f 609/123/123 859/510/510 858/501/501
f 858/501/501 859/510/510 1097/511/511
f 611/488/488 859/510/510 609/123/123
f 1311/1097/1097 1097/511/511 386/490/490
f 1253/1586/1586 615/1375/1375 1025/1373/1373
f 778/1240/1240 139/1239/1239 860/1241/1241
f 861/1098/1098 1095/1376/1376 869/113/113
f 858/501/501 1306/1100/1100 273/1368/1368
f 863/1379/1379 862/489/489 611/488/488
f 862/489/489 620/1378/1378 1095/1376/1376
f 622/1096/1096 863/1379/1379 146/760/760
f 862/489/489 863/1379/1379 620/1378/1378
f 1100/551/551 864/1384/1384 1099/1109/1109
f 629/1113/1113 1102/1377/1377 627/1385/1385
f 618/504/504 865/1106/1106 621/521/521
f 149/95/95 865/1106/1106 148/506/506
f 866/1386/1386 627/1385/1385 1308/1587/1587
f 633/1383/1383 866/1386/1386 868/114/114
f 1103/1382/1382 1105/1381/1381 1108/1588/1588
f 1128/1589/1589 1133/1590/1590 1131/1591/1591
f 1308/1587/1587 627/1385/1385 1109/1592/1592
f 1110/781/781 868/114/114 867/1593/1593
f 869/113/113 274/112/112 1122/1594/1594
f 388/520/520 633/1383/1383 869/113/113
f 871/389/389 870/67/67 156/542/542
f 870/67/67 635/388/388 1142/225/225
f 872/390/390 871/389/389 157/1116/1116
f 870/67/67 871/389/389 635/388/388
f 636/82/82 872/390/390 158/570/570
f 1134/1387/1387 395/81/81 1135/1389/1389
f 1137/1595/1595 872/390/390 1134/1387/1387
f 1134/1387/1387 1138/1596/1596 873/1119/1119
f 877/1120/1120 874/556/556 161/1121/1121
f 874/556/556 638/1391/1391 885/848/848
f 637/80/80 876/560/560 875/553/553
f 890/564/564 889/1597/1597 875/553/553
f 874/556/556 876/560/560 637/80/80
f 876/560/560 396/561/561 890/564/564
f 641/583/583 877/1120/1120 162/1122/1122
f 874/556/556 877/1120/1120 638/1391/1391
f 1153/1393/1393 640/846/846 642/574/574
f 894/356/356 398/586/586 892/1125/1125
f 879/1124/1124 279/355/355 881/1390/1390
f 641/583/583 879/1124/1124 883/1123/1123
f 880/1598/1598 881/1390/1390 882/370/370
f 1343/1599/1599 1344/1600/1600 1345/1601/1601
f 882/370/370 881/1390/1390 279/355/355
f 883/1123/1123 881/1390/1390 880/1598/1598
f 894/356/356 878/1126/1126 1153/1393/1393
f 882/370/370 233/369/369 1143/1602/1602
f 883/1123/1123 880/1598/1598 884/562/562
f 883/1123/1123 638/1391/1391 641/583/583
f 888/1603/1603 884/562/562 880/1598/1598
f 278/1388/1388 875/553/553 889/1597/1597
f 874/556/556 885/848/848 396/561/561
f 638/1391/1391 883/1123/1123 885/848/848
f 1146/1604/1604 1145/1605/1605 1143/1602/1602
f 1145/1605/1605 1146/1604/1604 888/1603/1603
f 887/1606/1606 890/564/564 1150/563/563
f 1149/1607/1607 1351/1608/1608 1148/1609/1609
f 1143/1602/1602 880/1598/1598 882/370/370
f 1148/1609/1609 888/1603/1603 886/1610/1610
f 875/553/553 876/560/560 890/564/564
f 1345/1601/1601 1351/1608/1608 1349/776/776
f 884/562/562 890/564/564 396/561/561
f 887/1606/1606 889/1597/1597 890/564/564
f 399/778/778 1372/1400/1400 1373/857/857
f 891/642/642 280/854/854 892/1125/1125
f 892/1125/1125 280/854/854 895/853/853
f 279/355/355 878/1126/1126 894/356/356
f 1373/857/857 1374/1611/1611 280/854/854
f 1513/1612/1612 893/1613/1613 1515/1614/1614
f 895/853/853 894/356/356 892/1125/1125
f 1151/371/371 1152/354/354 893/1613/1613
f 1511/852/852 280/854/854 1374/1611/1611
f 894/356/356 895/853/853 893/1613/1613
f 644/849/849 896/1392/1392 167/850/850
f 642/574/574 896/1392/1392 643/585/585
f 898/856/856 897/855/855 172/1396/1396
f 647/372/372 897/855/855 648/597/597
f 902/613/613 898/856/856 173/614/614
f 1355/1403/1403 1356/1405/1405 1154/1615/1615
f 898/856/856 1355/1403/1403 1357/1616/1616
f 1359/1617/1617 1358/628/628 899/627/627
f 900/1397/1397 400/1134/1134 1155/598/598
f 1360/1399/1399 900/1397/1397 281/629/629
f 1363/1618/1618 1364/1619/1619 1157/595/595
f 1364/1619/1619 1365/1620/1620 1370/1621/1621
f 902/613/613 174/612/612 1158/1402/1402
f 902/613/613 654/768/768 1355/1403/1403
f 903/769/769 1158/1402/1402 904/611/611
f 903/769/769 655/634/634 1378/1622/1622
f 905/633/633 904/611/611 176/610/610
f 903/769/769 904/611/611 655/634/634
f 1/639/639 905/633/633 176/610/610
f 905/633/633 656/1465/1465 907/1136/1136
f 2/1135/1135 906/638/638 1/639/639
f 656/1465/1465 905/633/633 906/638/638
f 656/1465/1465 1379/858/858 1163/1623/1623
f 907/1136/1136 402/1624/1624 1667/1625/1625
f 1202/1410/1410 955/622/622 1201/1463/1463
f 1380/1626/1626 1162/903/903 1379/858/858
f 2708/1261/1261 2711/1627/1627 2714/1628/1628
f 2656/1413/1413 909/1427/1427 235/1629/1629
f 667/866/866 910/865/865 657/1159/1159
f 659/1420/1420 910/865/865 669/864/864
f 912/831/831 911/818/818 22/784/784
f 926/883/883 911/818/818 684/1454/1454
f 409/1143/1143 912/831/831 683/783/783
f 911/818/818 912/831/831 684/1454/1454
f 931/875/875 927/1630/1630 935/1631/1631
f 928/824/824 929/1632/1632 927/1630/1630
f 679/694/694 914/693/693 410/1145/1145
f 915/1144/1144 914/693/693 29/692/692
f 686/804/804 915/1144/1144 30/805/805
f 914/693/693 915/1144/1144 685/672/672
f 921/1451/1451 919/620/620 920/56/56
f 921/1451/1451 920/56/56 916/670/670
f 688/652/652 917/653/653 32/674/674
f 686/804/804 917/653/653 687/618/618
f 412/1452/1452 1294/1073/1073 1077/1633/1633
f 919/620/620 918/619/619 287/1634/1634
f 919/620/620 287/1634/1634 920/56/56
f 687/618/618 919/620/620 411/1450/1450
f 924/1635/1635 920/56/56 287/1634/1634
f 923/55/55 1517/876/876 1169/878/878
f 685/672/672 921/1451/1451 916/670/670
f 919/620/620 921/1451/1451 411/1450/1450
f 287/1634/1634 1077/1633/1633 1079/1636/1636
f 1633/617/617 1634/1637/1637 1751/1638/1638
f 920/56/56 924/1635/1635 1170/54/54
f 2760/1639/1639 2756/1640/1640 1172/1641/1641
f 1079/1636/1636 924/1635/1635 287/1634/1634
f 1170/54/54 924/1635/1635 922/616/616
f 926/883/883 925/882/882 20/1453/1453
f 691/809/809 925/882/882 692/823/823
f 911/818/818 926/883/883 21/817/817
f 684/1454/1454 1164/1447/1447 929/1632/1632
f 913/1448/1448 1173/1642/1642 938/1643/1643
f 930/822/822 413/1449/1449 692/823/823
f 929/1632/1632 928/824/824 926/883/883
f 928/824/824 927/1630/1630 930/822/822
f 684/1454/1454 929/1632/1632 926/883/883
f 929/1632/1632 913/1448/1448 938/1643/1643
f 931/875/875 930/822/822 927/1630/1630
f 932/874/874 930/822/822 931/875/875
f 933/1644/1644 935/1631/1631 938/1643/1643
f 288/873/873 931/875/875 936/1645/1645
f 932/874/874 288/873/873 1182/1455/1455
f 413/1449/1449 930/822/822 932/874/874
f 939/1646/1646 2772/1647/1647 2773/1648/1648
f 1185/1649/1649 1187/1150/1150 1180/832/832
f 931/875/875 937/1650/1650 936/1645/1645
f 934/1651/1651 937/1650/1650 941/1652/1652
f 938/1643/1643 935/1631/1631 927/1630/1630
f 936/1645/1645 937/1650/1650 934/1651/1651
f 937/1650/1650 931/875/875 935/1631/1631
f 934/1651/1651 1390/637/637 1189/898/898
f 935/1631/1631 933/1644/1644 937/1650/1650
f 940/1653/1653 941/1652/1652 942/1654/1654
f 929/1632/1632 938/1643/1643 927/1630/1630
f 913/1448/1448 285/869/869 1173/1642/1642
f 2782/1655/1655 2763/1656/1656 2764/1142/1142
f 2174/1657/1657 2253/1658/1658 2584/1659/1659
f 942/1654/1654 937/1650/1650 933/1644/1644
f 1382/402/402 1174/401/401 1175/641/641
f 942/1654/1654 941/1652/1652 937/1650/1650
f 1175/641/641 941/1652/1652 940/1653/1653
f 942/1654/1654 933/1644/1644 2771/1660/1660
f 940/1653/1653 942/1654/1654 2772/1647/1647
f 691/809/809 943/806/806 18/808/808
f 950/893/893 943/806/806 693/810/810
f 696/593/593 945/592/592 944/754/754
f 421/1164/1164 1391/1163/1163 1196/779/779
f 696/593/593 12/1160/1160 1176/591/591
f 1196/779/779 945/592/592 421/1164/1164
f 946/1161/1161 290/780/780 1388/1166/1166
f 946/1161/1161 1388/1166/1166 1519/1661/1661
f 1384/1458/1458 1177/766/766 947/773/773
f 697/761/761 946/1161/1161 947/773/773
f 1177/766/766 948/763/763 8/762/762
f 954/1173/1173 948/763/763 698/1459/1459
f 950/893/893 949/895/895 16/1460/1460
f 702/745/745 949/895/895 700/894/894
f 943/806/806 950/893/893 17/807/807
f 693/810/810 1183/1456/1456 1184/1662/1662
f 423/834/834 1179/833/833 951/1172/1172
f 1532/1663/1663 1196/779/779 1195/1664/1664
f 952/1162/1162 14/751/751 699/744/744
f 1176/591/591 952/1162/1162 701/1461/1461
f 954/1173/1173 953/835/835 6/836/836
f 955/622/622 953/835/835 704/1171/1171
f 948/763/763 954/1173/1173 7/764/764
f 954/1173/1173 698/1459/1459 1398/1665/1665
f 1199/1462/1462 704/1171/1171 424/1170/1170
f 705/1174/1174 1202/1410/1410 1201/1463/1463
f 209/122/122 709/121/121 957/568/568
f 2802/1666/1666 2811/1667/1667 712/422/422
f 1203/1179/1179 1206/1467/1467 959/567/567
f 712/422/422 956/424/424 957/568/568
f 1930/1668/1668 4346/1669/1669 2002/1670/1670
f 959/567/567 1403/1469/1469 957/568/568
f 1203/1179/1179 959/567/567 707/569/569
f 1206/1467/1467 1402/1466/1466 959/567/567
f 716/1190/1190 960/909/909 296/1184/1184
f 962/103/103 960/909/909 715/581/581
f 437/575/575 956/424/424 2805/423/423
f 245/1193/1193 963/582/582 1211/1671/1671
f 715/581/581 1210/1473/1473 963/582/582
f 962/103/103 963/582/582 1219/1474/1474
f 1211/1671/1671 963/582/582 961/1672/1672
f 1219/1474/1474 963/582/582 245/1193/1193
f 243/1178/1178 1204/1180/1180 965/911/911
f 440/51/51 964/53/53 297/912/912
f 297/912/912 964/53/53 965/911/911
f 243/1178/1178 965/911/911 964/53/53
f 246/189/189 967/915/915 966/924/924
f 967/915/915 971/1192/1192 966/924/924
f 968/188/188 967/915/915 246/189/189
f 971/1192/1192 967/915/915 730/1481/1481
f 734/202/202 970/190/190 246/189/189
f 967/915/915 972/914/914 730/1481/1481
f 303/927/927 993/931/931 1220/928/928
f 1223/1503/1503 1225/1673/1673 969/926/926
f 735/60/60 970/190/190 734/202/202
f 968/188/188 970/190/190 969/926/926
f 971/1192/1192 730/1481/1481 973/1475/1475
f 971/1192/1192 444/28/28 729/30/30
f 981/1674/1674 968/188/188 1225/1673/1673
f 978/1480/1480 972/914/914 980/1675/1675
f 973/1475/1475 730/1481/1481 979/1478/1478
f 722/50/50 973/1475/1475 244/1476/1476
f 444/28/28 971/1192/1192 974/549/549
f 973/1475/1475 974/549/549 971/1192/1192
f 984/270/270 980/1675/1675 212/1676/1676
f 2304/1677/1677 2305/1678/1678 2306/1679/1679
f 976/1680/1680 979/1478/1478 978/1480/1480
f 2361/432/432 975/1681/1681 2298/1682/1682
f 973/1475/1475 977/1479/1479 244/1476/1476
f 977/1479/1479 976/1680/1680 2361/432/432
f 968/188/188 981/1674/1674 972/914/914
f 976/1680/1680 978/1480/1480 975/1681/1681
f 978/1480/1480 979/1478/1478 730/1481/1481
f 977/1479/1479 979/1478/1478 976/1680/1680
f 1228/1493/1493 1563/271/271 1222/1491/1491
f 978/1480/1480 980/1675/1675 2446/1683/1683
f 212/1676/1676 980/1675/1675 981/1674/1674
f 972/914/914 981/1674/1674 980/1675/1675
f 2441/1684/1684 4352/1685/1685 2443/1686/1686
f 2446/1683/1683 983/269/269 3790/1687/1687
f 981/1674/1674 1225/1673/1673 212/1676/1676
f 3790/1687/1687 2379/1688/1688 2378/1689/1689
f 984/270/270 212/1676/1676 1710/1690/1690
f 2446/1683/1683 984/270/270 983/269/269
f 1230/1194/1194 732/75/75 301/1691/1691
f 733/921/921 985/76/76 447/1196/1196
f 752/925/925 986/62/62 115/1197/1197
f 986/62/62 452/1201/1201 993/931/931
f 251/1227/1227 990/1495/1495 747/1483/1483
f 745/1498/1498 750/1497/1497 987/1488/1488
f 3145/1514/1514 3150/1692/1692 215/1225/1225
f 989/1490/1490 3155/545/545 987/1488/1488
f 990/1495/1495 746/1489/1489 747/1483/1483
f 989/1490/1490 988/1496/1496 3155/545/545
f 251/1227/1227 472/1221/1221 991/509/509
f 1003/1223/1223 1004/1226/1226 1006/508/508
f 991/509/509 469/968/968 473/967/967
f 251/1227/1227 991/509/509 990/1495/1495
f 1726/1693/1693 1727/1694/1694 1233/1695/1695
f 992/235/235 1722/1696/1696 1724/233/233
f 986/62/62 993/931/931 303/927/927
f 454/232/232 993/931/931 452/1201/1201
f 995/735/735 994/734/734 304/646/646
f 1221/1697/1697 994/734/734 247/1486/1486
f 453/231/231 995/735/735 304/646/646
f 996/736/736 995/735/735 741/495/495
f 740/1487/1487 1559/1502/1502 741/495/495
f 1405/1501/1501 1404/533/533 1558/1698/1698
f 1231/1195/1195 997/1209/1209 447/1196/1196
f 755/73/73 997/1209/1209 754/1504/1504
f 759/268/268 998/132/132 88/134/134
f 540/178/178 998/132/132 760/1007/1007
f 1238/1008/1008 999/1010/1010 1240/1699/1699
f 342/1298/1298 760/1007/1007 1237/1009/1009
f 2797/382/382 1000/381/381 465/1217/1217
f 1001/724/724 1000/381/381 761/1509/1509
f 761/1509/1509 3148/1515/1515 1002/1224/1224
f 1005/970/970 322/139/139 320/497/497
f 1003/1223/1223 1002/1224/1224 215/1225/1225
f 250/140/140 1005/970/970 1002/1224/1224
f 3150/1692/1692 1004/1226/1226 215/1225/1225
f 250/140/140 1003/1223/1223 471/507/507
f 988/1496/1496 990/1495/1495 1004/1226/1226
f 1006/508/508 1004/1226/1226 990/1495/1495
f 322/139/139 1005/970/970 250/140/140
f 1001/724/724 1002/1224/1224 1005/970/970
f 991/509/509 1006/508/508 990/1495/1495
f 1003/1223/1223 1006/508/508 471/507/507
f 3136/1700/1700 1007/1237/1237 216/727/727
f 769/1219/1219 1007/1237/1237 767/1220/1220
f 775/330/330 1008/329/329 254/1230/1230
f 1009/748/748 1008/329/329 776/328/328
f 1008/329/329 1009/748/748 484/750/750
f 1241/1701/1701 1012/1702/1702 1011/1234/1234
f 1012/1702/1702 1241/1701/1701 2798/1104/1104
f 1607/1703/1703 1012/1702/1702 764/1103/1103
f 1241/1701/1701 1009/748/748 776/328/328
f 1015/1704/1704 1014/547/547 1011/1234/1234
f 764/1103/1103 1250/1510/1510 1431/1705/1705
f 1010/1706/1706 1011/1234/1234 1012/1702/1702
f 1013/1707/1707 1015/1704/1704 1016/1708/1708
f 216/727/727 494/486/486 1022/725/725
f 1015/1704/1704 1011/1234/1234 1010/1706/1706
f 1014/547/547 1013/1707/1707 1017/548/548
f 1016/1708/1708 1015/1704/1704 1010/1706/1706
f 1013/1707/1707 1014/547/547 1015/1704/1704
f 1433/644/644 1434/104/104 1432/1709/1709
f 1433/644/644 1023/643/643 1016/1708/1708
f 1017/548/548 1013/1707/1707 1019/1236/1236
f 492/546/546 1017/548/548 1020/1235/1235
f 1021/1512/1512 1019/1236/1236 1013/1707/1707
f 1599/1710/1710 1601/1513/1513 1021/1512/1512
f 1016/1708/1708 1023/643/643 1013/1707/1707
f 1022/725/725 1020/1235/1235 1018/1511/1511
f 492/546/546 1020/1235/1235 495/1233/1233
f 1018/1511/1511 1020/1235/1235 1019/1236/1236
f 1023/643/643 1599/1710/1710 1021/1512/1512
f 1018/1511/1511 1019/1236/1236 1021/1512/1512
f 1022/725/725 494/486/486 489/981/981
f 3128/726/726 1022/725/725 1018/1511/1511
f 1599/1710/1710 1023/643/643 193/645/645
f 1013/1707/1707 1023/643/643 1021/1512/1512
f 501/500/500 778/1240/1240 1243/461/461
f 778/1240/1240 860/1241/1241 1253/1586/1586
f 617/1369/1369 1481/1371/1371 615/1375/1375
f 1025/1373/1373 1024/1711/1711 1243/461/461
f 1041/1004/1004 1026/248/248 523/1281/1281
f 1033/1526/1526 1028/1517/1517 259/1005/1005
f 1257/1712/1712 1256/1713/1713 1036/1714/1714
f 782/169/169 1257/1712/1712 1254/1519/1519
f 1034/685/685 1033/1526/1526 793/259/259
f 1031/1518/1518 1028/1517/1517 1027/1715/1715
f 797/1522/1522 800/1525/1525 1030/293/293
f 1260/1716/1716 1261/1527/1527 1438/292/292
f 220/294/294 1030/293/293 799/1529/1529
f 1030/293/293 1029/1717/1717 1034/685/685
f 1255/688/688 1254/1519/1519 1036/1714/1714
f 1032/249/249 782/169/169 781/250/250
f 1028/1517/1517 1032/249/249 1026/248/248
f 782/169/169 1032/249/249 1031/1518/1518
f 793/259/259 1033/1526/1526 259/1005/1005
f 1033/1526/1526 1029/1717/1717 1261/1527/1527
f 1030/293/293 1034/685/685 797/1522/1522
f 1033/1526/1526 1034/685/685 1029/1717/1717
f 781/250/250 782/169/169 1035/1295/1295
f 535/171/171 1035/1295/1295 782/169/169
f 1027/1715/1715 1256/1713/1713 1031/1518/1518
f 1258/1718/1718 1259/1719/1719 1260/1716/1716
f 789/1291/1291 1037/998/998 338/1286/1286
f 1038/1297/1297 1037/998/998 788/1520/1520
f 1038/1297/1297 339/1521/1521 1039/1296/1296
f 1037/998/998 1038/1297/1297 536/303/303
f 802/1299/1299 1039/1296/1296 339/1521/1521
f 542/130/130 790/308/308 1039/1296/1296
f 259/1005/1005 1026/248/248 1041/1004/1004
f 537/261/261 1040/260/260 340/1006/1006
f 340/1006/1006 1040/260/260 1041/1004/1004
f 259/1005/1005 1041/1004/1004 1040/260/260
f 1039/1296/1296 1042/131/131 542/130/130
f 1043/175/175 1042/131/131 802/1299/1299
f 804/1014/1014 1043/175/175 261/177/177
f 1042/131/131 1043/175/175 343/1002/1002
f 1043/175/175 1044/1013/1013 343/1002/1002
f 1046/1016/1016 1044/1013/1013 804/1014/1014
f 1045/1720/1720 1262/1530/1530 3380/1721/1721
f 344/1722/1722 1263/1723/1723 1266/150/150
f 1262/1530/1530 1047/1015/1015 804/1014/1014
f 805/327/327 1046/1016/1016 1272/1531/1531
f 1263/1723/1723 1047/1015/1015 1045/1720/1720
f 1272/1531/1531 1047/1015/1015 344/1722/1722
f 806/334/334 1048/340/340 69/335/335
f 810/797/797 1048/340/340 807/795/795
f 1272/1531/1531 1049/1300/1300 544/1532/1532
f 1269/1724/1724 344/1722/1722 1266/150/150
f 68/341/341 1050/1310/1310 67/1027/1027
f 809/1534/1534 1050/1310/1310 810/797/797
f 350/1033/1033 1051/350/350 815/349/349
f 818/1311/1311 1051/350/350 550/1316/1316
f 1051/350/350 1052/209/209 550/1316/1316
f 1053/210/210 1052/209/209 350/1033/1033
f 1057/1029/1029 1054/228/228 1056/1540/1540
f 817/211/211 1053/210/210 1055/1542/1542
f 4370/1725/1725 2826/1726/1726 4368/1727/1727
f 1055/1542/1542 264/1314/1314 1064/1318/1318
f 1059/1728/1728 1053/210/210 1056/1540/1540
f 1055/1542/1542 1053/210/210 1059/1728/1728
f 1056/1540/1540 814/1032/1032 1057/1029/1029
f 1056/1540/1540 1054/228/228 1059/1728/1728
f 1061/1541/1541 814/1032/1032 816/1539/1539
f 263/1018/1018 812/1017/1017 1058/1030/1030
f 1058/1030/1030 811/1535/1535 1063/1538/1538
f 1058/1030/1030 1057/1029/1029 1061/1541/1541
f 1443/1729/1729 4261/1730/1730 1054/228/228
f 1059/1728/1728 4258/1731/1731 4260/1732/1732
f 344/1722/1722 1269/1724/1724 1049/1300/1300
f 1263/1723/1723 344/1722/1722 1047/1015/1015
f 814/1032/1032 1061/1541/1541 1057/1029/1029
f 263/1018/1018 1061/1541/1541 816/1539/1539
f 1446/677/677 1062/1031/1031 1060/1733/1733
f 1275/229/229 1062/1031/1031 223/1734/1734
f 349/1301/1301 1270/1537/1537 811/1535/1535
f 1062/1031/1031 1063/1538/1538 1060/1733/1733
f 1065/1353/1353 1064/1318/1318 264/1314/1314
f 351/362/362 817/211/211 1064/1318/1318
f 4260/1732/1732 4262/1315/1315 264/1314/1314
f 856/1352/1352 1064/1318/1318 1065/1353/1353
f 239/524/524 1612/1735/1735 1276/599/599
f 1611/1443/1443 1736/367/367 1066/366/366
f 3817/1736/1736 3806/1737/1737 3808/1738/1738
f 3699/1024/1024 3730/1023/1023 3732/1306/1306
f 361/669/669 1068/1059/1059 265/667/667
f 360/816/816 821/204/204 1068/1059/1059
f 1278/1554/1554 1279/1568/1568 1069/1556/1556
f 1281/1567/1567 1451/1584/1584 1069/1556/1556
f 369/1555/1555 1070/717/717 827/716/716
f 829/1332/1332 1070/717/717 569/1335/1335
f 1070/717/717 1071/34/34 569/1335/1335
f 1072/35/35 1071/34/34 369/1555/1555
f 1069/1556/1556 1283/1739/1739 1450/1557/1557
f 1073/1334/1334 1284/31/31 268/33/33
f 268/33/33 1636/1740/1740 1637/1741/1741
f 370/733/733 828/36/36 1073/1334/1334
f 268/33/33 1286/32/32 1628/1742/1742
f 918/619/619 412/1452/1452 1077/1633/1633
f 1637/1741/1741 1073/1334/1334 268/33/33
f 1293/1072/1072 1074/1743/1743 1076/1744/1744
f 918/619/619 1077/1633/1633 287/1634/1634
f 688/652/652 1294/1073/1073 412/1452/1452
f 1076/1744/1744 1078/1745/1745 1077/1633/1633
f 1079/1636/1636 922/616/616 924/1635/1635
f 1076/1744/1744 1074/1743/1743 1078/1745/1745
f 1078/1745/1745 1074/1743/1743 1634/1637/1637
f 1634/1637/1637 1077/1633/1633 1078/1745/1745
f 1751/1638/1638 1634/1637/1637 1074/1743/1743
f 853/1085/1085 1296/1337/1337 379/1076/1076
f 1461/1339/1339 1456/1562/1562 1080/1563/1563
f 368/8/8 1081/828/828 840/827/827
f 566/239/239 1081/828/828 824/1551/1551
f 1454/1746/1746 1747/1747/1747 1749/1748/1748
f 1453/1749/1749 1454/1746/1746 1452/1750/1750
f 1084/1364/1364 1301/398/398 850/418/418
f 1083/399/399 1090/755/755 1459/1751/1751
f 1085/1366/1366 378/1091/1091 606/15/15
f 1085/1366/1366 1087/1361/1361 1084/1364/1364
f 1087/1361/1361 1085/1366/1366 1088/1362/1362
f 378/1091/1091 1085/1366/1366 1084/1364/1364
f 3465/1752/1752 3467/1753/1753 2267/1754/1754
f 2268/1755/1755 3463/1756/1756 2267/1754/1754
f 1088/1362/1362 1085/1366/1366 604/1365/1365
f 1089/813/813 1087/1361/1361 1086/1363/1363
f 3471/1367/1367 604/1365/1365 607/1087/1087
f 3469/1757/1757 3471/1367/1367 3472/1758/1758
f 2265/1759/1759 2268/1755/1755 3477/1760/1760
f 1090/755/755 1089/813/813 228/1558/1558
f 1089/813/813 1090/755/755 1087/1361/1361
f 1459/1751/1751 1090/755/755 228/1558/1558
f 1975/1761/1761 2038/1762/1762 1969/1763/1763
f 831/1764/1764 1461/1339/1339 1645/1765/1765
f 1456/1562/1562 1837/1559/1559 1297/1561/1561
f 1300/1338/1338 1459/1751/1751 1460/1766/1766
f 3464/811/811 1089/813/813 1086/1363/1363
f 1460/1766/1766 1093/812/812 1092/1767/1767
f 857/1319/1319 1094/1585/1585 599/1351/1351
f 2274/1358/1358 856/1352/1352 2272/1354/1354
f 869/113/113 1095/1376/1376 388/520/520
f 862/489/489 1095/1376/1376 861/1098/1098
f 1114/1768/1768 1121/1769/1769 274/112/112
f 274/112/112 1110/781/781 1114/1768/1768
f 1302/1770/1770 1097/511/511 1096/1771/1771
f 1097/511/511 1306/1100/1100 858/501/501
f 1099/1109/1109 1098/1114/1114 391/71/71
f 1102/1377/1377 1098/1114/1114 864/1384/1384
f 393/526/526 1099/1109/1109 391/71/71
f 1100/551/551 1099/1109/1109 276/530/530
f 276/530/530 392/117/117 1101/552/552
f 1103/1382/1382 1100/551/551 231/1380/1380
f 390/747/747 624/746/746 1141/1118/1118
f 1140/1117/1117 1464/1112/1112 1101/552/552
f 1103/1382/1382 864/1384/1384 1100/551/551
f 1103/1382/1382 1102/1377/1377 864/1384/1384
f 1462/1772/1772 1317/774/774 203/775/775
f 1102/1377/1377 1103/1382/1382 1108/1588/1588
f 1111/1773/1773 1312/1774/1774 1313/1775/1775
f 1109/1592/1592 1102/1377/1377 1108/1588/1588
f 1321/1776/1776 1320/1777/1777 1105/1381/1381
f 1107/1778/1778 1105/1381/1381 1104/1779/1779
f 1124/1780/1780 1115/1781/1781 1309/1782/1782
f 1109/1592/1592 627/1385/1385 1102/1377/1377
f 1107/1778/1778 1104/1779/1779 1310/1783/1783
f 1108/1588/1588 1107/1778/1778 1106/1784/1784
f 1107/1778/1778 1108/1588/1588 1105/1381/1381
f 1108/1588/1588 1106/1784/1784 1109/1592/1592
f 1106/1784/1784 867/1593/1593 1109/1592/1592
f 868/114/114 1308/1587/1587 867/1593/1593
f 1115/1781/1781 1110/781/781 867/1593/1593
f 1114/1768/1768 1117/359/359 1121/1769/1769
f 1115/1781/1781 1124/1780/1780 1113/1785/1785
f 4082/1786/1786 4304/1787/1787 4075/1788/1788
f 1114/1768/1768 1119/1789/1789 1116/1790/1790
f 1125/1791/1791 1116/1790/1790 1126/1792/1792
f 1310/1783/1783 1104/1779/1779 1316/1793/1793
f 1126/1792/1792 1116/1790/1790 1113/1785/1785
f 1110/781/781 1115/1781/1781 1119/1789/1789
f 1117/359/359 1114/1768/1768 1112/1794/1794
f 1309/1782/1782 867/1593/1593 1106/1784/1784
f 1115/1781/1781 1113/1785/1785 1116/1790/1790
f 1120/1795/1795 1313/1775/1775 1312/1774/1774
f 1112/1794/1794 1114/1768/1768 1116/1790/1790
f 1132/357/357 1324/1796/1796 1131/1591/1591
f 1121/1769/1769 1123/1099/1099 1122/1594/1594
f 1317/774/774 1462/1772/1772 1316/1793/1793
f 2818/1797/1797 1314/1798/1798 2817/1799/1799
f 1110/781/781 1119/1789/1789 1114/1768/1768
f 1115/1781/1781 1116/1790/1790 1119/1789/1789
f 1128/1589/1589 1129/1800/1800 1760/333/333
f 1112/1794/1794 1116/1790/1790 1125/1791/1791
f 1117/359/359 1096/1771/1771 1123/1099/1099
f 869/113/113 1122/1594/1594 861/1098/1098
f 274/112/112 1121/1769/1769 1122/1594/1594
f 1121/1769/1769 1117/359/359 1123/1099/1099
f 1096/1771/1771 1097/511/511 1311/1097/1097
f 861/1098/1098 1122/1594/1594 1123/1099/1099
f 1309/1782/1782 1115/1781/1781 867/1593/1593
f 1124/1780/1780 1118/1801/1801 1314/1798/1798
f 1120/1795/1795 1128/1589/1589 1125/1791/1791
f 1112/1794/1794 1125/1791/1791 1131/1591/1591
f 1126/1792/1792 1113/1785/1785 1313/1775/1775
f 1125/1791/1791 1126/1792/1792 1120/1795/1795
f 1120/1795/1795 1129/1800/1800 1128/1589/1589
f 230/1802/1802 1303/358/358 1325/96/96
f 1129/1800/1800 1120/1795/1795 1312/1774/1774
f 1128/1589/1589 1127/332/332 1133/1590/1590
f 1129/1800/1800 1312/1774/1774 1756/1803/1803
f 1761/1804/1804 1759/1805/1805 1650/454/454
f 1470/1806/1806 1468/1807/1807 1469/1808/1808
f 1324/1796/1796 1117/359/359 1112/1794/1794
f 1128/1589/1589 1131/1591/1591 1125/1791/1791
f 1131/1591/1591 1130/1809/1809 1132/357/357
f 1325/96/96 1132/357/357 1130/1809/1809
f 230/1802/1802 1302/1770/1770 1303/358/358
f 1329/109/109 1325/96/96 1130/1809/1809
f 1131/1591/1591 1133/1590/1590 1130/1809/1809
f 1134/1387/1387 1135/1389/1389 1138/1596/1596
f 872/390/390 1137/1595/1595 635/388/388
f 875/553/553 1135/1389/1389 395/81/81
f 1138/1596/1596 1135/1389/1389 278/1388/1388
f 4219/1810/1810 1341/1811/1811 4220/1812/1812
f 1136/1813/1813 1342/1814/1814 1340/77/77
f 1134/1387/1387 873/1119/1119 1137/1595/1595
f 1142/225/225 1137/1595/1595 873/1119/1119
f 1344/1600/1600 1138/1596/1596 278/1388/1388
f 873/1119/1119 1138/1596/1596 1136/1813/1813
f 1140/1117/1117 1139/79/79 277/78/78
f 1142/225/225 1139/79/79 394/68/68
f 277/78/78 1340/77/77 1352/1815/1815
f 1101/552/552 390/747/747 1141/1118/1118
f 394/68/68 1141/1118/1118 624/746/746
f 1101/552/552 1141/1118/1118 1140/1117/1117
f 1137/1595/1595 1142/225/225 635/388/388
f 1139/79/79 1142/225/225 873/1119/1119
f 1143/1602/1602 233/369/369 1147/1816/1816
f 888/1603/1603 880/1598/1598 1145/1605/1605
f 1659/1817/1817 1513/1612/1612 1512/1818/1818
f 1354/604/604 1654/1819/1819 1657/1820/1820
f 880/1598/1598 1143/1602/1602 1145/1605/1605
f 1143/1602/1602 1147/1816/1816 1146/1604/1604
f 1653/1821/1821 1146/1604/1604 1144/1822/1822
f 886/1610/1610 888/1603/1603 1146/1604/1604
f 1659/1817/1817 1147/1816/1816 233/369/369
f 1146/1604/1604 1147/1816/1816 1144/1822/1822
f 1149/1607/1607 1148/1609/1609 886/1610/1610
f 1150/563/563 1148/1609/1609 887/1606/1606
f 1653/1821/1821 1652/770/770 886/1610/1610
f 1343/1599/1599 1345/1601/1601 1349/776/776
f 884/562/562 888/1603/1603 1150/563/563
f 1148/1609/1609 1150/563/563 888/1603/1603
f 1152/354/354 1151/371/371 882/370/370
f 1375/1823/1823 1515/1614/1614 893/1613/1613
f 279/355/355 1152/354/354 882/370/370
f 893/1613/1613 1152/354/354 894/356/356
f 640/846/846 1153/1393/1393 878/1126/1126
f 398/586/586 894/356/356 1153/1393/1393
f 1154/1615/1615 1484/1131/1131 1359/1617/1617
f 1357/1616/1616 899/627/627 1155/598/598
f 1357/1616/1616 1155/598/598 648/597/597
f 900/1397/1397 1155/598/598 899/627/627
f 1484/1131/1131 1487/649/649 1486/1132/1132
f 1361/1824/1824 1362/1825/1825 1493/1826/1826
f 281/629/629 1362/1825/1825 1363/1618/1618
f 1507/596/596 1157/595/595 901/1827/1827
f 904/611/611 1158/1402/1402 175/609/609
f 902/613/613 1158/1402/1402 903/769/769
f 1490/1828/1828 1667/1625/1625 402/1624/1624
f 1159/1406/1406 1490/1828/1828 1489/1829/1829
f 906/638/638 1160/859/859 656/1465/1465
f 1161/1408/1408 1160/859/859 2/1135/1135
f 1161/1408/1408 3/1407/1407 1401/1409/1409
f 1160/859/859 1161/1408/1408 908/860/860
f 1200/1464/1464 1552/1175/1175 705/1174/1174
f 907/1136/1136 1163/1623/1623 402/1624/1624
f 656/1465/1465 1163/1623/1623 907/1136/1136
f 1553/1176/1176 1556/904/904 1162/903/903
f 1165/867/867 1164/1447/1447 409/1143/1143
f 929/1632/1632 1164/1447/1447 913/1448/1448
f 682/787/787 1167/1446/1446 409/1143/1143
f 285/869/869 913/1448/1448 1165/867/867
f 284/449/449 2766/1830/1830 2791/1831/1831
f 2764/1142/1142 236/870/870 2762/872/872
f 2791/1831/1831 1167/1446/1446 406/786/786
f 409/1143/1143 1167/1446/1446 1166/868/868
f 680/682/682 1168/671/671 286/877/877
f 685/672/672 1168/671/671 410/1145/1145
f 1168/671/671 1169/878/878 286/877/877
f 916/670/670 923/55/55 1169/878/878
f 922/616/616 1171/1832/1832 1170/54/54
f 237/1833/1833 2327/1834/1834 1171/1832/1832
f 1079/1636/1636 1633/617/617 922/616/616
f 237/1833/1833 2415/1835/1835 2327/1834/1834
f 2326/1836/1836 2415/1835/1835 2412/1837/1837
f 1631/615/615 1643/1838/1838 237/1833/1833
f 2779/1839/1839 1173/1642/1642 285/869/869
f 933/1644/1644 938/1643/1643 1173/1642/1642
f 2913/1840/1840 2909/1841/1841 2915/1842/1842
f 1699/1843/1843 1705/1844/1844 1696/1845/1845
f 941/1652/1652 1175/641/641 934/1651/1651
f 1175/641/641 940/1653/1653 1382/402/402
f 952/1162/1162 1176/591/591 13/1457/1457
f 1176/591/591 701/1461/1461 1178/1165/1165
f 1384/1458/1458 947/773/773 422/892/892
f 948/763/763 1177/766/766 698/1459/1459
f 1176/591/591 1178/1165/1165 421/1164/1164
f 703/743/743 1178/1165/1165 701/1461/1461
f 423/834/834 702/745/745 1180/832/832
f 1392/1846/1846 1179/833/833 291/886/886
f 693/810/810 1184/1662/1662 950/893/893
f 1185/1649/1649 1181/1847/1847 1192/1848/1848
f 1189/898/898 1188/1849/1849 1182/1455/1455
f 700/894/894 1184/1662/1662 1185/1649/1649
f 1186/1850/1850 1187/1150/1150 1192/1848/1848
f 1183/1456/1456 1182/1455/1455 1181/1847/1847
f 1183/1456/1456 1181/1847/1847 1184/1662/1662
f 413/1449/1449 1183/1456/1456 693/810/810
f 1185/1649/1649 1184/1662/1662 1181/1847/1847
f 700/894/894 950/893/893 1184/1662/1662
f 1186/1850/1850 1192/1848/1848 1188/1849/1849
f 700/894/894 1185/1649/1649 1180/832/832
f 1182/1455/1455 1188/1849/1849 1181/1847/1847
f 1186/1850/1850 1194/1851/1851 1190/885/885
f 1190/885/885 1187/1150/1150 1186/1850/1850
f 1179/833/833 1191/884/884 291/886/886
f 288/873/873 1189/898/898 1182/1455/1455
f 1189/898/898 288/873/873 936/1645/1645
f 936/1645/1645 934/1651/1651 1189/898/898
f 934/1651/1651 1175/641/641 1390/637/637
f 1527/1852/1852 1526/1853/1853 1686/1854/1854
f 1391/1163/1163 1531/1855/1855 1195/1664/1664
f 1180/832/832 1191/884/884 1179/833/833
f 1190/885/885 1191/884/884 1187/1150/1150
f 1185/1649/1649 1192/1848/1848 1187/1150/1150
f 1181/1847/1847 1188/1849/1849 1192/1848/1848
f 1788/1856/1856 1787/1857/1857 1784/1858/1858
f 1790/1859/1859 1546/1860/1860 1550/1861/1861
f 1194/1851/1851 1186/1850/1850 1527/1852/1852
f 1529/1862/1862 1194/1851/1851 1686/1854/1854
f 1392/1846/1846 1391/1163/1163 951/1172/1172
f 1396/603/603 1394/602/602 1395/1863/1863
f 1196/779/779 944/754/754 945/592/592
f 1530/1864/1864 1691/1865/1865 1195/1664/1664
f 1398/1665/1665 1385/891/891 1197/1866/1866
f 1399/1867/1867 1533/1868/1868 1534/1869/1869
f 1398/1665/1665 1198/1169/1169 954/1173/1173
f 1534/1869/1869 1198/1169/1169 1197/1866/1866
f 1199/1462/1462 424/1170/1170 1533/1868/1868
f 705/1174/1174 1380/1626/1626 1202/1410/1410
f 1399/1867/1867 1706/1870/1870 1533/1868/1868
f 1200/1464/1464 1533/1868/1868 1706/1870/1870
f 955/622/622 1199/1462/1462 1201/1463/1463
f 1200/1464/1464 1201/1463/1463 1199/1462/1462
f 1161/1408/1408 1202/1410/1410 908/860/860
f 4/623/623 1401/1409/1409 3/1407/1407
f 1204/1180/1180 1203/1179/1179 707/569/569
f 1203/1179/1179 243/1178/1178 1207/1871/1871
f 709/121/121 1204/1180/1180 707/569/569
f 1204/1180/1180 428/1177/1177 965/911/911
f 243/1178/1178 1208/421/421 1207/1871/1871
f 2800/420/420 2219/844/844 1205/1872/1872
f 1207/1871/1871 1206/1467/1467 1203/1179/1179
f 2220/1873/1873 1205/1872/1872 2219/844/844
f 243/1178/1178 964/53/53 1208/421/421
f 1206/1467/1467 1207/1871/1871 1205/1872/1872
f 724/419/419 1208/421/421 720/52/52
f 1205/1872/1872 1207/1871/1871 1208/421/421
f 1797/1874/1874 1799/1875/1875 2002/1670/1670
f 1209/1876/1876 2004/1877/1877 2801/1878/1878
f 2809/1879/1879 1210/1473/1473 242/1183/1183
f 963/582/582 1210/1473/1473 961/1672/1672
f 961/1672/1672 1212/1880/1880 1211/1671/1671
f 1216/919/919 1215/1881/1881 1213/1882/1882
f 2809/1879/1879 2808/1187/1187 961/1672/1672
f 211/518/518 1215/1881/1881 1212/1880/1880
f 1413/1883/1883 1411/1884/1884 1410/1885/1885
f 1232/1886/1886 1213/1882/1882 1417/440/440
f 1217/917/917 245/1193/1193 1211/1671/1671
f 1213/1882/1882 1232/1886/1886 1408/558/558
f 1411/1884/1884 1215/1881/1881 1412/517/517
f 1216/919/919 1213/1882/1882 1214/1482/1482
f 1217/917/917 1214/1482/1482 245/1193/1193
f 1218/918/918 1212/1880/1880 1215/1881/1881
f 1218/918/918 1211/1671/1671 1212/1880/1880
f 1214/1482/1482 1217/917/917 1216/919/919
f 1216/919/919 1218/918/918 1215/1881/1881
f 1211/1671/1671 1218/918/918 1217/917/917
f 245/1193/1193 300/916/916 1219/1474/1474
f 717/102/102 1219/1474/1474 300/916/916
f 1221/1697/1697 751/930/930 994/734/734
f 1220/928/928 751/930/930 1221/1697/1697
f 1565/1887/1887 1566/1888/1888 1561/1889/1889
f 1223/1503/1503 1220/928/928 1224/1492/1492
f 1224/1492/1492 1222/1491/1491 1223/1503/1503
f 1228/1493/1493 1227/1890/1890 1707/1891/1891
f 1224/1492/1492 1220/928/928 1221/1697/1697
f 1225/1673/1673 1223/1503/1503 1222/1491/1491
f 1229/1892/1892 1228/1493/1493 1224/1492/1492
f 247/1486/1486 1405/1501/1501 1558/1698/1698
f 1225/1673/1673 1222/1491/1491 1710/1690/1690
f 969/926/926 1225/1673/1673 968/188/188
f 1227/1890/1890 1228/1493/1493 1229/1892/1892
f 1565/1887/1887 1564/1893/1893 1711/1894/1894
f 247/1486/1486 1229/1892/1892 1221/1697/1697
f 1560/1895/1895 1562/1896/1896 1707/1891/1891
f 1229/1892/1892 1224/1492/1492 1221/1697/1697
f 1560/1895/1895 1707/1891/1891 1227/1890/1890
f 1405/1501/1501 247/1486/1486 996/736/736
f 1227/1890/1890 1229/1892/1892 1407/1897/1897
f 1230/1194/1194 301/1691/1691 1231/1195/1195
f 447/1196/1196 985/76/76 1230/1194/1194
f 1232/1886/1886 301/1691/1691 1408/558/558
f 1232/1886/1886 1231/1195/1195 301/1691/1691
f 1413/1883/1883 1417/440/440 1213/1882/1882
f 1232/1886/1886 1417/440/440 1419/1898/1898
f 3162/1899/1899 3164/1900/1900 3160/1901/1901
f 1233/1695/1695 1721/1902/1902 1421/532/532
f 1235/1212/1212 1234/1214/1214 462/1215/1215
f 318/1903/1903 999/1010/1010 1234/1214/1214
f 758/345/345 1235/1212/1212 462/1215/1215
f 461/961/961 1718/960/960 1814/1213/1213
f 1814/1213/1213 318/1903/1903 1234/1214/1214
f 1578/1904/1904 1584/1905/1905 214/1906/1906
f 760/1007/1007 999/1010/1010 1237/1009/1009
f 318/1903/1903 1240/1699/1699 999/1010/1010
f 1238/1008/1008 1236/1907/1907 3874/1908/1908
f 795/528/528 1239/1523/1523 260/1524/1524
f 342/1298/1298 1239/1523/1523 795/528/528
f 3874/1908/1908 3871/1909/1909 3872/1528/1528
f 1812/1910/1910 1810/1911/1911 1811/1912/1912
f 1236/1907/1907 1238/1008/1008 1240/1699/1699
f 1009/748/748 1241/1701/1701 1011/1234/1234
f 1241/1701/1701 776/328/328 2798/1104/1104
f 3897/1913/1913 3930/1914/1914 3939/1915/1915
f 2061/1916/1916 2234/1917/1917 2235/1918/1918
f 1243/461/461 778/1240/1240 1253/1586/1586
f 1243/461/461 1024/1711/1711 1244/462/462
f 1024/1711/1711 1424/1919/1919 1246/1920/1920
f 1245/988/988 774/987/987 333/475/475
f 1248/1921/1921 1245/988/988 1244/462/462
f 773/986/986 1245/988/988 1247/1105/1105
f 1246/1920/1920 1248/1921/1921 1024/1711/1711
f 1251/1922/1922 1249/1923/1923 1250/1510/1510
f 1251/1922/1922 1245/988/988 1248/1921/1921
f 1246/1920/1920 1437/1924/1924 1251/1922/1922
f 1024/1711/1711 1248/1921/1921 1244/462/462
f 1251/1922/1922 1248/1921/1921 1246/1920/1920
f 1334/1925/1925 1336/1926/1926 1337/1927/1927
f 1433/644/644 1016/1708/1708 1434/104/104
f 1251/1922/1922 1250/1510/1510 1247/1105/1105
f 1606/1928/1928 1733/1929/1929 1249/1923/1923
f 1245/988/988 1251/1922/1922 1247/1105/1105
f 1246/1920/1920 275/1930/1930 1437/1924/1924
f 1304/1101/1101 1339/1931/1931 1482/1094/1094
f 1424/1919/1919 275/1930/1930 1246/1920/1920
f 615/1375/1375 1253/1586/1586 860/1241/1241
f 1243/461/461 1253/1586/1586 1025/1373/1373
f 1257/1712/1712 782/169/169 1031/1518/1518
f 1036/1714/1714 2399/1932/1932 1255/688/688
f 3358/686/686 195/1293/1293 3339/1292/1292
f 534/170/170 1254/1519/1519 1255/688/688
f 1256/1713/1713 1027/1715/1715 1259/1719/1719
f 1256/1713/1713 1259/1719/1719 2389/1933/1933
f 1254/1519/1519 1257/1712/1712 1036/1714/1714
f 1031/1518/1518 1256/1713/1713 1257/1712/1712
f 3791/1934/1934 3792/1935/1935 2407/963/963
f 2227/1936/1936 2102/1937/1937 2222/1938/1938
f 1260/1716/1716 1259/1719/1719 1027/1715/1715
f 2389/1933/1933 2388/1939/1939 2398/1940/1940
f 1261/1527/1527 1260/1716/1716 1027/1715/1715
f 220/294/294 2402/1941/1941 2447/1942/1942
f 1261/1527/1527 1027/1715/1715 1028/1517/1517
f 1029/1717/1717 1030/293/293 1438/292/292
f 261/177/177 3390/1943/1943 3380/1721/1721
f 1047/1015/1015 1262/1530/1530 1045/1720/1720
f 3394/1944/1944 3392/1945/1945 3395/1946/1946
f 3392/1945/1945 3402/1947/1947 3393/151/151
f 2832/1948/1948 2831/1949/1949 3438/1950/1950
f 1445/676/676 1447/289/289 1444/1951/1951
f 1060/1733/1733 1268/1952/1952 1271/675/675
f 1063/1538/1538 1268/1952/1952 1060/1733/1733
f 3393/151/151 1263/1723/1723 1045/1720/1720
f 1269/1724/1724 1266/150/150 1439/1953/1953
f 1268/1952/1952 1267/1536/1536 1439/1953/1953
f 1270/1537/1537 349/1301/1301 1049/1300/1300
f 811/1535/1535 1268/1952/1952 1063/1538/1538
f 1268/1952/1952 1439/1953/1953 1271/675/675
f 1439/1953/1953 1266/150/150 1265/149/149
f 1049/1300/1300 1269/1724/1724 1267/1536/1536
f 1267/1536/1536 1268/1952/1952 1270/1537/1537
f 811/1535/1535 1270/1537/1537 1268/1952/1952
f 1440/1954/1954 1265/149/149 3403/1955/1955
f 1271/675/675 1265/149/149 1440/1954/1954
f 1049/1300/1300 1272/1531/1531 344/1722/1722
f 1272/1531/1531 544/1532/1532 805/327/327
f 810/797/797 1273/796/796 349/1301/1301
f 1274/1533/1533 1273/796/796 807/795/795
f 544/1532/1532 1049/1300/1300 1274/1533/1533
f 1273/796/796 1274/1533/1533 1049/1300/1300
f 2828/1956/1956 1441/1957/1957 2830/1958/1958
f 1054/228/228 1057/1029/1029 1275/229/229
f 1612/1735/1735 674/1444/1444 1449/1959/1959
f 1879/1960/1960 1820/1961/1961 1878/1325/1325
f 2350/1329/1329 1277/205/205 564/1330/1330
f 1277/205/205 1067/1962/1962 3767/206/206
f 825/1068/1068 1278/1554/1554 826/1070/1070
f 1279/1568/1568 1278/1554/1554 267/1331/1331
f 1279/1568/1568 267/1331/1331 823/700/700
f 1279/1568/1568 1280/1552/1552 848/1553/1553
f 845/7/7 1280/1552/1552 368/8/8
f 823/700/700 1280/1552/1552 1279/1568/1568
f 226/1576/1576 1281/1567/1567 847/1569/1569
f 1069/1556/1556 1279/1568/1568 1281/1567/1567
f 827/716/716 1282/1071/1071 369/1555/1555
f 1450/1557/1557 1282/1071/1071 826/1070/1070
f 1289/1578/1578 1291/1577/1577 1617/1963/1963
f 1288/1964/1964 1286/32/32 1284/31/31
f 828/36/36 1072/35/35 1284/31/31
f 1283/1739/1739 1287/1965/1965 1288/1964/1964
f 1287/1965/1965 1283/1739/1739 1289/1578/1578
f 1623/820/820 1285/1966/1966 1619/1967/1967
f 1284/31/31 1072/35/35 1288/1964/1964
f 3167/819/819 1629/821/821 1625/1968/1968
f 1283/1739/1739 1451/1584/1584 1289/1578/1578
f 1285/1966/1966 1286/32/32 1287/1965/1965
f 1288/1964/1964 1072/35/35 1450/1557/1557
f 1286/32/32 1288/1964/1964 1287/1965/1965
f 1452/1750/1750 1615/1969/1969 1614/1582/1582
f 1289/1578/1578 1617/1963/1963 1621/1970/1970
f 1082/1581/1581 1747/1747/1747 1454/1746/1746
f 1619/1967/1967 1285/1966/1966 1621/1970/1970
f 1452/1750/1750 1614/1582/1582 847/1569/1569
f 1618/1971/1971 1617/1963/1963 1291/1577/1577
f 572/660/660 1292/1148/1148 570/1074/1074
f 370/733/733 1075/1149/1149 1292/1148/1148
f 1074/1743/1743 1293/1072/1072 1075/1149/1149
f 1293/1072/1072 1076/1744/1744 1294/1073/1073
f 1294/1073/1073 689/1146/1146 570/1074/1074
f 1077/1633/1633 1294/1073/1073 1076/1744/1744
f 1296/1337/1337 1295/1086/1086 379/1076/1076
f 1457/403/403 1295/1086/1086 1080/1563/1563
f 1083/399/399 1459/1751/1751 853/1085/1085
f 1295/1086/1086 1296/1337/1337 1080/1563/1563
f 1647/1972/1972 1837/1559/1559 831/1764/1764
f 1458/1564/1564 832/404/404 1457/403/403
f 1908/1580/1580 1298/1579/1579 843/1570/1570
f 1453/1749/1749 1298/1579/1579 1082/1581/1581
f 852/1083/1083 1299/397/397 853/1085/1085
f 1301/398/398 1299/397/397 271/1349/1349
f 228/1558/1558 1093/812/812 1460/1766/1766
f 831/1764/1764 1456/1562/1562 1461/1339/1339
f 850/418/418 1301/398/398 271/1349/1349
f 1090/755/755 1301/398/398 1084/1364/1364
f 1303/358/358 1302/1770/1770 1096/1771/1771
f 1302/1770/1770 230/1802/1802 1307/1973/1973
f 1117/359/359 1303/358/358 1096/1771/1771
f 1303/358/358 1132/357/357 1325/96/96
f 1325/96/96 1332/98/98 230/1802/1802
f 273/1368/1368 1305/1102/1102 614/1093/1093
f 1339/1931/1931 1304/1101/1101 1338/1974/1974
f 614/1093/1093 1305/1102/1102 1482/1094/1094
f 1097/511/511 1302/1770/1770 1306/1100/1100
f 1306/1100/1100 1302/1770/1770 1307/1973/1973
f 1338/1974/1974 230/1802/1802 1332/98/98
f 1306/1100/1100 1307/1973/1973 1304/1101/1101
f 866/1386/1386 1308/1587/1587 868/114/114
f 1109/1592/1592 867/1593/1593 1308/1587/1587
f 1106/1784/1784 1107/1778/1778 1310/1783/1783
f 1124/1780/1780 1309/1782/1782 1118/1801/1801
f 1118/1801/1801 1309/1782/1782 1310/1783/1783
f 1310/1783/1783 1309/1782/1782 1106/1784/1784
f 861/1098/1098 1311/1097/1097 386/490/490
f 1096/1771/1771 1311/1097/1097 1123/1099/1099
f 1120/1795/1795 1126/1792/1792 1313/1775/1775
f 1756/1803/1803 1312/1774/1774 1111/1773/1773
f 1314/1798/1798 1113/1785/1785 1124/1780/1780
f 1113/1785/1785 1314/1798/1798 1313/1775/1775
f 1118/1801/1801 1318/1975/1975 1314/1798/1798
f 3891/1976/1976 2813/1977/1977 2814/1978/1978
f 1118/1801/1801 1310/1783/1783 1316/1793/1793
f 4236/1979/1979 1315/1980/1980 1462/1772/1772
f 1316/1793/1793 1104/1779/1779 1317/774/774
f 1316/1793/1793 1315/1980/1980 1318/1975/1975
f 1320/1777/1777 1104/1779/1779 1105/1381/1381
f 1320/1777/1777 1317/774/774 1104/1779/1779
f 1316/1793/1793 1318/1975/1975 1118/1801/1801
f 1318/1975/1975 1315/1980/1980 3893/1981/1981
f 1465/1111/1111 2820/1982/1982 231/1380/1380
f 1352/1815/1815 1342/1814/1814 1353/1983/1983
f 1321/1776/1776 1105/1381/1381 231/1380/1380
f 1320/1777/1777 1319/1984/1984 1649/87/87
f 1465/1111/1111 231/1380/1380 1100/551/551
f 1319/1984/1984 1320/1777/1777 1321/1776/1776
f 277/78/78 1466/1985/1985 1140/1117/1117
f 231/1380/1380 2820/1982/1982 1321/1776/1776
f 3885/1986/1986 2623/1987/1987 514/1269/1269
f 2606/1988/1988 2615/1989/1989 2610/296/296
f 1131/1591/1591 1324/1796/1796 1112/1794/1794
f 1132/357/357 1117/359/359 1324/1796/1796
f 1133/1590/1590 1327/1990/1990 1130/1809/1809
f 1327/1990/1990 1329/109/109 1130/1809/1809
f 275/1930/1930 1428/1991/1991 1732/1992/1992
f 1425/1372/1372 1252/1516/1516 1427/1993/1993
f 1133/1590/1590 1127/332/332 1327/1990/1990
f 1468/1807/1807 1327/1990/1990 1127/332/332
f 1331/108/108 1326/107/107 1474/1994/1994
f 1332/98/98 1336/1926/1926 1338/1974/1974
f 1327/1990/1990 1326/107/107 1329/109/109
f 1329/109/109 1331/108/108 1330/97/97
f 1330/97/97 1328/1995/1995 1332/98/98
f 1325/96/96 1329/109/109 1330/97/97
f 1326/107/107 1473/1996/1996 1474/1994/1994
f 1328/1995/1995 1330/97/97 1331/108/108
f 1336/1926/1926 1332/98/98 1328/1995/1995
f 1338/1974/1974 1307/1973/1973 230/1802/1802
f 1473/1996/1996 1470/1806/1806 1469/1808/1808
f 2838/1997/1997 3904/1998/1998 3909/1999/1999
f 1331/108/108 1335/2000/2000 1479/2001/2001
f 1481/1371/1371 1339/1931/1931 1480/2002/2002
f 1732/1992/1992 1428/1991/1991 1429/2003/2003
f 1336/1926/1926 1328/1995/1995 1479/2001/2001
f 1336/1926/1926 1479/2001/2001 1337/1927/1927
f 1338/1974/1974 1336/1926/1926 1334/1925/1925
f 1333/2004/2004 3165/2005/2005 1603/2006/2006
f 1425/1372/1372 1427/1993/1993 1428/1991/1991
f 1339/1931/1931 1338/1974/1974 1334/1925/1925
f 1338/1974/1974 1304/1101/1101 1307/1973/1973
f 1480/2002/2002 1339/1931/1931 1334/1925/1925
f 1339/1931/1931 1481/1371/1371 1482/1094/1094
f 873/1119/1119 1136/1813/1813 1340/77/77
f 1347/2007/2007 1341/1811/1811 1342/1814/1814
f 1651/772/772 1483/771/771 4221/2008/2008
f 1319/1984/1984 2820/1982/1982 2819/2009/2009
f 1342/1814/1814 1136/1813/1813 1348/2010/2010
f 1342/1814/1814 1341/1811/1811 1353/1983/1983
f 1344/1600/1600 1136/1813/1813 1138/1596/1596
f 1345/1601/1601 1350/2011/2011 887/1606/1606
f 1350/2011/2011 278/1388/1388 889/1597/1597
f 1344/1600/1600 1343/1599/1599 1348/2010/2010
f 1350/2011/2011 1345/1601/1601 1344/1600/1600
f 1351/1608/1608 887/1606/1606 1148/1609/1609
f 1319/1984/1984 2819/2009/2009 2823/2012/2012
f 1466/1985/1985 277/78/78 2821/2013/2013
f 1348/2010/2010 1347/2007/2007 1342/1814/1814
f 1343/1599/1599 1349/776/776 4220/1812/1812
f 1344/1600/1600 1348/2010/2010 1136/1813/1813
f 1347/2007/2007 1348/2010/2010 1343/1599/1599
f 1651/772/772 1349/776/776 1149/1607/1607
f 1349/776/776 232/777/777 4220/1812/1812
f 278/1388/1388 1350/2011/2011 1344/1600/1600
f 887/1606/1606 1350/2011/2011 889/1597/1597
f 1349/776/776 1351/1608/1608 1149/1607/1607
f 887/1606/1606 1351/1608/1608 1345/1601/1601
f 1342/1814/1814 1352/1815/1815 1340/77/77
f 1352/1815/1815 1346/2014/2014 2821/2013/2013
f 1353/1983/1983 1341/1811/1811 4234/2015/2015
f 1352/1815/1815 1353/1983/1983 1346/2014/2014
f 1354/604/604 1657/1820/1820 1663/605/605
f 1648/89/89 4235/2016/2016 4227/2017/2017
f 1356/1405/1405 1355/1403/1403 654/768/768
f 1357/1616/1616 1355/1403/1403 1154/1615/1615
f 1356/1405/1405 654/768/768 1377/767/767
f 1484/1131/1131 1356/1405/1405 401/1404/1404
f 898/856/856 1357/1616/1616 648/597/597
f 1359/1617/1617 1357/1616/1616 1154/1615/1615
f 899/627/627 1357/1616/1616 1359/1617/1617
f 1492/2018/2018 1493/1826/1826 1156/1133/1133
f 1154/1615/1615 1356/1405/1405 1484/1131/1131
f 1156/1133/1133 1358/628/628 1359/1617/1617
f 900/1397/1397 1360/1399/1399 650/1398/1398
f 1363/1618/1618 1360/1399/1399 281/629/629
f 1362/1825/1825 281/629/629 1358/628/628
f 1364/1619/1619 901/1827/1827 1157/595/595
f 1156/1133/1133 1362/1825/1825 1358/628/628
f 1363/1618/1618 1362/1825/1825 1361/1824/1824
f 1363/1618/1618 1361/1824/1824 1364/1619/1619
f 1363/1618/1618 1157/595/595 1360/1399/1399
f 1365/1620/1620 1361/1824/1824 1498/838/838
f 1365/1620/1620 1364/1619/1619 1361/1824/1824
f 1368/2019/2019 1365/1620/1620 234/840/840
f 1369/2020/2020 1370/1621/1621 1368/2019/2019
f 1368/2019/2019 234/840/840 1504/2021/2021
f 1679/2022/2022 1662/2023/2023 1658/2024/2024
f 234/840/840 1499/839/839 1503/2025/2025
f 901/1827/1827 1364/1619/1619 1370/1621/1621
f 234/840/840 1503/2025/2025 1504/2021/2021
f 1675/2026/2026 1368/2019/2019 1367/2027/2027
f 1506/2028/2028 1675/2026/2026 1676/2029/2029
f 1510/2030/2030 1682/2031/2031 1375/1823/1823
f 1368/2019/2019 1370/1621/1621 1365/1620/1620
f 901/1827/1827 1370/1621/1621 1369/2020/2020
f 1374/1611/1611 1373/857/857 1371/1401/1401
f 399/778/778 645/1128/1128 1372/1400/1400
f 1376/594/594 652/1130/1130 650/1398/1398
f 1372/1400/1400 1371/1401/1401 1373/857/857
f 399/778/778 1373/857/857 891/642/642
f 1371/1401/1401 1507/596/596 1374/1611/1611
f 1369/2020/2020 1508/2032/2032 901/1827/1827
f 895/853/853 1375/1823/1823 893/1613/1613
f 901/1827/1827 1508/2032/2032 1374/1611/1611
f 1509/2033/2033 1675/2026/2026 1506/2028/2028
f 652/1130/1130 1376/594/594 1372/1400/1400
f 1360/1399/1399 1376/594/594 650/1398/1398
f 1378/1622/1622 1377/767/767 903/769/769
f 1356/1405/1405 1377/767/767 1159/1406/1406
f 1667/1625/1625 1378/1622/1622 655/634/634
f 1377/767/767 1378/1622/1622 1159/1406/1406
f 1380/1626/1626 1379/858/858 908/860/860
f 1163/1623/1623 1379/858/858 1162/903/903
f 1202/1410/1410 1380/1626/1626 908/860/860
f 1380/1626/1626 705/1174/1174 1553/1176/1176
f 923/55/55 1170/54/54 2327/1834/1834
f 2755/1445/1445 2756/1640/1640 2754/2034/2034
f 2772/1647/1647 1382/402/402 940/1653/1653
f 1683/400/400 1382/402/402 939/1646/1646
f 2930/2035/2035 2941/2036/2036 2942/2037/2037
f 1684/2038/2038 1785/2039/2039 1784/1858/1858
f 1384/1458/1458 422/892/892 1385/891/891
f 698/1459/1459 1177/766/766 1384/1458/1458
f 1387/890/890 422/892/892 1519/1661/1661
f 1387/890/890 1535/899/899 1385/891/891
f 1685/2040/2040 1524/2041/2041 1542/2042/2042
f 1535/899/899 1538/901/901 1541/2043/2043
f 1519/1661/1661 947/773/773 946/1161/1161
f 1399/1867/1867 1534/1869/1869 1541/2043/2043
f 1397/2044/2044 1521/1167/1167 1522/2045/2045
f 1536/900/900 1520/1168/1168 1386/2046/2046
f 1860/2047/2047 1686/1854/1854 1526/1853/1853
f 1528/897/897 1188/1849/1849 1189/898/898
f 238/635/635 1390/637/637 1175/641/641
f 1189/898/898 1390/637/637 1389/896/896
f 951/1172/1172 1179/833/833 1392/1846/1846
f 1196/779/779 1391/1163/1163 1195/1664/1664
f 1395/1863/1863 1392/1846/1846 291/886/886
f 1391/1163/1163 1392/1846/1846 1531/1855/1855
f 1548/2048/2048 1546/1860/1860 1792/2049/2049
f 1531/1855/1855 1530/1864/1864 1195/1664/1664
f 1396/603/603 291/886/886 1190/885/885
f 1690/2050/2050 1530/1864/1864 1531/1855/1855
f 1396/603/603 1395/1863/1863 291/886/886
f 1531/1855/1855 1395/1863/1863 1394/602/602
f 1194/1851/1851 1689/2051/2051 1190/885/885
f 1689/2051/2051 1529/1862/1862 1688/601/601
f 1520/1168/1168 1521/1167/1167 1685/2040/2040
f 1532/1663/1663 1525/2052/2052 1196/779/779
f 1385/891/891 1398/1665/1665 698/1459/1459
f 1198/1169/1169 1398/1665/1665 1197/1866/1866
f 424/1170/1170 1198/1169/1169 1534/1869/1869
f 1557/2053/2053 1400/2054/2054 1552/1175/1175
f 1671/2055/2055 282/2056/2056 1669/2057/2057
f 402/1624/1624 1163/1623/1623 1555/902/902
f 955/622/622 1401/1409/1409 4/623/623
f 1161/1408/1408 1401/1409/1409 1202/1410/1410
f 2093/2058/2058 958/1468/1468 2092/2059/2059
f 1402/1466/1466 1209/1876/1876 1403/1469/1469
f 2801/1878/1878 1403/1469/1469 1209/1876/1876
f 712/422/422 957/568/568 1403/1469/1469
f 750/1497/1497 1420/1499/1499 1421/532/532
f 1560/1895/1895 1407/1897/1897 1226/2060/2060
f 996/736/736 1559/1502/1502 1405/1501/1501
f 1406/1500/1500 740/1487/1487 748/1485/1485
f 1598/2061/2061 748/1485/1485 750/1497/1497
f 1404/533/533 1405/1501/1501 1406/1500/1500
f 1558/1698/1698 1407/1897/1897 1229/1892/1892
f 1421/532/532 1721/1902/1902 1729/1494/1494
f 732/75/75 1408/558/558 301/1691/1691
f 1213/1882/1882 1408/558/558 1214/1482/1482
f 1213/1882/1882 1215/1881/1881 1411/1884/1884
f 1716/2062/2062 1578/1904/1904 214/1906/1906
f 1412/517/517 1410/1885/1885 1411/1884/1884
f 1581/2063/2063 1583/2064/2064 1588/2065/2065
f 1412/517/517 1215/1881/1881 211/518/518
f 1410/1885/1885 1581/2063/2063 1413/1883/1883
f 1576/2066/2066 1575/1472/1472 1573/1471/1471
f 1416/519/519 1586/2067/2067 1587/2068/2068
f 1413/1883/1883 1409/438/438 1417/440/440
f 1213/1882/1882 1411/1884/1884 1413/1883/1883
f 1932/2069/2069 1870/458/458 1935/457/457
f 1583/2064/2064 1410/1885/1885 1587/2068/2068
f 1416/519/519 211/518/518 1570/2070/2070
f 1588/2065/2065 1590/2071/2071 1579/2072/2072
f 1570/2070/2070 211/518/518 1569/2073/2073
f 1593/2074/2074 1807/2075/2075 1808/2076/2076
f 1409/438/438 1578/1904/1904 1418/439/439
f 1419/1898/1898 1231/1195/1195 1232/1886/1886
f 1720/1507/1507 1716/2062/2062 1595/1505/1505
f 1231/1195/1195 1419/1898/1898 754/1504/1504
f 1417/440/440 1418/439/439 1419/1898/1898
f 1720/1507/1507 1419/1898/1898 1418/439/439
f 2059/2077/2077 1727/1694/1694 1723/2078/2078
f 1421/532/532 1420/1499/1499 1233/1695/1695
f 1596/2079/2079 1721/1902/1902 1722/1696/1696
f 1404/533/533 1406/1500/1500 1597/534/534
f 1599/1710/1710 3899/2080/2080 3898/2081/2081
f 1422/2082/2082 4181/2083/2083 1600/2084/2084
f 2653/474/474 1423/460/460 333/475/475
f 1243/461/461 1423/460/460 501/500/500
f 1024/1711/1711 1425/1372/1372 1424/1919/1919
f 275/1930/1930 1424/1919/1919 1428/1991/1991
f 1025/1373/1373 1425/1372/1372 1024/1711/1711
f 1480/2002/2002 1427/1993/1993 1252/1516/1516
f 615/1375/1375 1426/1374/1374 1025/1373/1373
f 1252/1516/1516 1425/1372/1372 1426/1374/1374
f 1334/1925/1925 1337/1927/1927 1602/2085/2085
f 1427/1993/1993 1602/2085/2085 1731/2086/2086
f 1425/1372/1372 1428/1991/1991 1424/1919/1919
f 1731/2086/2086 1429/2003/2003 1428/1991/1991
f 1603/2006/2006 1337/1927/1927 1479/2001/2001
f 1605/2087/2087 1249/1923/1923 1437/1924/1924
f 1249/1923/1923 1605/2087/2087 1606/1928/1928
f 1474/1994/1994 1475/2088/2088 1335/2000/2000
f 1249/1923/1923 1431/1705/1705 1250/1510/1510
f 1608/2089/2089 1435/106/106 1436/105/105
f 3896/2090/2090 1432/1709/1709 3923/2091/2091
f 1433/644/644 3896/2090/2090 193/645/645
f 1434/104/104 1016/1708/1708 1010/1706/1706
f 3923/2091/2091 3914/2092/2092 3920/2093/2093
f 1010/1706/1706 1012/1702/1702 1436/105/105
f 1430/2094/2094 3916/2095/2095 3914/2092/2092
f 1432/1709/1709 1434/104/104 1435/106/106
f 1010/1706/1706 1436/105/105 1434/104/104
f 1607/1703/1703 1436/105/105 1012/1702/1702
f 1608/2089/2089 1431/1705/1705 1733/1929/1929
f 275/1930/1930 1732/1992/1992 1605/2087/2087
f 1249/1923/1923 1251/1922/1922 1437/1924/1924
f 1260/1716/1716 1438/292/292 220/294/294
f 1029/1717/1717 1438/292/292 1261/1527/1527
f 1269/1724/1724 1439/1953/1953 1267/1536/1536
f 1265/149/149 1271/675/675 1439/1953/1953
f 221/2096/2096 3412/2097/2097 3394/1944/1944
f 1271/675/675 1440/1954/1954 1445/676/676
f 2828/1956/1956 2830/1958/1958 2826/1726/1726
f 1062/1031/1031 1446/677/677 223/1734/1734
f 2206/2098/2098 2205/2099/2099 2210/2100/2100
f 1443/1729/1729 4256/2101/2101 4261/1730/1730
f 4369/230/230 223/1734/1734 4368/1727/1727
f 2280/2102/2102 3483/2103/2103 4265/2104/2104
f 1448/290/290 1440/1954/1954 1264/2105/2105
f 4370/1725/1725 2827/2106/2106 2828/1956/1956
f 1445/676/676 1440/1954/1954 1448/290/290
f 1446/677/677 1445/676/676 1444/1951/1951
f 1446/677/677 1444/1951/1951 4370/1725/1725
f 1271/675/675 1446/677/677 1060/1733/1733
f 3402/1947/1947 3419/2107/2107 1264/2105/2105
f 2827/2106/2106 1447/289/289 3434/2108/2108
f 1448/290/290 1264/2105/2105 3432/291/291
f 1445/676/676 1448/290/290 1447/289/289
f 1746/2109/2109 1449/1959/1959 674/1444/1444
f 1611/1443/1443 1734/1543/1543 1736/367/367
f 1069/1556/1556 1450/1557/1557 826/1070/1070
f 1288/1964/1964 1450/1557/1557 1283/1739/1739
f 1289/1578/1578 1451/1584/1584 226/1576/1576
f 1283/1739/1739 1069/1556/1556 1451/1584/1584
f 847/1569/1569 2834/1583/1583 1452/1750/1750
f 846/324/324 1298/1579/1579 1453/1749/1749
f 1454/1746/1746 1453/1749/1749 1082/1581/1581
f 1453/1749/1749 1452/1750/1750 2834/1583/1583
f 1949/2110/2110 1747/1747/1747 1082/1581/1581
f 1290/2111/2111 1291/1577/1577 1615/1969/1969
f 1749/1748/1748 1883/2112/2112 1290/2111/2111
f 1954/2113/2113 1952/2114/2114 2028/2115/2115
f 1837/1559/1559 1456/1562/1562 831/1764/1764
f 1457/403/403 1456/1562/1562 1297/1561/1561
f 1457/403/403 576/405/405 1295/1086/1086
f 1458/1564/1564 1457/403/403 1297/1561/1561
f 1841/1340/1340 1297/1561/1561 1840/1560/1560
f 1458/1564/1564 227/1565/1565 834/1345/1345
f 1460/1766/1766 1459/1751/1751 228/1558/1558
f 853/1085/1085 1459/1751/1751 1300/1338/1338
f 1646/2116/2116 1838/2117/2117 1829/2118/2118
f 1645/1765/1765 1647/1972/1972 831/1764/1764
f 1296/1337/1337 1461/1339/1339 1080/1563/1563
f 1645/1765/1765 1461/1339/1339 1300/1338/1338
f 1462/1772/1772 203/775/775 4236/1979/1979
f 1316/1793/1793 1462/1772/1772 1315/1980/1980
f 2824/2119/2119 2823/2012/2012 2819/2009/2009
f 1483/771/771 3179/2120/2120 3180/2121/2121
f 1466/1985/1985 1464/1112/1112 1140/1117/1117
f 1322/2122/2122 2820/1982/1982 1465/1111/1111
f 1101/552/552 1465/1111/1111 1100/551/551
f 1322/2122/2122 1465/1111/1111 1464/1112/1112
f 277/78/78 1352/1815/1815 2821/2013/2013
f 1464/1112/1112 1466/1985/1985 1322/2122/2122
f 2818/1797/1797 2816/2123/2123 1111/1773/1773
f 4050/2124/2124 4053/2125/2125 4055/2126/2126
f 1757/2127/2127 4059/2128/2128 4060/2129/2129
f 1468/1807/1807 202/2130/2130 1469/1808/1808
f 1477/2131/2131 1472/2132/2132 1473/1996/1996
f 1470/1806/1806 1473/1996/1996 1326/107/107
f 1326/107/107 1327/1990/1990 1470/1806/1806
f 1468/1807/1807 1470/1806/1806 1327/1990/1990
f 3976/2133/2133 1476/2134/2134 1478/2135/2135
f 3946/2136/2136 3934/2137/2137 3928/2138/2138
f 4060/2129/2129 1478/2135/2135 202/2130/2130
f 2837/2139/2139 1472/2132/2132 1477/2131/2131
f 202/2130/2130 1478/2135/2135 1469/1808/1808
f 1474/1994/1994 1473/1996/1996 1472/2132/2132
f 1475/2088/2088 1474/1994/1994 1472/2132/2132
f 1474/1994/1994 1335/2000/2000 1331/108/108
f 1472/2132/2132 2837/2139/2139 2836/2140/2140
f 1335/2000/2000 1475/2088/2088 1333/2004/2004
f 4054/2141/2141 4056/2142/2142 4062/2143/2143
f 2841/2144/2144 2837/2139/2139 1476/2134/2134
f 1469/1808/1808 1477/2131/2131 1473/1996/1996
f 2837/2139/2139 2835/2145/2145 2836/2140/2140
f 1476/2134/2134 1477/2131/2131 1478/2135/2135
f 1469/1808/1808 1478/2135/2135 1477/2131/2131
f 1331/108/108 1479/2001/2001 1328/1995/1995
f 1603/2006/2006 1479/2001/2001 1335/2000/2000
f 1480/2002/2002 1334/1925/1925 1602/2085/2085
f 1481/1371/1371 1480/2002/2002 1252/1516/1516
f 1481/1371/1371 1252/1516/1516 615/1375/1375
f 1482/1094/1094 1481/1371/1371 387/1370/1370
f 1482/1094/1094 387/1370/1370 613/1095/1095
f 1304/1101/1101 1482/1094/1094 1305/1102/1102
f 1149/1607/1607 1652/770/770 1651/772/772
f 1666/606/606 1918/2146/2146 1354/604/604
f 1487/649/649 1485/648/648 1486/1132/1132
f 1156/1133/1133 1359/1617/1617 1484/1131/1131
f 1498/838/838 234/840/840 1365/1620/1620
f 1486/1132/1132 1492/2018/2018 1156/1133/1133
f 1487/649/649 1484/1131/1131 401/1404/1404
f 1494/2147/2147 1492/2018/2018 1486/1132/1132
f 1159/1406/1406 1489/1829/1829 401/1404/1404
f 1487/649/649 401/1404/1404 1489/1829/1829
f 1485/648/648 1491/647/647 1850/2148/2148
f 1488/2149/2149 1494/2147/2147 1497/2150/2150
f 1159/1406/1406 1667/1625/1625 1490/1828/1828
f 1489/1829/1829 1490/1828/1828 1668/2151/2151
f 1490/1828/1828 1670/2152/2152 1669/2057/2057
f 1850/2148/2148 282/2056/2056 4164/2153/2153
f 1668/2151/2151 1487/649/649 1489/1829/1829
f 1491/647/647 1668/2151/2151 1669/2057/2057
f 1494/2147/2147 1486/1132/1132 1485/648/648
f 1498/838/838 1493/1826/1826 1505/2154/2154
f 1156/1133/1133 1493/1826/1826 1362/1825/1825
f 1499/839/839 1505/2154/2154 1488/2149/2149
f 1769/2155/2155 1768/2156/2156 1496/2157/2157
f 1488/2149/2149 1492/2018/2018 1494/2147/2147
f 3176/2158/2158 4158/2159/2159 3178/2160/2160
f 1504/2021/2021 1774/2161/2161 1368/2019/2019
f 1485/648/648 1850/2148/2148 1851/2162/2162
f 1502/2163/2163 1767/2164/2164 1672/2165/2165
f 1851/2162/2162 1494/2147/2147 1485/648/648
f 1501/2166/2166 1503/2025/2025 1502/2163/2163
f 1361/1824/1824 1493/1826/1826 1498/838/838
f 1493/1826/1826 1492/2018/2018 1505/2154/2154
f 1488/2149/2149 1497/2150/2150 1502/2163/2163
f 1771/2167/2167 1502/2163/2163 1672/2165/2165
f 1924/2168/2168 1771/2167/2167 1672/2165/2165
f 2001/2169/2169 1929/2170/2170 1998/2171/2171
f 1499/839/839 1488/2149/2149 1502/2163/2163
f 1504/2021/2021 1503/2025/2025 1772/2172/2172
f 1496/2157/2157 1767/2164/2164 1497/2150/2150
f 1767/2164/2164 1768/2156/2156 1672/2165/2165
f 1502/2163/2163 1503/2025/2025 1499/839/839
f 1772/2172/2172 1503/2025/2025 1501/2166/2166
f 1772/2172/2172 1773/2173/2173 1673/2174/2174
f 1368/2019/2019 1774/2161/2161 1367/2027/2027
f 1488/2149/2149 1505/2154/2154 1492/2018/2018
f 1498/838/838 1505/2154/2154 1499/839/839
f 233/369/369 1151/371/371 1513/1612/1612
f 1508/2032/2032 1682/2031/2031 1510/2030/2030
f 1374/1611/1611 1507/596/596 901/1827/1827
f 1376/594/594 1507/596/596 1371/1401/1401
f 1509/2033/2033 1508/2032/2032 1369/2020/2020
f 1511/852/852 1510/2030/2030 1375/1823/1823
f 1675/2026/2026 1509/2033/2033 1369/2020/2020
f 1506/2028/2028 1514/2175/2175 1682/2031/2031
f 1374/1611/1611 1508/2032/2032 1510/2030/2030
f 1682/2031/2031 1508/2032/2032 1509/2033/2033
f 1510/2030/2030 1511/852/852 1374/1611/1611
f 895/853/853 1511/852/852 1375/1823/1823
f 1677/2176/2176 1514/2175/2175 1506/2028/2028
f 1679/2022/2022 1655/2177/2177 1662/2023/2023
f 893/1613/1613 1513/1612/1612 1151/371/371
f 1659/1817/1817 1512/1818/1818 1658/2024/2024
f 1677/2176/2176 1506/2028/2028 1366/2178/2178
f 1680/2179/2179 1516/2180/2180 1514/2175/2175
f 1375/1823/1823 1682/2031/2031 1516/2180/2180
f 1512/1818/1818 1513/1612/1612 1515/1614/1614
f 1512/1818/1818 1515/1614/1614 1516/2180/2180
f 1375/1823/1823 1516/2180/2180 1515/1614/1614
f 1517/876/876 923/55/55 2327/1834/1834
f 1381/2181/2181 2756/1640/1640 2755/1445/1445
f 2792/2182/2182 1683/400/400 939/1646/1646
f 1686/1854/1854 1860/2047/2047 1193/2183/2183
f 947/773/773 1519/1661/1661 422/892/892
f 1520/1168/1168 1519/1661/1661 1388/1166/1166
f 1519/1661/1661 1520/1168/1168 1387/890/890
f 1388/1166/1166 1522/2045/2045 1521/1167/1167
f 1397/2044/2044 1523/2184/2184 1521/1167/1167
f 1524/2041/2041 1685/2040/2040 1523/2184/2184
f 1388/1166/1166 290/780/780 1522/2045/2045
f 290/780/780 1196/779/779 1525/2052/2052
f 1691/1865/1865 1523/2184/2184 1397/2044/2044
f 1523/2184/2184 240/2185/2185 1524/2041/2041
f 1548/2048/2048 2845/2186/2186 1547/2187/2187
f 1386/2046/2046 1542/2042/2042 1539/2188/2188
f 1397/2044/2044 1522/2045/2045 1525/2052/2052
f 290/780/780 1525/2052/2052 1522/2045/2045
f 1687/636/636 1526/1853/1853 1527/1852/1852
f 1785/2039/2039 1783/2189/2189 1784/1858/1858
f 1528/897/897 1186/1850/1850 1188/1849/1849
f 1527/1852/1852 1389/896/896 1687/636/636
f 1389/896/896 1527/1852/1852 1528/897/897
f 1186/1850/1850 1528/897/897 1527/1852/1852
f 1699/1843/1843 1696/1845/1845 1697/2190/2190
f 1688/601/601 1529/1862/1862 1393/2191/2191
f 1690/2050/2050 1695/2192/2192 1530/1864/1864
f 1691/1865/1865 240/2185/2185 1523/2184/2184
f 1395/1863/1863 1531/1855/1855 1392/1846/1846
f 1531/1855/1855 1394/602/602 1690/2050/2050
f 1691/1865/1865 1532/1663/1663 1195/1664/1664
f 1525/2052/2052 1532/1663/1663 1397/2044/2044
f 1199/1462/1462 1533/1868/1868 1200/1464/1464
f 1534/1869/1869 1533/1868/1868 424/1170/1170
f 1535/899/899 1197/1866/1866 1385/891/891
f 1534/1869/1869 1197/1866/1866 1535/899/899
f 1536/900/900 1387/890/890 1520/1168/1168
f 1535/899/899 1387/890/890 1536/900/900
f 1539/2188/2188 1536/900/900 1386/2046/2046
f 1539/2188/2188 1538/901/901 1536/900/900
f 1540/2193/2193 1537/590/590 1539/2188/2188
f 1537/590/590 1540/2193/2193 1545/2194/2194
f 1537/590/590 1693/589/589 1538/901/901
f 292/2195/2195 1399/1867/1867 1541/2043/2043
f 1386/2046/2046 1685/2040/2040 1542/2042/2042
f 1538/901/901 1539/2188/2188 1537/590/590
f 1545/2194/2194 1547/2187/2187 1544/2196/2196
f 1549/2197/2197 1524/2041/2041 1550/1861/1861
f 1535/899/899 1541/2043/2043 1534/1869/1869
f 1541/2043/2043 1538/901/901 1693/589/589
f 1524/2041/2041 1540/2193/2193 1542/2042/2042
f 1539/2188/2188 1542/2042/2042 1540/2193/2193
f 2860/2198/2198 3078/2199/2199 3076/2200/2200
f 1849/2201/2201 4157/2202/2202 1671/2055/2055
f 1549/2197/2197 1540/2193/2193 1524/2041/2041
f 1694/588/588 3172/2203/2203 1693/589/589
f 1540/2193/2193 1549/2197/2197 1547/2187/2187
f 1544/2196/2196 3977/2204/2204 1545/2194/2194
f 1546/1860/1860 1549/2197/2197 1550/1861/1861
f 3126/2205/2205 2845/2186/2186 1548/2048/2048
f 1540/2193/2193 1547/2187/2187 1545/2194/2194
f 1547/2187/2187 1546/1860/1860 1548/2048/2048
f 1697/2190/2190 1551/2206/2206 1695/2192/2192
f 1792/2049/2049 2848/2207/2207 1548/2048/2048
f 1550/1861/1861 1524/2041/2041 240/2185/2185
f 1547/2187/2187 1549/2197/2197 1546/1860/1860
f 1691/1865/1865 1692/2208/2208 240/2185/2185
f 240/2185/2185 1551/2206/2206 1790/1859/1859
f 1695/2192/2192 1393/2191/2191 1698/2209/2209
f 1697/2190/2190 1700/2210/2210 1790/1859/1859
f 1552/1175/1175 1200/1464/1464 1706/1870/1870
f 1553/1176/1176 1552/1175/1175 1400/2054/2054
f 1553/1176/1176 1400/2054/2054 1556/904/904
f 1553/1176/1176 1162/903/903 1380/1626/1626
f 1766/2211/2211 1849/2201/2201 1556/904/904
f 282/2056/2056 1491/647/647 1669/2057/2057
f 1162/903/903 1555/902/902 1163/1623/1623
f 1670/2152/2152 1555/902/902 1554/2212/2212
f 1766/2211/2211 1556/904/904 1400/2054/2054
f 1555/902/902 1556/904/904 1554/2212/2212
f 292/2195/2195 1557/2053/2053 1706/1870/1870
f 3169/2213/2213 1557/2053/2053 3171/2214/2214
f 1558/1698/1698 1404/533/533 1730/2215/2215
f 247/1486/1486 1558/1698/1698 1229/1892/1892
f 741/495/495 1559/1502/1502 996/736/736
f 1406/1500/1500 1559/1502/1502 740/1487/1487
f 1562/1896/1896 1560/1895/1895 1226/2060/2060
f 1227/1890/1890 1407/1897/1897 1560/1895/1895
f 1562/1896/1896 1565/1887/1887 1561/1889/1889
f 982/2216/2216 983/269/269 1708/2217/2217
f 1226/2060/2060 1564/1893/1893 1565/1887/1887
f 1561/1889/1889 1563/271/271 1707/1891/1891
f 1708/2217/2217 1563/271/271 1561/1889/1889
f 1710/1690/1690 1563/271/271 984/270/270
f 1226/2060/2060 1728/2218/2218 2129/2219/2219
f 992/235/235 2014/234/234 2127/2220/2220
f 1226/2060/2060 1565/1887/1887 1562/1896/1896
f 1564/1893/1893 2133/2221/2221 1711/1894/1894
f 2372/2222/2222 2373/2223/2223 189/2224/2224
f 1561/1889/1889 1709/2225/2225 1708/2217/2217
f 1569/2073/2073 211/518/518 1212/1880/1880
f 2802/1666/1666 2801/1878/1878 188/2226/2226
f 1212/1880/1880 2808/1187/1187 1569/2073/2073
f 1571/2227/2227 1570/2070/2070 1568/1189/1189
f 2808/1187/1187 1212/1880/1880 961/1672/1672
f 1569/2073/2073 1568/1189/1189 1570/2070/2070
f 1568/1189/1189 2807/1188/1188 1571/2227/2227
f 1416/519/519 1570/2070/2070 1573/1471/1471
f 1571/2227/2227 1567/2228/2228 1574/2229/2229
f 1573/1471/1471 1415/2230/2230 1593/2074/2074
f 1794/2231/2231 1795/2232/2232 1574/2229/2229
f 2056/2233/2233 2057/2234/2234 2055/2235/2235
f 1570/2070/2070 1571/2227/2227 1573/1471/1471
f 1573/1471/1471 1571/2227/2227 1576/2066/2066
f 1794/2231/2231 1574/2229/2229 1567/2228/2228
f 1795/2232/2232 1713/2236/2236 1574/2229/2229
f 1714/427/427 1575/1472/1472 1713/2236/2236
f 1803/1470/1470 1575/1472/1472 1804/2237/2237
f 1571/2227/2227 1574/2229/2229 1576/2066/2066
f 1576/2066/2066 1574/2229/2229 1713/2236/2236
f 1415/2230/2230 1573/1471/1471 1803/1470/1470
f 1580/2238/2238 1578/1904/1904 1409/438/438
f 1581/2063/2063 1580/2238/2238 1409/438/438
f 1584/1905/1905 1580/2238/2238 1585/2239/2239
f 1579/2072/2072 1581/2063/2063 1588/2065/2065
f 1579/2072/2072 1592/2240/2240 1585/2239/2239
f 1409/438/438 1413/1883/1883 1581/2063/2063
f 1580/2238/2238 1579/2072/2072 1585/2239/2239
f 1583/2064/2064 1581/2063/2063 1410/1885/1885
f 1579/2072/2072 1580/2238/2238 1581/2063/2063
f 2113/2241/2241 1582/2242/2242 1592/2240/2240
f 1236/1907/1907 1240/1699/1699 1811/1912/1912
f 1410/1885/1885 1412/517/517 1587/2068/2068
f 1583/2064/2064 1577/2243/2243 1588/2065/2065
f 1580/2238/2238 1584/1905/1905 1578/1904/1904
f 2310/2244/2244 2308/2245/2245 2309/2246/2246
f 1592/2240/2240 1579/2072/2072 1590/2071/2071
f 1584/1905/1905 1585/2239/2239 1582/2242/2242
f 1593/2074/2074 1586/2067/2067 1416/519/519
f 1577/2243/2243 1583/2064/2064 1586/2067/2067
f 1416/519/519 1587/2068/2068 1412/517/517
f 1583/2064/2064 1587/2068/2068 1586/2067/2067
f 1591/2247/2247 1588/2065/2065 1577/2243/2243
f 1591/2247/2247 1590/2071/2071 1588/2065/2065
f 1807/2075/2075 1871/2248/2248 1931/2249/2249
f 1591/2247/2247 1806/2250/2250 1932/2069/2069
f 1589/2251/2251 1594/2252/2252 1590/2071/2071
f 1585/2239/2239 1592/2240/2240 1582/2242/2242
f 1933/2253/2253 1870/458/458 1932/2069/2069
f 1590/2071/2071 1591/2247/2247 1589/2251/2251
f 1594/2252/2252 1592/2240/2240 1590/2071/2071
f 1940/706/706 2110/287/287 191/707/707
f 1573/1471/1471 1593/2074/2074 1416/519/519
f 1593/2074/2074 1415/2230/2230 1807/2075/2075
f 1935/457/457 1594/2252/2252 1589/2251/2251
f 2112/2254/2254 2118/2255/2255 191/707/707
f 1716/2062/2062 1809/1210/1210 1595/1505/1505
f 1595/1505/1505 1813/1211/1211 1719/1506/1506
f 2130/2256/2256 2239/2257/2257 992/235/235
f 1407/1897/1897 1728/2218/2218 1226/2060/2060
f 1598/2061/2061 1406/1500/1500 748/1485/1485
f 750/1497/1497 1421/532/532 1597/534/534
f 750/1497/1497 1597/534/534 1598/2061/2061
f 1406/1500/1500 1598/2061/2061 1597/534/534
f 193/645/645 3896/2090/2090 3899/2080/2080
f 1422/2082/2082 1600/2084/2084 1601/1513/1513
f 3127/2258/2258 4181/2083/2083 3941/2259/2259
f 1018/1511/1511 3129/2260/2260 3128/726/726
f 1422/2082/2082 1601/1513/1513 1599/1710/1710
f 1601/1513/1513 1600/2084/2084 3129/2260/2260
f 1337/1927/1927 1603/2006/2006 1731/2086/2086
f 1480/2002/2002 1602/2085/2085 1427/1993/1993
f 1333/2004/2004 1603/2006/2006 1335/2000/2000
f 1731/2086/2086 1603/2006/2006 1429/2003/2003
f 3165/2005/2005 1604/2261/2261 1732/1992/1992
f 1430/2094/2094 1608/2089/2089 1733/1929/1929
f 275/1930/1930 1605/2087/2087 1437/1924/1924
f 1606/1928/1928 1605/2087/2087 1604/2261/2261
f 2836/2140/2140 2839/2262/2262 3166/2263/2263
f 1333/2004/2004 1475/2088/2088 2836/2140/2140
f 764/1103/1103 1431/1705/1705 1607/1703/1703
f 1607/1703/1703 1431/1705/1705 1608/2089/2089
f 1435/106/106 1608/2089/2089 1430/2094/2094
f 1607/1703/1703 1608/2089/2089 1436/105/105
f 1612/1735/1735 1609/1324/1324 1276/599/599
f 1449/1959/1959 1746/2109/2109 1745/2264/2264
f 1610/2265/2265 1611/1443/1443 1745/2264/2264
f 1947/2266/2266 1737/2267/2267 1743/2268/2268
f 1823/2269/2269 1609/1324/1324 1449/1959/1959
f 1734/1543/1543 1611/1443/1443 1610/2265/2265
f 674/1444/1444 1612/1735/1735 239/524/524
f 1609/1324/1324 1612/1735/1735 1449/1959/1959
f 2674/1439/1439 2664/1437/1437 2680/1428/1428
f 2665/1438/1438 672/1421/1421 665/1431/1431
f 847/1569/1569 1614/1582/1582 226/1576/1576
f 1615/1969/1969 1452/1750/1750 1454/1746/1746
f 1290/2111/2111 1615/1969/1969 1454/1746/1746
f 1291/1577/1577 1614/1582/1582 1615/1969/1969
f 1950/2270/2270 1949/2110/2110 1882/2271/2271
f 1454/1746/1746 1749/1748/1748 1290/2111/2111
f 1618/1971/1971 1291/1577/1577 1290/2111/2111
f 1619/1967/1967 1617/1963/1963 1455/2272/2272
f 1290/2111/2111 1883/2112/2112 1826/2273/2273
f 1455/2272/2272 1617/1963/1963 1618/1971/1971
f 1622/2274/2274 1623/820/820 1626/2275/2275
f 1621/1970/1970 1285/1966/1966 1287/1965/1965
f 1622/2274/2274 1953/2276/2276 1753/2277/2277
f 2165/2278/2278 2029/2279/2279 2146/1548/1548
f 1289/1578/1578 1621/1970/1970 1287/1965/1965
f 1617/1963/1963 1619/1967/1967 1621/1970/1970
f 1624/2280/2280 1626/2275/2275 1627/2281/2281
f 1638/2282/2282 1631/615/615 1630/2283/2283
f 1627/2281/2281 1619/1967/1967 1455/2272/2272
f 1622/2274/2274 1629/821/821 1623/820/820
f 1455/2272/2272 1826/2273/2273 1828/2284/2284
f 1952/2114/2114 1954/2113/2113 2016/2285/2285
f 2172/2286/2286 2171/2287/2287 1620/2288/2288
f 1628/1742/1742 1636/1740/1740 268/33/33
f 1627/2281/2281 1626/2275/2275 1623/820/820
f 1954/2113/2113 1626/2275/2275 1624/2280/2280
f 1619/1967/1967 1627/2281/2281 1623/820/820
f 1627/2281/2281 1455/2272/2272 1828/2284/2284
f 3167/819/819 1286/32/32 1285/1966/1966
f 1636/1740/1740 1625/1968/1968 1632/2289/2289
f 1752/2290/2290 1753/2277/2277 1620/2288/2288
f 3167/819/819 1625/1968/1968 1628/1742/1742
f 1629/821/821 1641/2291/2291 1625/1968/1968
f 1171/1832/1832 1631/615/615 237/1833/1833
f 922/616/616 1631/615/615 1171/1832/1832
f 1642/2292/2292 1630/2283/2283 1750/2293/2293
f 1750/2293/2293 1632/2289/2289 1625/1968/1968
f 1074/1743/1743 1075/1149/1149 1637/1741/1741
f 1634/1637/1637 1633/617/617 1079/1636/1636
f 1630/2283/2283 1631/615/615 1633/617/617
f 1634/1637/1637 1079/1636/1636 1077/1633/1633
f 1074/1743/1743 1632/2289/2289 1751/1638/1638
f 2166/2294/2294 2173/2295/2295 2172/2286/2286
f 1643/1838/1838 1638/2282/2282 1644/2296/2296
f 1625/1968/1968 1636/1740/1740 1628/1742/1742
f 1637/1741/1741 1636/1740/1740 1632/2289/2289
f 1074/1743/1743 1637/1741/1741 1632/2289/2289
f 1637/1741/1741 1075/1149/1149 1073/1334/1334
f 1639/2297/2297 1750/2293/2293 1641/2291/2291
f 1638/2282/2282 1635/2298/2298 1644/2296/2296
f 1641/2291/2291 1622/2274/2274 1753/2277/2277
f 1638/2282/2282 1642/2292/2292 1635/2298/2298
f 2167/2299/2299 2172/2286/2286 1620/2288/2288
f 1640/2300/2300 2176/2301/2301 2324/2302/2302
f 1622/2274/2274 1641/2291/2291 1629/821/821
f 1750/2293/2293 1639/2297/2297 1642/2292/2292
f 1630/2283/2283 1642/2292/2292 1638/2282/2282
f 1752/2290/2290 1642/2292/2292 1639/2297/2297
f 1638/2282/2282 1643/1838/1838 1631/615/615
f 1640/2300/2300 2324/2302/2302 2415/1835/1835
f 1635/2298/2298 2171/2287/2287 2170/311/311
f 1643/1838/1838 1644/2296/2296 1640/2300/2300
f 1300/1338/1338 1460/1766/1766 1645/1765/1765
f 1829/2118/2118 1460/1766/1766 1754/2303/2303
f 1460/1766/1766 1092/1767/1767 1830/2304/2304
f 1836/2305/2305 1754/2303/2303 1830/2304/2304
f 1460/1766/1766 1647/1972/1972 1645/1765/1765
f 1839/2306/2306 1838/2117/2117 1646/2116/2116
f 1649/87/87 1648/89/89 1317/774/774
f 4228/2307/2307 4235/2016/2016 4225/2308/2308
f 1320/1777/1777 1649/87/87 1317/774/774
f 1649/87/87 1319/1984/1984 2823/2012/2012
f 3891/1976/1976 2816/2123/2123 2817/1799/1799
f 1759/1805/1805 1761/1804/1804 1757/2127/2127
f 1652/770/770 1149/1607/1607 886/1610/1610
f 4221/2008/2008 1483/771/771 3168/2309/2309
f 886/1610/1610 1146/1604/1604 1653/1821/1821
f 1483/771/771 1652/770/770 1654/1819/1819
f 1656/2310/2310 1653/1821/1821 1144/1822/1822
f 1654/1819/1819 1354/604/604 3179/2120/2120
f 1653/1821/1821 1660/2311/2311 1652/770/770
f 1657/1820/1820 1660/2311/2311 1656/2310/2310
f 1656/2310/2310 1662/2023/2023 1655/2177/2177
f 1661/2312/2312 1657/1820/1820 1655/2177/2177
f 1662/2023/2023 1144/1822/1822 1658/2024/2024
f 1656/2310/2310 1655/2177/2177 1657/1820/1820
f 1657/1820/1820 1654/1819/1819 1660/2311/2311
f 1655/2177/2177 1762/2313/2313 1661/2312/2312
f 1144/1822/1822 1147/1816/1816 1659/1817/1817
f 1679/2022/2022 1512/1818/1818 1680/2179/2179
f 1513/1612/1612 1659/1817/1817 233/369/369
f 1144/1822/1822 1659/1817/1817 1658/2024/2024
f 1652/770/770 1660/2311/2311 1654/1819/1819
f 1656/2310/2310 1660/2311/2311 1653/1821/1821
f 1842/2314/2314 1665/2315/2315 1666/606/606
f 1657/1820/1820 1661/2312/2312 1663/605/605
f 1144/1822/1822 1662/2023/2023 1656/2310/2310
f 1516/2180/2180 1680/2179/2179 1512/1818/1818
f 1763/2316/2316 1842/2314/2314 1843/2317/2317
f 204/2318/2318 1858/2319/2319 1994/2320/2320
f 1858/2319/2319 204/2318/2318 1857/2321/2321
f 3184/2322/2322 1664/2323/2323 2049/2324/2324
f 1915/2325/2325 2046/2326/2326 1846/2327/2327
f 1654/1819/1819 3179/2120/2120 1483/771/771
f 1843/2317/2317 1663/605/605 1661/2312/2312
f 1918/2146/2146 1919/695/695 1848/697/697
f 1378/1622/1622 1667/1625/1625 1159/1406/1406
f 1667/1625/1625 655/634/634 907/1136/1136
f 1668/2151/2151 1490/1828/1828 1669/2057/2057
f 1487/649/649 1668/2151/2151 1491/647/647
f 1670/2152/2152 1490/1828/1828 402/1624/1624
f 1670/2152/2152 1765/2328/2328 1669/2057/2057
f 1555/902/902 1670/2152/2152 402/1624/1624
f 1765/2328/2328 1670/2152/2152 1554/2212/2212
f 3169/2213/2213 1400/2054/2054 1557/2053/2053
f 1765/2328/2328 1849/2201/2201 1671/2055/2055
f 1672/2165/2165 1768/2156/2156 1922/2329/2329
f 1502/2163/2163 1771/2167/2167 1501/2166/2166
f 1777/2330/2330 1778/409/409 1925/2331/2331
f 1854/408/408 1676/2029/2029 1674/2332/2332
f 1775/2333/2333 1674/2332/2332 1774/2161/2161
f 1778/409/409 1674/2332/2332 1775/2333/2333
f 1368/2019/2019 1675/2026/2026 1369/2020/2020
f 1676/2029/2029 1675/2026/2026 1367/2027/2027
f 1676/2029/2029 1367/2027/2027 1774/2161/2161
f 1366/2178/2178 1506/2028/2028 1676/2029/2029
f 1681/2334/2334 1677/2176/2176 1781/2335/2335
f 1514/2175/2175 1677/2176/2176 1680/2179/2179
f 1781/2335/2335 1366/2178/2178 1927/2336/2336
f 1661/2312/2312 1762/2313/2313 204/2318/2318
f 1512/1818/1818 1679/2022/2022 1658/2024/2024
f 1679/2022/2022 1678/2337/2337 1762/2313/2313
f 1677/2176/2176 1681/2334/2334 1680/2179/2179
f 1680/2179/2179 1681/2334/2334 1679/2022/2022
f 1781/2335/2335 1677/2176/2176 1366/2178/2178
f 1679/2022/2022 1681/2334/2334 1678/2337/2337
f 1506/2028/2028 1682/2031/2031 1509/2033/2033
f 1682/2031/2031 1514/2175/2175 1516/2180/2180
f 2773/1648/1648 2775/2338/2338 939/1646/1646
f 1784/1858/1858 1787/1857/1857 1684/2038/2038
f 2914/2339/2339 1518/2340/2340 2913/1840/1840
f 2903/2341/2341 2895/2342/2342 2896/2343/2343
f 1520/1168/1168 1685/2040/2040 1386/2046/2046
f 1523/2184/2184 1685/2040/2040 1521/1167/1167
f 1529/1862/1862 1686/1854/1854 1193/2183/2183
f 1527/1852/1852 1686/1854/1854 1194/1851/1851
f 1390/637/637 1687/636/636 1389/896/896
f 1783/2189/2189 1687/636/636 238/635/635
f 1688/601/601 1393/2191/2191 1690/2050/2050
f 1689/2051/2051 1688/601/601 1396/603/603
f 1190/885/885 1689/2051/2051 1396/603/603
f 1194/1851/1851 1529/1862/1862 1689/2051/2051
f 1688/601/601 1690/2050/2050 1394/602/602
f 1695/2192/2192 1690/2050/2050 1393/2191/2191
f 1691/1865/1865 1397/2044/2044 1532/1663/1663
f 1692/2208/2208 1691/1865/1865 1530/1864/1864
f 1695/2192/2192 1692/2208/2208 1530/1864/1864
f 240/2185/2185 1692/2208/2208 1551/2206/2206
f 1537/590/590 1545/2194/2194 1694/588/588
f 1541/2043/2043 1693/589/589 292/2195/2195
f 3977/2204/2204 2845/2186/2186 2846/2344/2344
f 4149/2345/2345 4146/2346/2346 4145/2347/2347
f 1698/2209/2209 1697/2190/2190 1695/2192/2192
f 1692/2208/2208 1695/2192/2192 1551/2206/2206
f 1701/2348/2348 1699/1843/1843 1698/2209/2209
f 1861/2349/2349 1703/2350/2350 1704/2351/2351
f 1793/2352/2352 1697/2190/2190 1791/2353/2353
f 1546/1860/1860 1790/1859/1859 1700/2210/2210
f 1701/2348/2348 1393/2191/2191 1529/1862/1862
f 1697/2190/2190 1698/2209/2209 1699/1843/1843
f 1698/2209/2209 1393/2191/2191 1701/2348/2348
f 1862/2354/2354 1193/2183/2183 1861/2349/2349
f 1696/1845/1845 2853/2355/2355 1697/2190/2190
f 1546/1860/1860 1700/2210/2210 1792/2049/2049
f 1529/1862/1862 1702/2356/2356 1701/2348/2348
f 1701/2348/2348 1702/2356/2356 1704/2351/2351
f 1529/1862/1862 1193/2183/2183 1702/2356/2356
f 1193/2183/2183 1860/2047/2047 1861/2349/2349
f 2859/2357/2357 2875/2358/2358 2854/2359/2359
f 2856/2360/2360 2864/2361/2361 2857/2362/2362
f 2873/2363/2363 2865/2364/2364 2866/2365/2365
f 1699/1843/1843 1701/2348/2348 1704/2351/2351
f 1699/1843/1843 1704/2351/2351 1705/1844/1844
f 2873/2363/2363 1704/2351/2351 1703/2350/2350
f 292/2195/2195 1706/1870/1870 1399/1867/1867
f 1552/1175/1175 1706/1870/1870 1557/2053/2053
f 1561/1889/1889 1707/1891/1891 1562/1896/1896
f 1228/1493/1493 1707/1891/1891 1563/271/271
f 1561/1889/1889 1566/1888/1888 1709/2225/2225
f 983/269/269 1563/271/271 1708/2217/2217
f 2377/2366/2366 1709/2225/2225 1566/1888/1888
f 982/2216/2216 1708/2217/2217 1709/2225/2225
f 1225/1673/1673 1710/1690/1690 212/1676/1676
f 1222/1491/1491 1563/271/271 1710/1690/1690
f 189/2224/2224 1566/1888/1888 1711/1894/1894
f 1565/1887/1887 1711/1894/1894 1566/1888/1888
f 1712/2367/2367 2803/2368/2368 2802/1666/1666
f 1572/2369/2369 1713/2236/2236 1795/2232/2232
f 1714/427/427 1713/2236/2236 1572/2369/2369
f 1576/2066/2066 1713/2236/2236 1575/1472/1472
f 1802/2370/2370 1572/2369/2369 1798/2371/2371
f 1714/427/427 1864/426/426 1804/2237/2237
f 1804/2237/2237 1869/2372/2372 1715/2373/2373
f 1869/2372/2372 1931/2249/2249 1871/2248/2248
f 1578/1904/1904 1716/2062/2062 1418/439/439
f 1809/1210/1210 1716/2062/2062 214/1906/1906
f 2113/2241/2241 2308/2245/2245 1582/2242/2242
f 1811/1912/1912 1240/1699/1699 318/1903/1903
f 1813/1211/1211 757/452/452 249/74/74
f 1717/2374/2374 1812/1910/1910 1814/1213/1213
f 755/73/73 1719/1506/1506 249/74/74
f 754/1504/1504 1419/1898/1898 1720/1507/1507
f 1720/1507/1507 1418/439/439 1716/2062/2062
f 754/1504/1504 1720/1507/1507 1719/1506/1506
f 1722/1696/1696 1721/1902/1902 1233/1695/1695
f 1729/1494/1494 1596/2079/2079 1728/2218/2218
f 1726/1693/1693 1233/1695/1695 1420/1499/1499
f 1722/1696/1696 992/235/235 2239/2257/2257
f 4188/2375/2375 2320/2376/2376 3159/2377/2377
f 2061/1916/1916 1872/2378/2378 2124/2379/2379
f 1727/1694/1694 1722/1696/1696 1233/1695/1695
f 2231/2380/2380 2015/252/252 2059/2077/2077
f 3161/2381/2381 1726/1693/1693 745/1498/1498
f 987/1488/1488 3155/545/545 745/1498/1498
f 745/1498/1498 1726/1693/1693 1420/1499/1499
f 1727/1694/1694 1726/1693/1693 1725/2382/2382
f 1727/1694/1694 1725/2382/2382 3164/1900/1900
f 1727/1694/1694 1724/233/233 1722/1696/1696
f 1730/2215/2215 1728/2218/2218 1407/1897/1897
f 1596/2079/2079 2239/2257/2257 2129/2219/2219
f 1596/2079/2079 1729/1494/1494 1721/1902/1902
f 1729/1494/1494 1728/2218/2218 1730/2215/2215
f 1558/1698/1698 1730/2215/2215 1407/1897/1897
f 1729/1494/1494 1730/2215/2215 1404/533/533
f 1427/1993/1993 1731/2086/2086 1428/1991/1991
f 1337/1927/1927 1731/2086/2086 1602/2085/2085
f 3165/2005/2005 1732/1992/1992 1429/2003/2003
f 1605/2087/2087 1732/1992/1992 1604/2261/2261
f 1249/1923/1923 1733/1929/1929 1431/1705/1705
f 3916/2095/2095 1733/1929/1929 1606/1928/1928
f 1737/2267/2267 1739/1544/1544 1743/2268/2268
f 1734/1543/1543 819/1545/1545 1736/367/367
f 1948/2383/2383 207/1422/1422 2671/2384/2384
f 2945/2385/2385 2905/2386/2386 2943/2387/2387
f 1876/2388/2388 1740/2389/2389 1742/368/368
f 1819/2390/2390 1742/368/368 1736/367/367
f 1739/1544/1544 1744/2391/2391 1743/2268/2268
f 2516/2392/2392 2518/2393/2393 2582/2394/2394
f 1877/2395/2395 2565/2396/2396 1876/2388/2388
f 199/343/343 1884/342/342 1886/2397/2397
f 1744/2391/2391 1734/1543/1543 1610/2265/2265
f 2486/2398/2398 1739/1544/1544 2493/2399/2399
f 2507/2400/2400 1738/2401/2401 2499/2402/2402
f 1878/1325/1325 1276/599/599 1879/1960/1960
f 1873/1442/1442 1816/1441/1441 1741/2403/2403
f 2494/2404/2404 2496/2405/2405 1735/2406/2406
f 1819/2390/2390 1736/367/367 819/1545/1545
f 1740/2389/2389 1881/2407/2407 1742/368/368
f 1744/2391/2391 1739/1544/1544 1734/1543/1543
f 1743/2268/2268 1741/2403/2403 1947/2266/2266
f 1873/1442/1442 1744/2391/2391 1610/2265/2265
f 1743/2268/2268 1744/2391/2391 1741/2403/2403
f 1823/2269/2269 1745/2264/2264 1611/1443/1443
f 1943/1423/1423 1816/1441/1441 1874/1440/1440
f 674/1444/1444 2674/1439/1439 2668/1430/1430
f 1745/2264/2264 1746/2109/2109 1613/2408/2408
f 1949/2110/2110 1082/1581/1581 842/2409/2409
f 1749/1748/1748 1747/1747/1747 1616/2410/2410
f 1895/2411/2411 1983/2412/2412 1976/1573/1573
f 1970/2413/2413 1973/2414/2414 1965/2415/2415
f 1950/2270/2270 1616/2410/2410 1949/2110/2110
f 1884/342/342 1825/2416/2416 1883/2112/2112
f 1750/2293/2293 1625/1968/1968 1641/2291/2291
f 1751/1638/1638 1750/2293/2293 1630/2283/2283
f 1750/2293/2293 1751/1638/1638 1632/2289/2289
f 1633/617/617 1751/1638/1638 1630/2283/2283
f 1642/2292/2292 1752/2290/2290 1635/2298/2298
f 1753/2277/2277 1752/2290/2290 1639/2297/2297
f 1641/2291/2291 1753/2277/2277 1639/2297/2297
f 1622/2274/2274 1626/2275/2275 1954/2113/2113
f 1830/2304/2304 1754/2303/2303 1460/1766/1766
f 1831/2417/2417 1091/2418/2418 1834/2419/2419
f 1755/2420/2420 1838/2117/2117 1839/2306/2306
f 1755/2420/2420 1839/2306/2306 1898/2421/2421
f 2816/2123/2123 1756/1803/1803 1111/1773/1773
f 1759/1805/1805 1756/1803/1803 1650/454/454
f 4063/2422/2422 4054/2141/2141 4061/2423/2423
f 202/2130/2130 1468/1807/1807 1758/331/331
f 1468/1807/1807 1127/332/332 1758/331/331
f 1758/331/331 1760/333/333 1759/1805/1805
f 1759/1805/1805 1129/1800/1800 1756/1803/1803
f 1757/2127/2127 1758/331/331 1759/1805/1805
f 1128/1589/1589 1760/333/333 1127/332/332
f 1129/1800/1800 1759/1805/1805 1760/333/333
f 1650/454/454 1467/453/453 1761/1804/1804
f 4081/2424/2424 1761/1804/1804 1467/453/453
f 1679/2022/2022 1762/2313/2313 1655/2177/2177
f 1857/2321/2321 1762/2313/2313 1678/2337/2337
f 1681/2334/2334 1780/2425/2425 1678/2337/2337
f 1842/2314/2314 1845/2426/2426 1665/2315/2315
f 1665/2315/2315 1845/2426/2426 1846/2327/2327
f 4222/2427/2427 4224/2428/2428 4219/1810/1810
f 1849/2201/2201 1765/2328/2328 1554/2212/2212
f 1669/2057/2057 1765/2328/2328 1671/2055/2055
f 1766/2211/2211 1400/2054/2054 3169/2213/2213
f 3977/2204/2204 1694/588/588 1545/2194/2194
f 1497/2150/2150 1767/2164/2164 1502/2163/2163
f 1768/2156/2156 1767/2164/2164 1496/2157/2157
f 1851/2162/2162 1496/2157/2157 1497/2150/2150
f 1922/2329/2329 1768/2156/2156 1495/2429/2429
f 4157/2202/2202 4159/2430/2430 1671/2055/2055
f 1768/2156/2156 1769/2155/2155 4167/2431/2431
f 3102/2432/2432 3105/2433/2433 3069/2434/2434
f 1992/2435/2435 3030/2436/2436 3068/2437/2437
f 1922/2329/2329 1924/2168/2168 1672/2165/2165
f 1771/2167/2167 1993/2438/2438 1773/2173/2173
f 1773/2173/2173 1772/2172/2172 1501/2166/2166
f 1775/2333/2333 1772/2172/2172 1673/2174/2174
f 1771/2167/2167 1773/2173/2173 1501/2166/2166
f 1926/2439/2439 1773/2173/2173 1500/2440/2440
f 1775/2333/2333 1774/2161/2161 1504/2021/2021
f 1676/2029/2029 1774/2161/2161 1674/2332/2332
f 1772/2172/2172 1775/2333/2333 1504/2021/2021
f 1366/2178/2178 1854/408/408 1779/410/410
f 4152/2441/2441 1777/2330/2330 1925/2331/2331
f 1844/2442/2442 1915/2325/2325 1845/2426/2426
f 1778/409/409 1775/2333/2333 1925/2331/2331
f 1673/2174/2174 1773/2173/2173 1926/2439/2439
f 1925/2331/2331 1775/2333/2333 1673/2174/2174
f 1778/409/409 1777/2330/2330 1779/410/410
f 1777/2330/2330 1855/2443/2443 1779/410/410
f 1780/2425/2425 1927/2336/2336 1856/2444/2444
f 1855/2443/2443 1856/2444/2444 1927/2336/2336
f 1762/2313/2313 1857/2321/2321 204/2318/2318
f 1927/2336/2336 1366/2178/2178 1779/410/410
f 1681/2334/2334 1781/2335/2335 1780/2425/2425
f 1526/1853/1853 1687/636/636 1783/2189/2189
f 1785/2039/2039 2871/2445/2445 1782/2446/2446
f 1783/2189/2189 238/635/635 1784/1858/1858
f 1783/2189/2189 1782/2446/2446 1860/2047/2047
f 238/635/635 1786/640/640 1784/1858/1858
f 1683/400/400 1789/2447/2447 1788/1856/1856
f 1785/2039/2039 1684/2038/2038 2883/2448/2448
f 1783/2189/2189 1785/2039/2039 1782/2446/2446
f 1175/641/641 1786/640/640 238/635/635
f 1788/1856/1856 1786/640/640 1174/401/401
f 1789/2447/2447 1787/1857/1857 1788/1856/1856
f 2877/2449/2449 2876/2450/2450 2883/2448/2448
f 1786/640/640 1788/1856/1856 1784/1858/1858
f 1683/400/400 1788/1856/1856 1174/401/401
f 2793/2451/2451 1789/2447/2447 1683/400/400
f 2877/2449/2449 1789/2447/2447 1518/2340/2340
f 240/2185/2185 1790/1859/1859 1550/1861/1861
f 1697/2190/2190 1790/1859/1859 1551/2206/2206
f 208/2452/2452 2849/2453/2453 2851/2454/2454
f 3116/2455/2455 2849/2453/2453 208/2452/2452
f 1700/2210/2210 1793/2352/2352 1792/2049/2049
f 1792/2049/2049 1793/2352/2352 2848/2207/2207
f 1697/2190/2190 1793/2352/2352 1700/2210/2210
f 2849/2453/2453 2852/2456/2456 2851/2454/2454
f 2803/2368/2368 1794/2231/2231 1567/2228/2228
f 1794/2231/2231 1712/2367/2367 1795/2232/2232
f 1800/2457/2457 1798/2371/2371 1795/2232/2232
f 1572/2369/2369 1802/2370/2370 1714/427/427
f 1798/2371/2371 1572/2369/2369 1795/2232/2232
f 2006/2458/2458 1863/443/443 4347/2459/2459
f 188/2226/2226 1799/1875/1875 1800/2457/2457
f 2002/1670/1670 2003/2460/2460 1930/1668/1668
f 1800/2457/2457 1795/2232/2232 1712/2367/2367
f 1868/2461/2461 1802/2370/2370 1797/1874/1874
f 2006/2458/2458 1930/1668/1668 2003/2460/2460
f 1797/1874/1874 1798/2371/2371 1799/1875/1875
f 188/2226/2226 1800/2457/2457 1712/2367/2367
f 1798/2371/2371 1800/2457/2457 1799/1875/1875
f 1867/2462/2462 1868/2461/2461 1796/2463/2463
f 1864/426/426 1414/2464/2464 1804/2237/2237
f 1797/1874/1874 1802/2370/2370 1798/2371/2371
f 1714/427/427 1802/2370/2370 1801/425/425
f 1804/2237/2237 1575/1472/1472 1714/427/427
f 1871/2248/2248 1803/1470/1470 1715/2373/2373
f 1869/2372/2372 1804/2237/2237 1414/2464/2464
f 1803/1470/1470 1804/2237/2237 1715/2373/2373
f 1414/2464/2464 1864/426/426 2011/2465/2465
f 3237/2466/2466 3234/2467/2467 3229/2468/2468
f 1591/2247/2247 1577/2243/2243 1806/2250/2250
f 1808/2076/2076 1577/2243/2243 1586/2067/2067
f 1871/2248/2248 1807/2075/2075 1415/2230/2230
f 1808/2076/2076 1806/2250/2250 1577/2243/2243
f 1593/2074/2074 1808/2076/2076 1586/2067/2067
f 1806/2250/2250 1808/2076/2076 1807/2075/2075
f 1584/1905/1905 2310/2244/2244 214/1906/1906
f 1718/960/960 1809/1210/1210 1717/2374/2374
f 1809/1210/1210 2309/2246/2246 1717/2374/2374
f 2110/287/287 2112/2254/2254 191/707/707
f 1812/1910/1910 1811/1912/1912 318/1903/1903
f 1811/1912/1912 1810/1911/1911 3791/1934/1934
f 1812/1910/1910 318/1903/1903 1814/1213/1213
f 1812/1910/1910 1717/2374/2374 2382/2469/2469
f 1809/1210/1210 1813/1211/1211 1595/1505/1505
f 757/452/452 1813/1211/1211 1718/960/960
f 461/961/961 1814/1213/1213 1235/1212/1212
f 1814/1213/1213 1718/960/960 1717/2374/2374
f 1815/2470/2470 2321/2471/2471 2470/2472/2472
f 3504/2473/2473 2364/2474/2474 2365/2475/2475
f 1874/1440/1440 1610/2265/2265 1745/2264/2264
f 2695/2476/2476 1875/2477/2477 1948/2383/2383
f 1816/1441/1441 1875/2477/2477 1741/2403/2403
f 1947/2266/2266 1875/2477/2477 2717/414/414
f 1739/1544/1544 2486/2398/2398 819/1545/1545
f 2492/2478/2478 2491/413/413 2482/412/412
f 2490/2479/2479 1819/2390/2390 819/1545/1545
f 1819/2390/2390 1818/2480/2480 1876/2388/2388
f 2569/2481/2481 2579/2482/2482 2534/2483/2483
f 1880/1153/1153 1822/319/319 561/318/318
f 2579/2482/2482 2576/2484/2484 2577/2485/2485
f 225/608/608 559/651/651 2573/2486/2486
f 561/318/318 563/1323/1323 1880/1153/1153
f 2575/1322/1322 1822/319/319 1821/1154/1154
f 1609/1324/1324 1823/2269/2269 1611/1443/1443
f 1449/1959/1959 1745/2264/2264 1823/2269/2269
f 1980/2487/2487 2041/2488/2488 1981/2489/2489
f 2027/2490/2490 2138/2491/2491 2065/2492/2492
f 1624/2280/2280 1627/2281/2281 1828/2284/2284
f 1618/1971/1971 1826/2273/2273 1455/2272/2272
f 1290/2111/2111 1826/2273/2273 1618/1971/1971
f 1826/2273/2273 1825/2416/2416 1827/2493/2493
f 1884/342/342 1890/344/344 1825/2416/2416
f 2016/2285/2285 2063/2494/2494 1952/2114/2114
f 1826/2273/2273 1827/2493/2493 1828/2284/2284
f 2016/2285/2285 1828/2284/2284 1827/2493/2493
f 1460/1766/1766 1829/2118/2118 1647/1972/1972
f 1893/2495/2495 1829/2118/2118 1754/2303/2303
f 1831/2417/2417 1092/1767/1767 3462/2496/2496
f 1831/2417/2417 1830/2304/2304 1092/1767/1767
f 2078/2497/2497 2082/2498/2498 2075/2499/2499
f 1830/2304/2304 1831/2417/2417 1836/2305/2305
f 1962/2500/2500 1958/2501/2501 1960/2502/2502
f 1836/2305/2305 1834/2419/2419 1835/305/305
f 1833/306/306 2077/2503/2503 2078/2497/2497
f 1893/2495/2495 1957/2504/2504 1897/2505/2505
f 2266/2506/2506 2077/2503/2503 1091/2418/2418
f 1834/2419/2419 1833/306/306 1835/305/305
f 2075/2499/2499 2203/2507/2507 1833/306/306
f 1754/2303/2303 1835/305/305 1893/2495/2495
f 1834/2419/2419 1836/2305/2305 1831/2417/2417
f 1754/2303/2303 1836/2305/2305 1835/305/305
f 1647/1972/1972 1829/2118/2118 1838/2117/2117
f 1837/1559/1559 1755/2420/2420 1840/1560/1560
f 1755/2420/2420 1837/1559/1559 1838/2117/2117
f 1647/1972/1972 1838/2117/2117 1837/1559/1559
f 1829/2118/2118 1893/2495/2495 1646/2116/2116
f 1839/2306/2306 200/2508/2508 1898/2421/2421
f 1911/2509/2509 1900/1341/1341 1898/2421/2421
f 1458/1564/1564 1841/1340/1340 227/1565/1565
f 1297/1561/1561 1841/1340/1340 1458/1564/1564
f 1900/1341/1341 1899/2510/2510 1901/1342/1342
f 1843/2317/2317 1842/2314/2314 1666/606/606
f 1845/2426/2426 1842/2314/2314 1996/2511/2511
f 1663/605/605 1843/2317/2317 1666/606/606
f 1661/2312/2312 204/2318/2318 1847/2512/2512
f 1997/2513/2513 1847/2512/2512 1859/2514/2514
f 1929/2170/2170 2050/2515/2515 1996/2511/2511
f 1996/2511/2511 1842/2314/2314 1763/2316/2316
f 1845/2426/2426 1915/2325/2325 1846/2327/2327
f 4343/2516/2516 4338/2517/2517 4248/2518/2518
f 4246/2519/2519 1920/2520/2520 1846/2327/2327
f 1763/2316/2316 1843/2317/2317 1847/2512/2512
f 1661/2312/2312 1847/2512/2512 1843/2317/2317
f 1919/695/695 1666/606/606 1665/2315/2315
f 4223/2521/2521 3180/2121/2121 1764/2522/2522
f 1556/904/904 1849/2201/2201 1554/2212/2212
f 3178/2160/2160 4158/2159/2159 1766/2211/2211
f 282/2056/2056 1850/2148/2148 1491/647/647
f 1851/2162/2162 1769/2155/2155 1496/2157/2157
f 1851/2162/2162 1497/2150/2150 1494/2147/2147
f 1769/2155/2155 1851/2162/2162 1850/2148/2148
f 3040/2523/2523 3069/2434/2434 4147/2524/2524
f 1991/2525/2525 1923/2526/2526 1924/2168/2168
f 1500/2440/2440 1993/2438/2438 2087/2527/2527
f 1853/2528/2528 1926/2439/2439 2048/2529/2529
f 1676/2029/2029 1854/408/408 1366/2178/2178
f 1778/409/409 1854/408/408 1674/2332/2332
f 1777/2330/2330 4152/2441/2441 4154/2530/2530
f 1855/2443/2443 1776/2531/2531 1856/2444/2444
f 1994/2320/2320 1858/2319/2319 1995/2532/2532
f 1858/2319/2319 1857/2321/2321 1780/2425/2425
f 1678/2337/2337 1780/2425/2425 1857/2321/2321
f 1858/2319/2319 1780/2425/2425 1856/2444/2444
f 1995/2532/2532 1856/2444/2444 1776/2531/2531
f 1859/2514/2514 1847/2512/2512 204/2318/2318
f 1998/2171/2171 1994/2320/2320 1928/2533/2533
f 1997/2513/2513 1929/2170/2170 1996/2511/2511
f 1783/2189/2189 1860/2047/2047 1526/1853/1853
f 1861/2349/2349 1860/2047/2047 1782/2446/2446
f 1861/2349/2349 1704/2351/2351 1862/2354/2354
f 2872/2534/2534 1782/2446/2446 2871/2445/2445
f 1704/2351/2351 1702/2356/2356 1862/2354/2354
f 1193/2183/2183 1862/2354/2354 1702/2356/2356
f 2091/147/147 1863/443/443 2005/2535/2535
f 2302/2536/2536 2301/442/442 2091/147/147
f 1866/2537/2537 1867/2462/2462 1865/2538/2538
f 1864/426/426 1801/425/425 1866/2537/2537
f 3199/2539/2539 1865/2538/2538 3200/2540/2540
f 2007/2541/2541 1936/2542/2542 2012/2543/2543
f 1867/2462/2462 1866/2537/2537 1801/425/425
f 2011/2465/2465 1864/426/426 3198/2544/2544
f 1868/2461/2461 1867/2462/2462 1801/425/425
f 1867/2462/2462 1796/2463/2463 3200/2540/2540
f 1802/2370/2370 1868/2461/2461 1801/425/425
f 1868/2461/2461 1797/1874/1874 4345/2545/2545
f 2011/2465/2465 2056/2233/2233 1414/2464/2464
f 2121/2546/2546 1931/2249/2249 1869/2372/2372
f 1937/2547/2547 1938/459/459 2052/2548/2548
f 1594/2252/2252 1935/457/457 191/707/707
f 1803/1470/1470 1871/2248/2248 1415/2230/2230
f 1869/2372/2372 1871/2248/2248 1715/2373/2373
f 2128/2549/2549 2241/2550/2550 2132/2551/2551
f 1942/2552/2552 2127/2220/2220 2014/234/234
f 1744/2391/2391 1873/1442/1442 1741/2403/2403
f 1874/1440/1440 1873/1442/1442 1610/2265/2265
f 1745/2264/2264 1613/2408/2408 1874/1440/1440
f 1943/1423/1423 1874/1440/1440 1613/2408/2408
f 207/1422/1422 1948/2383/2383 1816/1441/1441
f 1948/2383/2383 1875/2477/2477 1816/1441/1441
f 1819/2390/2390 1876/2388/2388 1742/368/368
f 1877/2395/2395 1876/2388/2388 1818/2480/2480
f 2482/412/412 2484/2553/2553 2487/2554/2554
f 2507/2400/2400 2535/2555/2555 1738/2401/2401
f 1879/1960/1960 1276/599/599 1066/366/366
f 1820/1961/1961 2585/2556/2556 1880/1153/1153
f 1066/366/366 1742/368/368 1879/1960/1960
f 1881/2407/2407 1879/1960/1960 1742/368/368
f 562/600/600 1878/1325/1325 1880/1153/1153
f 1820/1961/1961 1880/1153/1153 1878/1325/1325
f 2577/2485/2485 1881/2407/2407 1740/2389/2389
f 1879/1960/1960 1881/2407/2407 1820/1961/1961
f 2067/2557/2557 2140/2558/2558 2246/2559/2559
f 2245/2560/2560 1889/2561/2561 1887/2562/2562
f 1884/342/342 1883/2112/2112 1749/1748/1748
f 1826/2273/2273 1883/2112/2112 1825/2416/2416
f 1950/2270/2270 1888/2563/2563 1616/2410/2410
f 1889/2561/2561 1885/2564/2564 1886/2397/2397
f 2024/313/313 2020/2565/2565 2025/2566/2566
f 2017/2567/2567 2021/2568/2568 2026/2569/2569
f 1884/342/342 1887/2562/2562 1889/2561/2561
f 2019/2570/2570 1886/2397/2397 2020/2565/2565
f 1888/2563/2563 1884/342/342 1749/1748/1748
f 1951/2571/2571 1882/2271/2271 2085/2572/2572
f 1616/2410/2410 1888/2563/2563 1749/1748/1748
f 1887/2562/2562 1884/342/342 1888/2563/2563
f 1884/342/342 1889/2561/2561 1886/2397/2397
f 1887/2562/2562 1951/2571/2571 2245/2560/2560
f 2017/2567/2567 1890/344/344 199/343/343
f 1827/2493/2493 1825/2416/2416 1890/344/344
f 2028/2115/2115 2062/2573/2573 1891/1546/1546
f 2029/2279/2279 2167/2299/2299 2068/2574/2574
f 1962/2500/2500 1964/2575/2575 1968/2576/2576
f 1897/2505/2505 1646/2116/2116 1893/2495/2495
f 1894/2577/2577 1835/305/305 1955/304/304
f 1893/2495/2495 1835/305/305 1894/2577/2577
f 1956/2578/2578 1896/1575/1575 1957/2504/2504
f 1957/2504/2504 1892/2579/2579 1956/2578/2578
f 1892/2579/2579 1958/2501/2501 1956/2578/2578
f 2138/2491/2491 2067/2557/2557 2141/2580/2580
f 1976/1573/1573 1896/1575/1575 1895/2411/2411
f 1897/2505/2505 1839/2306/2306 1646/2116/2116
f 1957/2504/2504 1893/2495/2495 1894/2577/2577
f 1897/2505/2505 1896/1575/1575 1979/1574/1574
f 1908/1580/1580 1907/1572/1572 1906/2581/2581
f 1840/1560/1560 1900/1341/1341 1841/1340/1340
f 1910/2582/2582 1898/2421/2421 200/2508/2508
f 1902/1346/1346 1986/1347/1347 1901/1342/1342
f 1840/1560/1560 1755/2420/2420 1900/1341/1341
f 1898/2421/2421 1900/1341/1341 1755/2420/2420
f 1902/1346/1346 1901/1342/1342 1899/2510/2510
f 1841/1340/1340 1901/1342/1342 227/1565/1565
f 843/1570/1570 844/814/814 1905/1571/1571
f 1987/1566/1566 1985/1078/1078 1902/1346/1346
f 1912/2583/2583 1914/2584/2584 1899/2510/2510
f 1911/2509/2509 1898/2421/2421 1910/2582/2582
f 1914/2584/2584 1904/57/57 1902/1346/1346
f 1903/2585/2585 1905/1571/1571 1988/58/58
f 1988/58/58 844/814/814 270/59/59
f 1907/1572/1572 1905/1571/1571 1989/2586/2586
f 1911/2509/2509 1912/2583/2583 1899/2510/2510
f 1981/2489/2489 1909/2587/2587 1910/2582/2582
f 1989/2586/2586 1905/1571/1571 1903/2585/2585
f 1906/2581/2581 2043/2588/2588 1908/1580/1580
f 1082/1581/1581 1908/1580/1580 842/2409/2409
f 843/1570/1570 1907/1572/1572 1908/1580/1580
f 200/2508/2508 1979/1574/1574 1982/2589/2589
f 1912/2583/2583 1913/2590/2590 1989/2586/2586
f 200/2508/2508 1982/2589/2589 1981/2489/2489
f 1911/2509/2509 1910/2582/2582 1909/2587/2587
f 1912/2583/2583 1911/2509/2509 1909/2587/2587
f 1911/2509/2509 1899/2510/2510 1900/1341/1341
f 1913/2590/2590 1912/2583/2583 1909/2587/2587
f 1912/2583/2583 1903/2585/2585 1914/2584/2584
f 2042/2591/2591 1909/2587/2587 1981/2489/2489
f 1906/2581/2581 1907/1572/1572 1989/2586/2586
f 1904/57/57 1914/2584/2584 1903/2585/2585
f 1899/2510/2510 1914/2584/2584 1902/1346/1346
f 2049/2324/2324 1915/2325/2325 1844/2442/2442
f 2046/2326/2326 1915/2325/2325 1664/2323/2323
f 4082/1786/1786 4075/1788/1788 1323/2592/2592
f 4233/2593/2593 4230/2594/2594 4232/2595/2595
f 4247/2596/2596 4245/2597/2597 4246/2519/2519
f 4246/2519/2519 4245/2597/2597 1917/2598/2598
f 1919/695/695 1918/2146/2146 1666/606/606
f 3179/2120/2120 1918/2146/2146 1848/697/697
f 1665/2315/2315 1920/2520/2520 1919/695/695
f 1920/2520/2520 1921/696/696 1919/695/695
f 1846/2327/2327 1920/2520/2520 1665/2315/2315
f 1921/696/696 1920/2520/2520 1917/2598/2598
f 4232/2595/2595 4230/2594/2594 4337/2599/2599
f 1921/696/696 1764/2522/2522 1848/697/697
f 3102/2432/2432 1922/2329/2329 1495/2429/2429
f 1924/2168/2168 1922/2329/2329 1852/2600/2600
f 2047/2601/2601 2087/2527/2527 2088/2602/2602
f 1923/2526/2526 2087/2527/2527 1993/2438/2438
f 1991/2525/2525 1924/2168/2168 1852/2600/2600
f 1993/2438/2438 1924/2168/2168 1923/2526/2526
f 1926/2439/2439 1925/2331/2331 1673/2174/2174
f 1925/2331/2331 1853/2528/2528 4152/2441/2441
f 1500/2440/2440 2087/2527/2527 2048/2529/2529
f 1925/2331/2331 1926/2439/2439 1853/2528/2528
f 1781/2335/2335 1927/2336/2336 1780/2425/2425
f 1855/2443/2443 1927/2336/2336 1779/410/410
f 3027/2603/2603 3081/2604/2604 3068/2437/2437
f 1998/2171/2171 1859/2514/2514 1994/2320/2320
f 1998/2171/2171 1929/2170/2170 1997/2513/2513
f 2050/2515/2515 1929/2170/2170 2001/2169/2169
f 1799/1875/1875 2003/2460/2460 2002/1670/1670
f 4354/2605/2605 1796/2463/2463 4345/2545/2545
f 1933/2253/2253 1931/2249/2249 1805/2606/2606
f 1807/2075/2075 1931/2249/2249 1806/2250/2250
f 1591/2247/2247 1932/2069/2069 1589/2251/2251
f 1933/2253/2253 1932/2069/2069 1806/2250/2250
f 1931/2249/2249 1933/2253/2253 1806/2250/2250
f 2008/2607/2607 1933/2253/2253 1805/2606/2606
f 2096/2608/2608 3217/2609/2609 2099/2610/2610
f 3331/2611/2611 3313/2612/2612 3327/2613/2613
f 1932/2069/2069 1935/457/457 1589/2251/2251
f 1938/459/459 1939/2614/2614 2052/2548/2548
f 3304/2615/2615 3305/2616/2616 3302/2617/2617
f 1940/706/706 1935/457/457 1938/459/459
f 2008/2607/2607 1938/459/459 1870/458/458
f 2012/2543/2543 1941/2618/2618 1937/2547/2547
f 1870/458/458 1933/2253/2253 2008/2607/2607
f 1938/459/459 1937/2547/2547 1940/706/706
f 1931/2249/2249 2121/2546/2546 1805/2606/2606
f 2007/2541/2541 2052/2548/2548 2120/2619/2619
f 1940/706/706 1937/2547/2547 1941/2618/2618
f 2115/2620/2620 2101/2621/2621 2106/2622/2622
f 2103/2623/2623 2100/2624/2624 2101/2621/2621
f 2101/2621/2621 2058/2625/2625 2106/2622/2622
f 2014/234/234 2059/2077/2077 2015/252/252
f 2124/2379/2379 2126/2626/2626 1942/2552/2552
f 670/1436/1436 672/1421/1421 2665/1438/1438
f 1816/1441/1441 1943/1423/1423 207/1422/1422
f 235/1629/1629 2660/2627/2627 2656/1413/1413
f 2656/1413/1413 2659/1434/1434 662/1426/1426
f 1943/1423/1423 2683/1429/1429 1946/1424/1424
f 2662/2628/2628 2684/2629/2629 1944/2630/2630
f 2683/1429/1429 1943/1423/1423 1613/2408/2408
f 1946/1424/1424 1945/2631/2631 2672/2632/2632
f 1817/2633/2633 2496/2405/2405 1947/2266/2266
f 1741/2403/2403 1875/2477/2477 1947/2266/2266
f 2672/2632/2632 1945/2631/2631 2677/632/632
f 2672/2632/2632 2671/2384/2384 207/1422/1422
f 1747/1747/1747 1949/2110/2110 1616/2410/2410
f 2086/2634/2634 1949/2110/2110 842/2409/2409
f 1951/2571/2571 1950/2270/2270 1882/2271/2271
f 1888/2563/2563 1950/2270/2270 1887/2562/2562
f 1824/2635/2635 2139/2636/2636 2245/2560/2560
f 1950/2270/2270 1951/2571/2571 1887/2562/2562
f 1890/344/344 2017/2567/2567 2063/2494/2494
f 2028/2115/2115 2029/2279/2279 2068/2574/2574
f 2028/2115/2115 1952/2114/2114 2062/2573/2573
f 1753/2277/2277 1953/2276/2276 2068/2574/2574
f 1954/2113/2113 1624/2280/2280 2016/2285/2285
f 1622/2274/2274 1954/2113/2113 1953/2276/2276
f 2203/2507/2507 1955/304/304 1833/306/306
f 1894/2577/2577 1955/304/304 1892/2579/2579
f 1958/2501/2501 1892/2579/2579 1832/2637/2637
f 1895/2411/2411 1896/1575/1575 1956/2578/2578
f 1897/2505/2505 1957/2504/2504 1896/1575/1575
f 1892/2579/2579 1957/2504/2504 1894/2577/2577
f 2039/2638/2638 1967/337/337 1975/1761/1761
f 1958/2501/2501 1832/2637/2637 1960/2502/2502
f 2144/2639/2639 1966/2640/2640 2143/2641/2641
f 1968/2576/2576 1956/2578/2578 1958/2501/2501
f 2074/2642/2642 2038/1762/1762 1975/1761/1761
f 1962/2500/2500 1960/2502/2502 1963/2643/2643
f 1961/2644/2644 1962/2500/2500 1963/2643/2643
f 2139/2636/2636 2140/2558/2558 2067/2557/2557
f 1963/2643/2643 1960/2502/2502 1959/2645/2645
f 1964/2575/2575 1962/2500/2500 1961/2644/2644
f 1967/337/337 1970/2413/2413 1966/2640/2640
f 1963/2643/2643 1959/2645/2645 1966/2640/2640
f 1983/2412/2412 1984/2646/2646 1980/2487/2487
f 1968/2576/2576 1895/2411/2411 1956/2578/2578
f 1966/2640/2640 1970/2413/2413 1965/2415/2415
f 1966/2640/2640 1965/2415/2415 2143/2641/2641
f 1967/337/337 1966/2640/2640 1959/2645/2645
f 2072/2647/2647 2249/2648/2648 1965/2415/2415
f 1959/2645/2645 1960/2502/2502 1975/1761/1761
f 1967/337/337 185/339/339 1970/2413/2413
f 1962/2500/2500 1968/2576/2576 1958/2501/2501
f 1895/2411/2411 1968/2576/2576 1964/2575/2575
f 2079/2649/2649 2206/2098/2098 2211/2650/2650
f 2033/2651/2651 2183/2652/2652 1971/2653/2653
f 1973/2414/2414 2031/791/791 2032/2654/2654
f 185/339/339 2031/791/791 1970/2413/2413
f 2197/2655/2655 2035/2656/2656 2034/2657/2657
f 2418/2658/2658 2424/2659/2659 2426/2660/2660
f 1972/2661/2661 2032/2654/2654 2035/2656/2656
f 1973/2414/2414 2072/2647/2647 1965/2415/2415
f 2179/2662/2662 2178/792/792 185/339/339
f 2195/2663/2663 2072/2647/2647 1973/2414/2414
f 1975/1761/1761 1967/337/337 1959/2645/2645
f 2333/2664/2664 2256/2665/2665 2329/2666/2666
f 2074/2642/2642 1960/2502/2502 1832/2637/2637
f 2039/2638/2638 1975/1761/1761 1969/1763/1763
f 1980/2487/2487 1982/2589/2589 1983/2412/2412
f 1976/1573/1573 1982/2589/2589 1979/1574/1574
f 1895/2411/2411 1964/2575/2575 1978/2667/2667
f 1824/2635/2635 1951/2571/2571 2085/2572/2572
f 1961/2644/2644 2250/2668/2668 1964/2575/2575
f 2248/2669/2669 2143/2641/2641 2249/2648/2648
f 200/2508/2508 1839/2306/2306 1979/1574/1574
f 1979/1574/1574 1839/2306/2306 1897/2505/2505
f 2044/2670/2670 2041/2488/2488 1980/2487/2487
f 1981/2489/2489 1910/2582/2582 200/2508/2508
f 2044/2670/2670 2040/2671/2671 2041/2488/2488
f 2041/2488/2488 2042/2591/2591 1981/2489/2489
f 1983/2412/2412 1982/2589/2589 1976/1573/1573
f 1981/2489/2489 1982/2589/2589 1980/2487/2487
f 1895/2411/2411 1978/2667/2667 1983/2412/2412
f 1984/2646/2646 1983/2412/2412 1978/2667/2667
f 1978/2667/2667 2145/2672/2672 2247/2673/2673
f 1984/2646/2646 1977/2674/2674 2044/2670/2670
f 581/1079/1079 1985/1078/1078 579/1344/1344
f 583/1080/1080 834/1345/1345 1986/1347/1347
f 1986/1347/1347 227/1565/1565 1901/1342/1342
f 583/1080/1080 1986/1347/1347 1985/1078/1078
f 1985/1078/1078 1987/1566/1566 579/1344/1344
f 1902/1346/1346 1904/57/57 1987/1566/1566
f 1903/2585/2585 1988/58/58 1904/57/57
f 844/814/814 1988/58/58 1905/1571/1571
f 1912/2583/2583 1989/2586/2586 1903/2585/2585
f 1906/2581/2581 1989/2586/2586 1913/2590/2590
f 4338/2517/2517 4339/2675/2675 4248/2518/2518
f 4325/2676/2676 4247/2596/2596 1916/2677/2677
f 3101/2678/2678 1991/2525/2525 1852/2600/2600
f 2088/2602/2602 1991/2525/2525 1770/2679/2679
f 2975/2680/2680 2860/2198/2198 2967/2681/2681
f 1844/2442/2442 1996/2511/2511 2050/2515/2515
f 1773/2173/2173 1993/2438/2438 1500/2440/2440
f 1924/2168/2168 1993/2438/2438 1771/2167/2167
f 204/2318/2318 1994/2320/2320 1859/2514/2514
f 1995/2532/2532 1858/2319/2319 1856/2444/2444
f 3088/2682/2682 1995/2532/2532 1776/2531/2531
f 1994/2320/2320 1995/2532/2532 1928/2533/2533
f 1845/2426/2426 1996/2511/2511 1844/2442/2442
f 1997/2513/2513 1996/2511/2511 1763/2316/2316
f 1847/2512/2512 1997/2513/2513 1763/2316/2316
f 1998/2171/2171 1997/2513/2513 1859/2514/2514
f 2001/2169/2169 3089/2683/2683 2000/2684/2684
f 3010/2685/2685 3070/2686/2686 3065/2687/2687
f 1776/2531/2531 3093/2688/2688 3088/2682/2682
f 2993/2689/2689 2995/2690/2690 2986/2691/2691
f 1998/2171/2171 1928/2533/2533 3087/2692/2692
f 3098/2693/2693 2090/2694/2694 2000/2684/2684
f 3089/2683/2683 2001/2169/2169 1998/2171/2171
f 2050/2515/2515 2001/2169/2169 2000/2684/2684
f 2003/2460/2460 1799/1875/1875 188/2226/2226
f 2002/1670/1670 4346/1669/1669 4345/2545/2545
f 2004/1877/1877 188/2226/2226 2801/1878/1878
f 2003/2460/2460 188/2226/2226 2004/1877/1877
f 2093/2058/2058 1402/1466/1466 958/1468/1468
f 2004/1877/1877 2005/2535/2535 2006/2458/2458
f 2093/2058/2058 2004/1877/1877 1209/1876/1876
f 2296/2695/2695 2094/148/148 2095/2696/2696
f 2004/1877/1877 2006/2458/2458 2003/2460/2460
f 1863/443/443 2006/2458/2458 2005/2535/2535
f 2008/2607/2607 2230/2697/2697 1939/2614/2614
f 1936/2542/2542 2007/2541/2541 2096/2608/2608
f 2230/2697/2697 2008/2607/2607 1805/2606/2606
f 1938/459/459 2008/2607/2607 1939/2614/2614
f 3196/2698/2698 2010/2699/2699 3197/2700/2700
f 3212/2701/2701 3195/2702/2702 3202/2703/2703
f 1866/2537/2537 1865/2538/2538 3198/2544/2544
f 3197/2700/2700 3199/2539/2539 3201/2704/2704
f 3198/2544/2544 1864/426/426 1866/2537/2537
f 2010/2699/2699 2057/2234/2234 2056/2233/2233
f 2012/2543/2543 1937/2547/2547 2052/2548/2548
f 2103/2623/2623 2012/2543/2543 1936/2542/2542
f 3302/2617/2617 2058/2625/2625 2100/2624/2624
f 2317/2705/2705 2316/2706/2706 2318/2707/2707
f 2014/234/234 1724/233/233 2059/2077/2077
f 2127/2220/2220 1942/2552/2552 2126/2626/2626
f 2123/2708/2708 2320/2376/2376 2319/2709/2709
f 2134/251/251 2061/1916/1916 2124/2379/2379
f 1828/2284/2284 2016/2285/2285 1624/2280/2280
f 2063/2494/2494 2016/2285/2285 1827/2493/2493
f 2019/2570/2570 199/343/343 1886/2397/2397
f 2021/2568/2568 199/343/343 2019/2570/2570
f 2018/312/312 2019/2570/2570 2020/2565/2565
f 2148/2710/2710 2062/2573/2573 2017/2567/2567
f 2020/2565/2565 1886/2397/2397 1885/2564/2564
f 2021/2568/2568 2019/2570/2570 2018/312/312
f 2027/2490/2490 2065/2492/2492 2025/2566/2566
f 2020/2565/2565 1885/2564/2564 2025/2566/2566
f 2064/2711/2711 3215/2712/2712 2136/314/314
f 199/343/343 2021/2568/2568 2017/2567/2567
f 2045/2713/2713 3307/2714/2714 2141/2580/2580
f 2065/2492/2492 2066/2715/2715 2244/2716/2716
f 2018/312/312 2020/2565/2565 2024/313/313
f 2023/2717/2717 2153/2718/2718 2150/2719/2719
f 2198/2720/2720 2036/2721/2721 2199/2722/2722
f 3214/2723/2723 2023/2717/2717 2149/2724/2724
f 2025/2566/2566 1885/2564/2564 2027/2490/2490
f 2024/313/313 2025/2566/2566 2022/2725/2725
f 3215/2712/2712 2021/2568/2568 2018/312/312
f 2069/2726/2726 2146/1548/1548 2147/1547/1547
f 2245/2560/2560 1885/2564/2564 1889/2561/2561
f 2138/2491/2491 2139/2636/2636 2067/2557/2557
f 2028/2115/2115 1891/1546/1546 2029/2279/2279
f 1954/2113/2113 2028/2115/2115 1953/2276/2276
f 2146/1548/1548 2029/2279/2279 1891/1546/1546
f 2167/2299/2299 2165/2278/2278 2166/2294/2294
f 1974/338/338 2328/2727/2727 2179/2662/2662
f 2180/2728/2728 2070/2729/2729 2189/2730/2730
f 2032/2654/2654 2031/791/791 2030/793/793
f 1973/2414/2414 1970/2413/2413 2031/791/791
f 2033/2651/2651 2032/2654/2654 2030/793/793
f 1973/2414/2414 2032/2654/2654 1972/2661/2661
f 2344/2731/2731 2418/2658/2658 2342/656/656
f 1971/2653/2653 2260/2732/2732 2033/2651/2651
f 2421/2733/2733 1971/2653/2653 2183/2652/2652
f 2034/2657/2657 2260/2732/2732 2194/2734/2734
f 2032/2654/2654 2033/2651/2651 2035/2656/2656
f 2033/2651/2651 2034/2657/2657 2035/2656/2656
f 2197/2655/2655 2073/2735/2735 2196/2736/2736
f 2066/2715/2715 2065/2492/2492 1748/2737/2737
f 2038/1762/1762 2082/2498/2498 2084/2738/2738
f 2292/2739/2739 2294/2740/2740 2288/2741/2741
f 2202/2742/2742 2203/2507/2507 2075/2499/2499
f 2202/2742/2742 2075/2499/2499 2082/2498/2498
f 2329/2666/2666 2039/2638/2638 1969/1763/1763
f 1967/337/337 2039/2638/2638 1974/338/338
f 2043/2588/2588 2086/2634/2634 842/2409/2409
f 2042/2591/2591 2043/2588/2588 1906/2581/2581
f 2085/2572/2572 2086/2634/2634 2040/2671/2671
f 1913/2590/2590 2042/2591/2591 1906/2581/2581
f 2042/2591/2591 1913/2590/2590 1909/2587/2587
f 2043/2588/2588 2042/2591/2591 2041/2488/2488
f 2040/2671/2671 2043/2588/2588 2041/2488/2488
f 2043/2588/2588 842/2409/2409 1908/1580/1580
f 1984/2646/2646 2044/2670/2670 1980/2487/2487
f 2040/2671/2671 2044/2670/2670 1977/2674/2674
f 1984/2646/2646 1978/2667/2667 2247/2673/2673
f 2145/2672/2672 1978/2667/2667 2250/2668/2668
f 4339/2675/2675 2046/2326/2326 1664/2323/2323
f 2046/2326/2326 1990/2743/2743 4247/2596/2596
f 1923/2526/2526 1991/2525/2525 2088/2602/2602
f 4153/2744/2744 3090/2745/2745 4152/2441/2441
f 1500/2440/2440 2048/2529/2529 1926/2439/2439
f 2047/2601/2601 4155/2746/2746 2048/2529/2529
f 4339/2675/2675 4340/2747/2747 4248/2518/2518
f 2049/2324/2324 1664/2323/2323 1915/2325/2325
f 2090/2694/2694 2050/2515/2515 2000/2684/2684
f 2049/2324/2324 1844/2442/2442 2050/2515/2515
f 2296/2695/2695 2217/2748/2748 2306/1679/1679
f 2444/2749/2749 2303/2750/2750 2299/2751/2751
f 2120/2619/2619 2052/2548/2548 1939/2614/2614
f 2012/2543/2543 2052/2548/2548 2007/2541/2541
f 2096/2608/2608 2007/2541/2541 2097/2752/2752
f 2009/2753/2753 2057/2234/2234 3196/2698/2698
f 2230/2697/2697 2055/2235/2235 2122/2754/2754
f 3208/2755/2755 3231/2756/2756 3212/2701/2701
f 2056/2233/2233 1869/2372/2372 1414/2464/2464
f 2055/2235/2235 2057/2234/2234 2122/2754/2754
f 2010/2699/2699 2056/2233/2233 2011/2465/2465
f 2056/2233/2233 2055/2235/2235 2121/2546/2546
f 3198/2544/2544 3197/2700/2700 2010/2699/2699
f 2057/2234/2234 2009/2753/2753 2122/2754/2754
f 2099/2610/2610 1936/2542/2542 2096/2608/2608
f 2228/2757/2757 2226/2758/2758 2227/1936/1936
f 1727/1694/1694 2059/2077/2077 1724/233/233
f 2231/2380/2380 2059/2077/2077 1723/2078/2078
f 4194/2759/2759 2060/2760/2760 4189/2761/2761
f 2236/2762/2762 4200/2763/2763 4211/2764/2764
f 2015/252/252 2231/2380/2380 2232/2765/2765
f 2235/1918/1918 1872/2378/2378 2061/1916/1916
f 2063/2494/2494 2062/2573/2573 1952/2114/2114
f 2148/2710/2710 2017/2567/2567 2026/2569/2569
f 1890/344/344 2063/2494/2494 1827/2493/2493
f 2062/2573/2573 2063/2494/2494 2017/2567/2567
f 2022/2725/2725 2243/2766/2766 2024/313/313
f 2152/2767/2767 2153/2718/2718 2156/2768/2768
f 1748/2737/2737 2141/2580/2580 3307/2714/2714
f 2025/2566/2566 2065/2492/2492 2022/2725/2725
f 2036/2721/2721 2072/2647/2647 2199/2722/2722
f 2137/2769/2769 2243/2766/2766 2244/2716/2716
f 1824/2635/2635 2085/2572/2572 2140/2558/2558
f 2045/2713/2713 2141/2580/2580 2067/2557/2557
f 1753/2277/2277 2068/2574/2574 1620/2288/2288
f 2028/2115/2115 2068/2574/2574 1953/2276/2276
f 2069/2726/2726 2147/1547/1547 2150/2719/2719
f 1640/2300/2300 2415/1835/1835 1643/1838/1838
f 2256/2665/2665 2330/2770/2770 2328/2727/2727
f 2188/2771/2771 2193/2772/2772 2181/1326/1326
f 2498/2773/2773 2499/2402/2402 1738/2401/2401
f 2160/2774/2774 2159/2775/2775 2158/2776/2776
f 2195/2663/2663 1973/2414/2414 1972/2661/2661
f 3306/2777/2777 2036/2721/2721 2201/2778/2778
f 2194/2734/2734 2351/2779/2779 2262/2780/2780
f 2475/2781/2781 2477/2782/2782 2465/2783/2783
f 1960/2502/2502 2074/2642/2642 1975/1761/1761
f 2202/2742/2742 2074/2642/2642 1832/2637/2637
f 1833/306/306 1834/2419/2419 2077/2503/2503
f 1833/306/306 2078/2497/2497 2075/2499/2499
f 2269/803/803 2265/1759/1759 201/2784/2784
f 2264/2785/2785 2206/2098/2098 2204/2786/2786
f 1091/2418/2418 2077/2503/2503 1834/2419/2419
f 2077/2503/2503 2076/2787/2787 2078/2497/2497
f 2078/2497/2497 2076/2787/2787 2081/2788/2788
f 2078/2497/2497 2081/2788/2788 2082/2498/2498
f 2204/2786/2786 2206/2098/2098 2079/2649/2649
f 2079/2649/2649 2211/2650/2650 2216/2789/2789
f 2206/2098/2098 2264/2785/2785 2205/2099/2099
f 2083/2790/2790 2082/2498/2498 2080/2791/2791
f 2081/2788/2788 2076/2787/2787 2207/2792/2792
f 2082/2498/2498 2081/2788/2788 2080/2791/2791
f 2080/2791/2791 2204/2786/2786 2083/2790/2790
f 2082/2498/2498 2038/1762/1762 2202/2742/2742
f 2257/2793/2793 2083/2790/2790 2334/2794/2794
f 2038/1762/1762 2084/2738/2738 1969/1763/1763
f 2082/2498/2498 2083/2790/2790 2084/2738/2738
f 2084/2738/2738 2083/2790/2790 2257/2793/2793
f 1882/2271/2271 1949/2110/2110 2086/2634/2634
f 2140/2558/2558 2085/2572/2572 2040/2671/2671
f 2040/2671/2671 2086/2634/2634 2043/2588/2588
f 1882/2271/2271 2086/2634/2634 2085/2572/2572
f 2088/2602/2602 2087/2527/2527 1923/2526/2526
f 2048/2529/2529 2087/2527/2527 2047/2601/2601
f 3041/2795/2795 3025/2796/2796 3040/2523/2523
f 4155/2746/2746 2089/2797/2797 1992/2435/2435
f 2047/2601/2601 2088/2602/2602 2089/2797/2797
f 3025/2796/2796 3023/2798/2798 2089/2797/2797
f 3185/2799/2799 2090/2694/2694 1999/2800/2800
f 2050/2515/2515 2090/2694/2694 2049/2324/2324
f 2092/2059/2059 2091/147/147 2005/2535/2535
f 2301/442/442 2302/2536/2536 2300/2801/2801
f 2005/2535/2535 2004/1877/1877 2093/2058/2058
f 2296/2695/2695 2297/2802/2802 2217/2748/2748
f 1402/1466/1466 2093/2058/2058 1209/1876/1876
f 2005/2535/2535 2093/2058/2058 2092/2059/2059
f 2091/147/147 2092/2059/2059 2094/148/148
f 2218/2803/2803 2092/2059/2059 958/1468/1468
f 2218/2803/2803 2094/148/148 2092/2059/2059
f 958/1468/1468 1206/1467/1467 2220/1873/1873
f 2007/2541/2541 2120/2619/2619 2097/2752/2752
f 3217/2609/2609 2098/2804/2804 2099/2610/2610
f 3237/2466/2466 3230/2805/2805 2009/2753/2753
f 2096/2608/2608 2097/2752/2752 3228/2806/2806
f 3712/2807/2807 1934/2808/2808 3728/2809/2809
f 2099/2610/2610 2100/2624/2624 1936/2542/2542
f 3217/2609/2609 2096/2608/2608 2053/2810/2810
f 2100/2624/2624 2099/2610/2610 2098/2804/2804
f 3729/2811/2811 3303/2812/2812 3712/2807/2807
f 2100/2624/2624 2058/2625/2625 2101/2621/2621
f 2222/1938/1938 2102/1937/1937 2117/2813/2813
f 2103/2623/2623 2101/2621/2621 1941/2618/2618
f 2317/2705/2705 2318/2707/2707 2102/1937/1937
f 2110/287/287 1940/706/706 2111/285/285
f 2012/2543/2543 2103/2623/2623 1941/2618/2618
f 2100/2624/2624 2103/2623/2623 1936/2542/2542
f 2106/2622/2622 2058/2625/2625 2114/2814/2814
f 2229/2815/2815 2105/2816/2816 2312/2817/2817
f 2105/2816/2816 2112/2254/2254 2312/2817/2817
f 2308/2245/2245 2108/2818/2818 2307/2819/2819
f 3305/2616/2616 2109/2820/2820 2114/2814/2814
f 2116/2821/2821 2111/285/285 2115/2620/2620
f 2116/2821/2821 2104/2822/2822 2117/2813/2813
f 2105/2816/2816 2108/2818/2818 2119/2823/2823
f 1594/2252/2252 191/707/707 2118/2255/2255
f 2307/2819/2819 2108/2818/2818 2105/2816/2816
f 1256/1713/1713 2389/1933/1933 2398/1940/1940
f 2114/2814/2814 2225/2824/2824 2106/2622/2622
f 2111/285/285 1940/706/706 1941/2618/2618
f 2110/287/287 2107/286/286 2313/2825/2825
f 2115/2620/2620 1941/2618/2618 2101/2621/2621
f 2106/2622/2622 2116/2821/2821 2115/2620/2620
f 2409/2826/2826 2117/2813/2813 2102/1937/1937
f 2113/2241/2241 1592/2240/2240 2119/2823/2823
f 2119/2823/2823 1592/2240/2240 2118/2255/2255
f 2308/2245/2245 2113/2241/2241 2108/2818/2818
f 2058/2625/2625 3302/2617/2617 3305/2616/2616
f 2109/2820/2820 2223/2827/2827 2225/2824/2824
f 2116/2821/2821 2106/2622/2622 2104/2822/2822
f 1941/2618/2618 2115/2620/2620 2111/285/285
f 2104/2822/2822 2222/1938/1938 2117/2813/2813
f 2107/286/286 2111/285/285 2116/2821/2821
f 2314/2828/2828 2117/2813/2813 2409/2826/2826
f 2107/286/286 2116/2821/2821 2117/2813/2813
f 2119/2823/2823 2118/2255/2255 2112/2254/2254
f 1592/2240/2240 1594/2252/2252 2118/2255/2255
f 2105/2816/2816 2119/2823/2823 2112/2254/2254
f 2113/2241/2241 2119/2823/2823 2108/2818/2818
f 2230/2697/2697 2120/2619/2619 1939/2614/2614
f 2097/2752/2752 2120/2619/2619 2054/2829/2829
f 2056/2233/2233 2121/2546/2546 1869/2372/2372
f 2230/2697/2697 2121/2546/2546 2055/2235/2235
f 3230/2805/2805 2122/2754/2754 2009/2753/2753
f 2054/2829/2829 2120/2619/2619 2230/2697/2697
f 3160/1901/1901 192/2830/2830 3162/1899/1899
f 2233/2831/2831 2232/2765/2765 2123/2708/2708
f 2124/2379/2379 2457/2832/2832 2126/2626/2626
f 2134/251/251 2124/2379/2379 1942/2552/2552
f 2453/2833/2833 2454/2834/2834 2455/2835/2835
f 2366/2836/2836 2367/219/219 2374/2837/2837
f 2457/2832/2832 2124/2379/2379 1872/2378/2378
f 1564/1893/1893 2132/2551/2551 2133/2221/2221
f 2241/2550/2550 2130/2256/2256 2131/2838/2838
f 1226/2060/2060 2129/2219/2219 2132/2551/2551
f 992/235/235 2127/2220/2220 2130/2256/2256
f 2127/2220/2220 2126/2626/2626 2131/2838/2838
f 1596/2079/2079 2129/2219/2219 1728/2218/2218
f 2132/2551/2551 2129/2219/2219 2128/2549/2549
f 2131/2838/2838 2130/2256/2256 2127/2220/2220
f 2128/2549/2549 2129/2219/2219 2239/2257/2257
f 2126/2626/2626 2240/2839/2839 2131/2838/2838
f 2242/2840/2840 2133/2221/2221 2241/2550/2550
f 2128/2549/2549 2130/2256/2256 2241/2550/2550
f 1226/2060/2060 2132/2551/2551 1564/1893/1893
f 2131/2838/2838 2240/2839/2839 2242/2840/2840
f 2133/2221/2221 2368/2841/2841 1711/1894/1894
f 2014/234/234 2134/251/251 1942/2552/2552
f 2232/2765/2765 2134/251/251 2015/252/252
f 2134/251/251 2232/2765/2765 2061/1916/1916
f 2234/1917/1917 2236/2762/2762 2135/2842/2842
f 2436/2843/2843 2136/314/314 2024/313/313
f 3215/2712/2712 2064/2711/2711 3214/2723/2723
f 2435/2844/2844 2465/2783/2783 2473/2845/2845
f 2243/2766/2766 2436/2843/2843 2024/313/313
f 2065/2492/2492 2138/2491/2491 1748/2737/2737
f 2139/2636/2636 2138/2491/2491 2027/2490/2490
f 2027/2490/2490 1885/2564/2564 2245/2560/2560
f 2140/2558/2558 2139/2636/2636 1824/2635/2635
f 2040/2671/2671 1977/2674/2674 2140/2558/2558
f 2246/2559/2559 2140/2558/2558 1977/2674/2674
f 2045/2713/2713 2142/2846/2846 3307/2714/2714
f 2138/2491/2491 2141/2580/2580 1748/2737/2737
f 2247/2673/2673 2145/2672/2672 2045/2713/2713
f 2072/2647/2647 2036/2721/2721 2248/2669/2669
f 2045/2713/2713 2145/2672/2672 2251/2847/2847
f 1963/2643/2643 2144/2639/2639 1961/2644/2644
f 1966/2640/2640 2144/2639/2639 1963/2643/2643
f 2251/2847/2847 2143/2641/2641 2142/2846/2846
f 1961/2644/2644 2144/2639/2639 2145/2672/2672
f 2144/2639/2639 2143/2641/2641 2251/2847/2847
f 2062/2573/2573 2148/2710/2710 1891/1546/1546
f 2547/2848/2848 2069/2726/2726 2161/2849/2849
f 2149/2724/2724 2147/1547/1547 2148/2710/2710
f 2149/2724/2724 2150/2719/2719 2147/1547/1547
f 2149/2724/2724 2148/2710/2710 2026/2569/2569
f 1891/1546/1546 2148/2710/2710 2147/1547/1547
f 3214/2723/2723 2149/2724/2724 2026/2569/2569
f 2149/2724/2724 2023/2717/2717 2150/2719/2719
f 2064/2711/2711 2136/314/314 2436/2843/2843
f 2153/2718/2718 2162/2850/2850 2161/2849/2849
f 2482/412/412 2480/411/411 2478/2851/2851
f 2069/2726/2726 2150/2719/2719 2161/2849/2849
f 2153/2718/2718 2157/2852/2852 2156/2768/2768
f 2512/2853/2853 2520/2854/2854 2522/2855/2855
f 2156/2768/2768 2157/2852/2852 2154/2856/2856
f 2153/2718/2718 2152/2767/2767 2162/2850/2850
f 2464/2857/2857 2353/2858/2858 2434/2859/2859
f 2156/2768/2768 2159/2775/2775 2152/2767/2767
f 2151/2860/2860 2531/2861/2861 2526/2862/2862
f 2541/2863/2863 2538/2864/2864 187/2865/2865
f 2157/2852/2852 2153/2718/2718 2023/2717/2717
f 2473/2845/2845 2159/2775/2775 2154/2856/2856
f 3214/2723/2723 2157/2852/2852 2023/2717/2717
f 2157/2852/2852 3214/2723/2723 2474/2866/2866
f 2323/1063/1063 2433/1062/1062 2137/2769/2769
f 2477/2782/2782 2158/2776/2776 2465/2783/2783
f 2154/2856/2856 2159/2775/2775 2156/2768/2768
f 2158/2776/2776 2479/2867/2867 2160/2774/2774
f 2528/2868/2868 2151/2860/2860 2526/2862/2862
f 2152/2767/2767 2159/2775/2775 2160/2774/2774
f 2153/2718/2718 2161/2849/2849 2150/2719/2719
f 2155/2869/2869 3877/2870/2870 2547/2848/2848
f 2160/2774/2774 2528/2868/2868 2152/2767/2767
f 2161/2849/2849 2162/2850/2850 2155/2869/2869
f 2544/2871/2871 2552/2872/2872 2529/2873/2873
f 2542/2874/2874 2521/2875/2875 2523/2876/2876
f 2583/2877/2877 2548/2878/2878 2164/2879/2879
f 2172/2286/2286 2167/2299/2299 2166/2294/2294
f 2583/2877/2877 2146/1548/1548 2069/2726/2726
f 2165/2278/2278 2164/2879/2879 2166/2294/2294
f 2168/2880/2880 2164/2879/2879 2549/2881/2881
f 2166/2294/2294 2164/2879/2879 2168/2880/2880
f 2068/2574/2574 2167/2299/2299 1620/2288/2288
f 2165/2278/2278 2167/2299/2299 2029/2279/2279
f 2760/1639/1639 2761/2882/2882 2758/2883/2883
f 1635/2298/2298 1752/2290/2290 2171/2287/2287
f 2169/309/309 2172/2286/2286 2173/2295/2295
f 1644/2296/2296 2170/311/311 1640/2300/2300
f 1635/2298/2298 2170/311/311 1644/2296/2296
f 2252/310/310 2169/309/309 2173/2295/2295
f 1620/2288/2288 2171/2287/2287 1752/2290/2290
f 2170/311/311 2171/2287/2287 2169/309/309
f 2173/2295/2295 2166/2294/2294 2168/2880/2880
f 2171/2287/2287 2172/2286/2286 2169/309/309
f 2560/2884/2884 2561/2885/2885 2163/2886/2886
f 2543/2887/2887 2556/2888/2888 2553/2889/2889
f 2173/2295/2295 2175/2890/2890 2252/310/310
f 2163/2886/2886 2555/2891/2891 2560/2884/2884
f 2173/2295/2295 2168/2880/2880 2561/2885/2885
f 2176/2301/2301 1640/2300/2300 2170/311/311
f 2253/1658/1658 2176/2301/2301 2252/310/310
f 2254/2892/2892 2325/2893/2893 2253/1658/1658
f 1974/338/338 2039/2638/2638 2329/2666/2666
f 2177/2894/2894 2180/2728/2728 2178/792/792
f 185/339/339 2178/792/792 2031/791/791
f 2180/2728/2728 2177/2894/2894 2070/2729/2729
f 1974/338/338 2179/2662/2662 185/339/339
f 2177/2894/2894 2178/792/792 2179/2662/2662
f 2182/2895/2895 2184/2896/2896 2186/2897/2897
f 2180/2728/2728 2187/2898/2898 2178/792/792
f 2185/2899/2899 2189/2730/2730 2191/2900/2900
f 2343/2901/2901 2341/1327/1327 2259/2902/2902
f 2183/2652/2652 2033/2651/2651 2184/2896/2896
f 2182/2895/2895 2183/2652/2652 2184/2896/2896
f 2184/2896/2896 2033/2651/2651 2030/793/793
f 2431/2903/2903 2421/2733/2733 2183/2652/2652
f 2187/2898/2898 2030/793/793 2178/792/792
f 2187/2898/2898 2185/2899/2899 2186/2897/2897
f 2191/2900/2900 2070/2729/2729 3502/2904/2904
f 2186/2897/2897 2188/2771/2771 2182/2895/2895
f 2187/2898/2898 2186/2897/2897 2184/2896/2896
f 2188/2771/2771 2186/2897/2897 2185/2899/2899
f 2187/2898/2898 2184/2896/2896 2030/793/793
f 2187/2898/2898 2180/2728/2728 2189/2730/2730
f 2191/2900/2900 2192/2905/2905 2193/2772/2772
f 2188/2771/2771 2181/1326/1326 2430/2906/2906
f 3503/2907/2907 2294/2740/2740 2340/2908/2908
f 2187/2898/2898 2189/2730/2730 2185/2899/2899
f 2190/2909/2909 2336/2910/2910 2192/2905/2905
f 2188/2771/2771 2185/2899/2899 2193/2772/2772
f 2070/2729/2729 2191/2900/2900 2189/2730/2730
f 2190/2909/2909 2192/2905/2905 2191/2900/2900
f 2337/2911/2911 2258/2912/2912 2336/2910/2910
f 2338/2913/2913 2341/1327/1327 2192/2905/2905
f 2191/2900/2900 2193/2772/2772 2185/2899/2899
f 2181/1326/1326 2193/2772/2772 2192/2905/2905
f 2421/2733/2733 2427/2914/2914 1971/2653/2653
f 2458/2915/2915 2351/2779/2779 2194/2734/2734
f 2196/2736/2736 2195/2663/2663 1972/2661/2661
f 2072/2647/2647 2195/2663/2663 2199/2722/2722
f 2197/2655/2655 2196/2736/2736 1972/2661/2661
f 2196/2736/2736 2073/2735/2735 2198/2720/2720
f 2035/2656/2656 2197/2655/2655 1972/2661/2661
f 2197/2655/2655 2034/2657/2657 2262/2780/2780
f 2200/1064/1064 2198/2720/2720 2073/2735/2735
f 3306/2777/2777 2201/2778/2778 2066/2715/2715
f 2195/2663/2663 2196/2736/2736 2199/2722/2722
f 2198/2720/2720 2199/2722/2722 2196/2736/2736
f 2073/2735/2735 2197/2655/2655 2262/2780/2780
f 2137/2769/2769 2244/2716/2716 2323/1063/1063
f 2036/2721/2721 2198/2720/2720 2201/2778/2778
f 2200/1064/1064 2201/2778/2778 2198/2720/2720
f 2074/2642/2642 2202/2742/2742 2038/1762/1762
f 2203/2507/2507 2202/2742/2742 1832/2637/2637
f 1832/2637/2637 1892/2579/2579 2203/2507/2507
f 2203/2507/2507 1892/2579/2579 1955/304/304
f 2207/2792/2792 2080/2791/2791 2081/2788/2788
f 2079/2649/2649 2083/2790/2790 2204/2786/2786
f 201/2784/2784 2275/801/801 2269/803/803
f 3487/2916/2916 3497/2917/2917 3498/2918/2918
f 2264/2785/2785 2204/2786/2786 2080/2791/2791
f 2281/2919/2919 2279/2920/2920 2209/2921/2921
f 2265/1759/1759 2207/2792/2792 2076/2787/2787
f 2269/803/803 2207/2792/2792 2265/1759/1759
f 3489/2922/2922 3490/2923/2923 3486/2924/2924
f 2211/2650/2650 2206/2098/2098 2210/2100/2100
f 2277/2925/2925 2210/2100/2100 2354/2926/2926
f 2212/2927/2927 2214/2928/2928 2279/2920/2920
f 2275/801/801 2273/2929/2929 2278/802/802
f 2210/2100/2100 2209/2921/2921 2211/2650/2650
f 2214/2928/2928 2211/2650/2650 2209/2921/2921
f 2215/2930/2930 2216/2789/2789 2284/2931/2931
f 2286/2932/2932 2290/2933/2933 2285/2934/2934
f 2286/2932/2932 2284/2931/2931 2212/2927/2927
f 2177/2894/2894 2330/2770/2770 2070/2729/2729
f 2330/2770/2770 2177/2894/2894 2328/2727/2727
f 2279/2920/2920 2214/2928/2928 2209/2921/2921
f 2284/2931/2931 2214/2928/2928 2212/2927/2927
f 2211/2650/2650 2214/2928/2928 2284/2931/2931
f 2331/2935/2935 2332/2936/2936 3503/2907/2907
f 2284/2931/2931 2216/2789/2789 2211/2650/2650
f 2334/2794/2794 2216/2789/2789 2215/2930/2930
f 2359/2937/2937 2217/2748/2748 2297/2802/2802
f 2299/2751/2751 2303/2750/2750 2305/1678/1678
f 2218/2803/2803 958/1468/1468 2220/1873/1873
f 2094/148/148 2218/2803/2803 2095/2696/2696
f 2297/2802/2802 2219/844/844 210/845/845
f 2095/2696/2696 2218/2803/2803 2220/1873/1873
f 1205/1872/1872 2220/1873/1873 1206/1467/1467
f 2220/1873/1873 2219/844/844 2095/2696/2696
f 2449/2938/2938 2448/2939/2939 2229/2815/2815
f 1812/1910/1910 2382/2469/2469 1810/1911/1911
f 2223/2827/2827 2104/2822/2822 2225/2824/2824
f 2222/1938/1938 2104/2822/2822 2223/2827/2827
f 3312/2940/2940 2013/2941/2941 3308/2942/2942
f 2311/2943/2943 3311/2944/2944 3319/2945/2945
f 2228/2757/2757 2384/2946/2946 2226/2758/2758
f 3345/1294/1294 2399/1932/1932 2400/2947/2947
f 2106/2622/2622 2225/2824/2824 2104/2822/2822
f 2109/2820/2820 2225/2824/2824 2114/2814/2814
f 2222/1938/1938 2228/2757/2757 2227/1936/1936
f 2387/2948/2948 2226/2758/2758 2385/2949/2949
f 2228/2757/2757 2222/1938/1938 2223/2827/2827
f 2317/2705/2705 2227/1936/1936 2397/2950/2950
f 3312/2940/2940 2223/2827/2827 2109/2820/2820
f 2311/2943/2943 2385/2949/2949 2384/2946/2946
f 2317/2705/2705 2102/1937/1937 2227/1936/1936
f 2105/2816/2816 2229/2815/2815 2448/2939/2939
f 2230/2697/2697 1805/2606/2606 2121/2546/2546
f 2054/2829/2829 2230/2697/2697 2122/2754/2754
f 1723/2078/2078 3164/1900/1900 3163/2951/2951
f 2231/2380/2380 2123/2708/2708 2232/2765/2765
f 2233/2831/2831 2123/2708/2708 2319/2709/2709
f 2234/1917/1917 2135/2842/2842 2235/1918/1918
f 2060/2760/2760 4196/2952/2952 4199/2953/2953
f 2233/2831/2831 2236/2762/2762 2234/1917/1917
f 2061/1916/1916 2232/2765/2765 2234/1917/1917
f 2233/2831/2831 2234/1917/1917 2232/2765/2765
f 2237/2954/2954 2135/2842/2842 2321/2471/2471
f 2237/2954/2954 2235/1918/1918 2135/2842/2842
f 4192/2955/2955 1242/2956/2956 4186/2957/2957
f 2321/2471/2471 1815/2470/2470 2237/2954/2954
f 2126/2626/2626 4274/2958/2958 2240/2839/2839
f 2455/2835/2835 2454/2834/2834 2237/2954/2954
f 1815/2470/2470 2411/2959/2959 2237/2954/2954
f 2235/1918/1918 2454/2834/2834 1872/2378/2378
f 2239/2257/2257 1596/2079/2079 1722/1696/1696
f 2128/2549/2549 2239/2257/2257 2130/2256/2256
f 4274/2958/2958 2126/2626/2626 2238/2960/2960
f 2242/2840/2840 2240/2839/2839 2125/2961/2961
f 2242/2840/2840 2241/2550/2550 2131/2838/2838
f 2132/2551/2551 2241/2550/2550 2133/2221/2221
f 2242/2840/2840 2125/2961/2961 2365/2475/2475
f 2242/2840/2840 2366/2836/2836 2368/2841/2841
f 2244/2716/2716 2243/2766/2766 2022/2725/2725
f 2466/2962/2962 2137/2769/2769 2433/1062/1062
f 2065/2492/2492 2244/2716/2716 2022/2725/2725
f 2201/2778/2778 2323/1063/1063 2066/2715/2715
f 1824/2635/2635 2245/2560/2560 1951/2571/2571
f 2027/2490/2490 2245/2560/2560 2139/2636/2636
f 2247/2673/2673 1977/2674/2674 1984/2646/2646
f 2067/2557/2557 2246/2559/2559 2045/2713/2713
f 2045/2713/2713 2246/2559/2559 2247/2673/2673
f 2247/2673/2673 2246/2559/2559 1977/2674/2674
f 3306/2777/2777 2248/2669/2669 2036/2721/2721
f 2143/2641/2641 2248/2669/2669 2142/2846/2846
f 2248/2669/2669 2249/2648/2648 2072/2647/2647
f 2143/2641/2641 1965/2415/2415 2249/2648/2648
f 1964/2575/2575 2250/2668/2668 1978/2667/2667
f 1961/2644/2644 2145/2672/2672 2250/2668/2668
f 2045/2713/2713 2251/2847/2847 2142/2846/2846
f 2144/2639/2639 2251/2847/2847 2145/2672/2672
f 2253/1658/1658 2252/310/310 2175/2890/2890
f 2170/311/311 2252/310/310 2176/2301/2301
f 2584/1659/1659 2253/1658/1658 2175/2890/2890
f 2254/2892/2892 2253/1658/1658 2174/1657/1657
f 2761/2882/2882 2795/2963/2963 2794/2964/2964
f 2414/2965/2965 2326/1836/1836 2412/1837/1837
f 2325/2893/2893 2255/2966/2966 2324/2302/2302
f 2325/2893/2893 2413/2967/2967 2412/1837/1837
f 2084/2738/2738 2257/2793/2793 2333/2664/2664
f 2332/2936/2936 2331/2935/2935 2330/2770/2770
f 2334/2794/2794 2083/2790/2790 2079/2649/2649
f 2213/2968/2968 3503/2907/2907 2335/2969/2969
f 2037/790/790 2417/2970/2970 2358/788/788
f 2343/2901/2901 2348/654/654 2342/656/656
f 2338/2913/2913 2192/2905/2905 2336/2910/2910
f 3855/2971/2971 3860/2972/2972 4297/2973/2973
f 2033/2651/2651 2260/2732/2732 2034/2657/2657
f 2427/2914/2914 2260/2732/2732 1971/2653/2653
f 2500/2974/2974 2509/2975/2975 2508/2976/2976
f 2261/2977/2977 2352/2978/2978 2432/2979/2979
f 2194/2734/2734 2262/2780/2780 2034/2657/2657
f 2073/2735/2735 2262/2780/2780 2261/2977/2977
f 2073/2735/2735 2432/2979/2979 2200/1064/1064
f 2501/2980/2980 2352/2978/2978 3875/2981/2981
f 2080/2791/2791 2207/2792/2792 2264/2785/2785
f 2205/2099/2099 2264/2785/2785 2207/2792/2792
f 2076/2787/2787 2266/2506/2506 2265/1759/1759
f 2265/1759/1759 2266/2506/2506 2268/1755/1755
f 2077/2503/2503 2266/2506/2506 2076/2787/2787
f 3463/1756/1756 2268/1755/1755 2266/2506/2506
f 1091/2418/2418 1831/2417/2417 3462/2496/2496
f 1088/1362/1362 3469/1757/1757 1086/1363/1363
f 3463/1756/1756 2266/2506/2506 1091/2418/2418
f 2267/1754/1754 3470/2982/2982 3477/1760/1760
f 4364/2983/2983 3468/2984/2984 3476/2985/2985
f 2205/2099/2099 2207/2792/2792 2269/803/803
f 4256/2101/2101 1443/1729/1729 3900/2986/2986
f 2282/2987/2987 2279/2920/2920 2281/2919/2919
f 4361/2988/2988 4364/2983/2983 3476/2985/2985
f 1094/1585/1585 856/1352/1352 2274/1358/1358
f 264/1314/1314 2272/1354/1354 1065/1353/1353
f 1094/1585/1585 2274/1358/1358 597/1355/1355
f 3467/1753/1753 3470/2982/2982 2267/1754/1754
f 2277/2925/2925 2209/2921/2921 2210/2100/2100
f 2271/364/364 3479/1356/1356 2272/1354/1354
f 3475/1357/1357 3479/1356/1356 3473/2989/2989
f 3470/2982/2982 201/2784/2784 3477/1760/1760
f 3482/2990/2990 2278/802/802 2273/2929/2929
f 3482/2990/2990 2276/2991/2991 2278/802/802
f 3484/2992/2992 2280/2102/2102 2281/2919/2919
f 2354/2926/2926 2210/2100/2100 2205/2099/2099
f 3484/2992/2992 2281/2919/2919 2276/2991/2991
f 2354/2926/2926 2276/2991/2991 2277/2925/2925
f 2269/803/803 2278/802/802 2205/2099/2099
f 2209/2921/2921 2277/2925/2925 2281/2919/2919
f 2355/2993/2993 2279/2920/2920 2208/2994/2994
f 2276/2991/2991 3482/2990/2990 3484/2992/2992
f 4271/2995/2995 2833/2996/2996 3488/2997/2997
f 2276/2991/2991 2281/2919/2919 2277/2925/2925
f 2281/2919/2919 2280/2102/2102 2282/2987/2987
f 3500/2998/2998 2282/2987/2987 4266/2999/2999
f 2279/2920/2920 2282/2987/2987 2208/2994/2994
f 3405/3000/3000 3427/3001/3001 3418/3002/3002
f 3822/3003/3003 4297/2973/2973 3860/2972/2972
f 2290/2933/2933 2286/2932/2932 2355/2993/2993
f 2215/2930/2930 2284/2931/2931 2289/3004/3004
f 2293/3005/3005 2292/2739/2739 2356/3006/3006
f 2288/2741/2741 2289/3004/3004 2286/2932/2932
f 2212/2927/2927 2279/2920/2920 2355/2993/2993
f 2288/2741/2741 2286/2932/2932 2285/2934/2934
f 3499/3007/3007 2355/2993/2993 2208/2994/2994
f 2290/2933/2933 2291/3008/3008 2285/2934/2934
f 2288/2741/2741 2285/2934/2934 2356/3006/3006
f 2213/2968/2968 2215/2930/2930 2289/3004/3004
f 2286/2932/2932 2289/3004/3004 2284/2931/2931
f 2213/2968/2968 2289/3004/3004 2288/2741/2741
f 2355/2993/2993 2286/2932/2932 2212/2927/2927
f 2291/3008/3008 2290/2933/2933 2287/3009/3009
f 3501/3010/3010 2287/3009/3009 3499/3007/3007
f 3795/3011/3011 2291/3008/3008 2283/3012/3012
f 2285/2934/2934 2291/3008/3008 2293/3005/3005
f 2288/2741/2741 2294/2740/2740 2213/2968/2968
f 3857/3013/3013 3799/3014/3014 2357/3015/3015
f 2292/2739/2739 2293/3005/3005 2358/788/788
f 2340/2908/2908 2294/2740/2740 2417/2970/2970
f 2337/2911/2911 2339/3016/3016 2037/790/790
f 2295/3017/3017 2340/2908/2908 2339/3016/3016
f 3502/2904/2904 2295/3017/3017 2339/3016/3016
f 2094/148/148 2296/2695/2695 2051/146/146
f 2297/2802/2802 2296/2695/2695 2095/2696/2696
f 2219/844/844 2297/2802/2802 2095/2696/2696
f 2359/2937/2937 2297/2802/2802 210/845/845
f 2298/1682/1682 2359/2937/2937 2360/433/433
f 2376/3018/3018 2375/3019/3019 2439/3020/3020
f 1709/2225/2225 2377/2366/2366 982/2216/2216
f 2376/3018/3018 2439/3020/3020 2299/2751/2751
f 2377/2366/2366 2375/3019/3019 2379/1688/1688
f 2443/1686/1686 2442/3021/3021 2441/1684/1684
f 2302/2536/2536 2091/147/147 2051/146/146
f 4350/3022/3022 2301/442/442 2300/2801/2801
f 2296/2695/2695 2306/1679/1679 2051/146/146
f 2300/2801/2801 2302/2536/2536 2303/2750/2750
f 2306/1679/1679 2302/2536/2536 2051/146/146
f 2217/2748/2748 2359/2937/2937 2380/3023/3023
f 2381/3024/3024 2380/3023/3023 2298/1682/1682
f 2378/1689/1689 2376/3018/3018 2304/1677/1677
f 2306/1679/1679 2305/1678/1678 2303/2750/2750
f 2305/1678/1678 2304/1677/1677 2376/3018/3018
f 2306/1679/1679 2303/2750/2750 2302/2536/2536
f 2306/1679/1679 2217/2748/2748 2380/3023/3023
f 2105/2816/2816 2448/2939/2939 2406/691/691
f 2307/2819/2819 2221/690/690 2308/2245/2245
f 2383/3025/3025 3792/1935/1935 2382/2469/2469
f 2310/2244/2244 1584/1905/1905 1582/2242/2242
f 214/1906/1906 2309/2246/2246 1809/1210/1210
f 2383/3025/3025 2308/2245/2245 2221/690/690
f 2308/2245/2245 2310/2244/2244 1582/2242/2242
f 214/1906/1906 2310/2244/2244 2309/2246/2246
f 2228/2757/2757 2223/2827/2827 3312/2940/2940
f 3350/3026/3026 3310/3027/3027 3346/3028/3028
f 2112/2254/2254 2313/2825/2825 2312/2817/2817
f 2107/286/286 2314/2828/2828 2313/2825/2825
f 2110/287/287 2313/2825/2825 2112/2254/2254
f 2314/2828/2828 2107/286/286 2117/2813/2813
f 2229/2815/2815 2312/2817/2817 2314/2828/2828
f 2313/2825/2825 2314/2828/2828 2312/2817/2817
f 2450/3029/3029 3870/3030/3030 3871/1909/1909
f 3873/3031/3031 2450/3029/3029 3871/1909/1909
f 2390/3032/3032 2385/2949/2949 2224/3033/3033
f 2316/2706/2706 2394/3034/3034 2396/3035/3035
f 2397/2950/2950 2227/1936/1936 2226/2758/2758
f 2318/2707/2707 2316/2706/2706 2404/3036/3036
f 2315/3037/3037 2405/3038/3038 2449/2938/2938
f 2318/2707/2707 2449/2938/2938 2409/2826/2826
f 3163/2951/2951 2123/2708/2708 2231/2380/2380
f 2060/2760/2760 2233/2831/2831 2319/2709/2709
f 3157/3039/3039 3158/3040/3040 192/2830/2830
f 2319/2709/2709 2320/2376/2376 4189/2761/2761
f 3583/3041/3041 3565/3042/3042 3564/3043/3043
f 2410/3044/3044 3563/3045/3045 3565/3042/3042
f 4281/3046/3046 4279/3047/3047 4278/3048/3048
f 3282/3049/3049 3268/3050/3050 3281/3051/3051
f 2066/2715/2715 2323/1063/1063 2244/2716/2716
f 2201/2778/2778 2200/1064/1064 2323/1063/1063
f 2325/2893/2893 2324/2302/2302 2176/2301/2301
f 2324/2302/2302 2255/2966/2966 2415/1835/1835
f 2253/1658/1658 2325/2893/2893 2176/2301/2301
f 2325/2893/2893 2254/2892/2892 2413/2967/2967
f 1381/2181/2181 1517/876/876 2327/1834/1834
f 2415/1835/1835 2326/1836/1836 2327/1834/1834
f 1171/1832/1832 2327/1834/1834 1170/54/54
f 2327/1834/1834 2326/1836/1836 1381/2181/2181
f 2179/2662/2662 2328/2727/2727 2177/2894/2894
f 2329/2666/2666 2328/2727/2727 1974/338/338
f 2333/2664/2664 2329/2666/2666 1969/1763/1763
f 2328/2727/2727 2329/2666/2666 2256/2665/2665
f 2256/2665/2665 2333/2664/2664 2416/3052/3052
f 3502/2904/2904 2331/2935/2935 2295/3017/3017
f 2070/2729/2729 2330/2770/2770 2331/2935/2935
f 2416/3052/3052 2330/2770/2770 2256/2665/2665
f 2257/2793/2793 2334/2794/2794 2335/2969/2969
f 2332/2936/2936 2335/2969/2969 3503/2907/2907
f 2084/2738/2738 2333/2664/2664 1969/1763/1763
f 2416/3052/3052 2333/2664/2664 2257/2793/2793
f 2216/2789/2789 2334/2794/2794 2079/2649/2649
f 2335/2969/2969 2334/2794/2794 2215/2930/2930
f 2213/2968/2968 2335/2969/2969 2215/2930/2930
f 2257/2793/2793 2335/2969/2969 2332/2936/2936
f 2337/2911/2911 2336/2910/2910 2190/2909/2909
f 2338/2913/2913 2336/2910/2910 2258/2912/2912
f 2339/3016/3016 2337/2911/2911 2190/2909/2909
f 2468/789/789 2438/3053/3053 2037/790/790
f 2258/2912/2912 4296/3054/3054 3830/3055/3055
f 2338/2913/2913 2259/2902/2902 2341/1327/1327
f 3502/2904/2904 2339/3016/3016 2190/2909/2909
f 2340/2908/2908 2295/3017/3017 3503/2907/2907
f 2417/2970/2970 2294/2740/2740 2292/2739/2739
f 2339/3016/3016 2340/2908/2908 2417/2970/2970
f 2343/2901/2901 2345/3056/3056 2348/654/654
f 2192/2905/2905 2341/1327/1327 2181/1326/1326
f 564/1330/1330 820/1058/1058 2347/1549/1549
f 2343/2901/2901 2346/1328/1328 2341/1327/1327
f 2345/3056/3056 2343/2901/2901 2259/2902/2902
f 2343/2901/2901 2342/656/656 2346/1328/1328
f 2418/2658/2658 2344/2731/2731 2422/3057/3057
f 2430/2906/2906 2426/2660/2660 2420/3058/3058
f 3822/3003/3003 3825/3059/3059 3828/3060/3060
f 2345/3056/3056 224/3061/3061 2348/654/654
f 2342/656/656 2418/2658/2658 2346/1328/1328
f 2430/2906/2906 2463/3062/3062 2426/2660/2660
f 2423/1550/1550 820/1058/1058 364/1065/1065
f 2349/655/655 2347/1549/1549 2344/2731/2731
f 2350/1329/1329 2348/654/654 224/3061/3061
f 564/1330/1330 2347/1549/1549 2349/655/655
f 2342/656/656 2349/655/655 2344/2731/2731
f 2349/655/655 2348/654/654 2350/1329/1329
f 3842/3063/3063 224/3061/3061 3834/3064/3064
f 1277/205/205 2350/1329/1329 1067/1962/1962
f 2533/3065/3065 2351/2779/2779 2071/3066/3066
f 2262/2780/2780 2351/2779/2779 2261/2977/2977
f 2071/3066/3066 2502/3067/3067 2533/3065/3065
f 2353/2858/2858 2352/2978/2978 2434/2859/2859
f 2433/1062/1062 2432/2979/2979 2353/2858/2858
f 2465/2783/2783 2435/2844/2844 2464/2857/2857
f 2205/2099/2099 2278/802/802 2354/2926/2926
f 2276/2991/2991 2354/2926/2926 2278/802/802
f 3499/3007/3007 2208/2994/2994 3498/2918/2918
f 2290/2933/2933 2355/2993/2993 2287/3009/3009
f 2288/2741/2741 2356/3006/3006 2292/2739/2739
f 2285/2934/2934 2293/3005/3005 2356/3006/3006
f 2833/2996/2996 3438/1950/1950 197/3068/3068
f 3661/3069/3069 3739/3070/3070 196/3071/3071
f 2358/788/788 3794/3072/3072 3793/3073/3073
f 2438/3053/3053 2337/2911/2911 2037/790/790
f 2360/433/433 2359/2937/2937 210/845/845
f 2380/3023/3023 2359/2937/2937 2298/1682/1682
f 2800/420/420 2360/433/433 210/845/845
f 726/431/431 977/1479/1479 2361/432/432
f 975/1681/1681 2361/432/432 976/1680/1680
f 2298/1682/1682 2360/433/433 2361/432/432
f 2365/2475/2475 2366/2836/2836 2242/2840/2840
f 3509/3074/3074 3510/3075/3075 3505/3076/3076
f 3240/3077/3077 3254/3078/3078 3205/3079/3079
f 3263/3080/3080 2441/1684/1684 3249/3081/3081
f 2365/2475/2475 4274/2958/2958 3504/2473/2473
f 2367/219/219 2366/2836/2836 2364/2474/2474
f 2365/2475/2475 2125/2961/2961 4274/2958/2958
f 2366/2836/2836 2365/2475/2475 2364/2474/2474
f 2364/2474/2474 2363/3082/3082 2367/219/219
f 2366/2836/2836 189/2224/2224 2368/2841/2841
f 2370/217/217 2367/219/219 2363/3082/3082
f 2372/2222/2222 2374/2837/2837 2371/218/218
f 1711/1894/1894 2368/2841/2841 189/2224/2224
f 2242/2840/2840 2368/2841/2841 2133/2221/2221
f 3249/3081/3081 2441/1684/1684 2442/3021/3021
f 2440/3083/3083 2442/3021/3021 2445/3084/3084
f 3252/3085/3085 3247/3086/3086 3285/3087/3087
f 2371/218/218 2370/217/217 2369/3088/3088
f 2371/218/218 2369/3088/3088 2440/3083/3083
f 2371/218/218 2362/3089/3089 2372/2222/2222
f 2373/2223/2223 2372/2222/2222 2362/3089/3089
f 189/2224/2224 2366/2836/2836 2374/2837/2837
f 2373/2223/2223 2362/3089/3089 2375/3019/3019
f 189/2224/2224 2373/2223/2223 1566/1888/1888
f 2371/218/218 2374/2837/2837 2367/219/219
f 189/2224/2224 2374/2837/2837 2372/2222/2222
f 2439/3020/3020 2375/3019/3019 2362/3089/3089
f 2299/2751/2751 2305/1678/1678 2376/3018/3018
f 2381/3024/3024 2378/1689/1689 2304/1677/1677
f 2377/2366/2366 2379/1688/1688 982/2216/2216
f 1566/1888/1888 2373/2223/2223 2377/2366/2366
f 2375/3019/3019 2377/2366/2366 2373/2223/2223
f 2446/1683/1683 2378/1689/1689 975/1681/1681
f 982/2216/2216 3790/1687/1687 983/269/269
f 2375/3019/3019 2376/3018/3018 2379/1688/1688
f 2378/1689/1689 2379/1688/1688 2376/3018/3018
f 2381/3024/3024 2298/1682/1682 975/1681/1681
f 2306/1679/1679 2380/3023/3023 2304/1677/1677
f 2378/1689/1689 2381/3024/3024 975/1681/1681
f 2304/1677/1677 2380/3023/3023 2381/3024/3024
f 1717/2374/2374 2309/2246/2246 2382/2469/2469
f 2383/3025/3025 2382/2469/2469 2309/2246/2246
f 2308/2245/2245 2383/3025/3025 2309/2246/2246
f 2383/3025/3025 2221/690/690 3792/1935/1935
f 3309/3090/3090 2228/2757/2757 3308/2942/2942
f 2311/2943/2943 3324/3091/3091 2385/2949/2949
f 2390/3032/3032 2387/2948/2948 2385/2949/2949
f 2226/2758/2758 2384/2946/2946 2385/2949/2949
f 2390/3032/3032 2392/254/254 2386/253/253
f 2397/2950/2950 2394/3034/3034 2316/2706/2706
f 2394/3034/3034 2387/2948/2948 2386/253/253
f 2397/2950/2950 2387/2948/2948 2394/3034/3034
f 2393/3092/3092 2392/254/254 2390/3032/3032
f 2398/1940/1940 2399/1932/1932 1036/1714/1714
f 1259/1719/1719 1258/1718/1718 2389/1933/1933
f 2389/1933/1933 1258/1718/1718 2395/3093/3093
f 2390/3032/3032 2224/3033/3033 2393/3092/3092
f 2386/253/253 2387/2948/2948 2390/3032/3032
f 3319/2945/2945 3323/3094/3094 3324/3091/3091
f 2393/3092/3092 3316/3095/3095 2391/680/680
f 2400/2947/2947 2392/254/254 2391/680/680
f 2401/255/255 2392/254/254 2388/1939/1939
f 3324/3091/3091 3323/3094/3094 2224/3033/3033
f 2392/254/254 2393/3092/3092 2391/680/680
f 2386/253/253 2395/3093/3093 2394/3034/3034
f 2315/3037/3037 2404/3036/3036 2396/3035/3035
f 2395/3093/3093 2386/253/253 2401/255/255
f 2447/1942/1942 1258/1718/1718 1260/1716/1716
f 2394/3034/3034 2395/3093/3093 2396/3035/3035
f 1258/1718/1718 2447/1942/1942 2403/3096/3096
f 2317/2705/2705 2397/2950/2950 2316/2706/2706
f 2226/2758/2758 2387/2948/2948 2397/2950/2950
f 2399/1932/1932 2398/1940/1940 2388/1939/1939
f 1256/1713/1713 2398/1940/1940 1036/1714/1714
f 2400/2947/2947 2399/1932/1932 2388/1939/1939
f 2399/1932/1932 195/1293/1293 1255/688/688
f 2392/254/254 2400/2947/2947 2388/1939/1939
f 2400/2947/2947 2391/680/680 3329/679/679
f 2388/1939/1939 2389/1933/1933 2401/255/255
f 2395/3093/3093 2401/255/255 2389/1933/1933
f 2315/3037/3037 2396/3035/3035 2402/1941/1941
f 2403/3096/3096 2395/3093/3093 1258/1718/1718
f 2402/1941/1941 2396/3035/3035 2403/3096/3096
f 2396/3035/3035 2395/3093/3093 2403/3096/3096
f 2396/3035/3035 2404/3036/3036 2316/2706/2706
f 2315/3037/3037 2318/2707/2707 2404/3036/3036
f 2402/1941/1941 2469/3097/3097 2315/3037/3037
f 2307/2819/2819 2406/691/691 2221/690/690
f 2105/2816/2816 2406/691/691 2307/2819/2819
f 2406/691/691 2405/3038/3038 2408/689/689
f 2315/3037/3037 2469/3097/3097 2451/962/962
f 2407/963/963 3873/3031/3031 3791/1934/1934
f 2451/962/962 2408/689/689 2405/3038/3038
f 2408/689/689 2407/963/963 3792/1935/1935
f 2314/2828/2828 2409/2826/2826 2229/2815/2815
f 2102/1937/1937 2318/2707/2707 2409/2826/2826
f 2607/3098/3098 2610/296/296 194/295/295
f 2602/955/955 2600/950/950 2596/3099/3099
f 3557/3100/3100 3549/3101/3101 3560/3102/3102
f 2411/2959/2959 3557/3100/3100 2471/3103/3103
f 2412/1837/1837 2255/2966/2966 2325/2893/2893
f 2414/2965/2965 2412/1837/1837 1172/1641/1641
f 2413/2967/2967 2254/2892/2892 2761/2882/2882
f 1172/1641/1641 2412/1837/1837 2413/2967/2967
f 2414/2965/2965 1172/1641/1641 2756/1640/1640
f 2326/1836/1836 2414/2965/2965 1381/2181/2181
f 1643/1838/1838 2415/1835/1835 237/1833/1833
f 2412/1837/1837 2415/1835/1835 2255/2966/2966
f 2257/2793/2793 2332/2936/2936 2416/3052/3052
f 2330/2770/2770 2416/3052/3052 2332/2936/2936
f 2358/788/788 2417/2970/2970 2292/2739/2739
f 2339/3016/3016 2417/2970/2970 2037/790/790
f 2423/1550/1550 2419/3104/3104 2422/3057/3057
f 2194/2734/2734 2260/2732/2732 2427/2914/2914
f 2650/3105/3105 2649/3106/3106 2461/3107/3107
f 2351/2779/2779 2458/2915/2915 2071/3066/3066
f 2424/2659/2659 2418/2658/2658 2422/3057/3057
f 2425/3108/3108 2459/3109/3109 2458/2915/2915
f 2431/2903/2903 2183/2652/2652 2182/2895/2895
f 2420/3058/3058 2425/3108/3108 2427/2914/2914
f 2423/1550/1550 2422/3057/3057 2344/2731/2731
f 2424/2659/2659 2422/3057/3057 2419/3104/3104
f 2347/1549/1549 2423/1550/1550 2344/2731/2731
f 2423/1550/1550 364/1065/1065 2650/3105/3105
f 2071/3066/3066 2458/2915/2915 2459/3109/3109
f 2424/2659/2659 2420/3058/3058 2426/2660/2660
f 2424/2659/2659 2428/3110/3110 2420/3058/3058
f 2420/3058/3058 2428/3110/3110 2425/3108/3108
f 2431/2903/2903 2420/3058/3058 2421/2733/2733
f 2418/2658/2658 2426/2660/2660 2346/1328/1328
f 2420/3058/3058 2427/2914/2914 2421/2733/2733
f 2427/2914/2914 2425/3108/3108 2458/2915/2915
f 2419/3104/3104 2460/3111/3111 2424/2659/2659
f 2462/1053/1053 2429/1052/1052 2460/3111/3111
f 2425/3108/3108 2428/3110/3110 2429/1052/1052
f 2460/3111/3111 2429/1052/1052 2428/3110/3110
f 2188/2771/2771 2430/2906/2906 2182/2895/2895
f 2346/1328/1328 2463/3062/3062 2181/1326/1326
f 2182/2895/2895 2430/2906/2906 2431/2903/2903
f 2420/3058/3058 2431/2903/2903 2430/2906/2906
f 2261/2977/2977 2432/2979/2979 2073/2735/2735
f 2353/2858/2858 2432/2979/2979 2352/2978/2978
f 2432/2979/2979 2433/1062/1062 2200/1064/1064
f 2466/2962/2962 2433/1062/1062 2353/2858/2858
f 2533/3065/3065 3875/2981/2981 2261/2977/2977
f 2464/2857/2857 2434/2859/2859 2263/3112/3112
f 2435/2844/2844 2467/3113/3113 2436/2843/2843
f 2466/2962/2962 2436/2843/2843 2137/2769/2769
f 2137/2769/2769 2436/2843/2843 2243/2766/2766
f 2435/2844/2844 2154/2856/2856 2467/3113/3113
f 2358/788/788 3859/3114/3114 2468/789/789
f 3856/3115/3115 3858/3116/3116 3860/2972/2972
f 4298/3117/3117 2438/3053/3053 2437/3118/3118
f 2258/2912/2912 2337/2911/2911 2438/3053/3053
f 2440/3083/3083 2362/3089/3089 2371/218/218
f 2362/3089/3089 2440/3083/3083 2439/3020/3020
f 2442/3021/3021 2440/3083/3083 2369/3088/3088
f 2443/1686/1686 2445/3084/3084 2442/3021/3021
f 3286/3119/3119 3247/3086/3086 2363/3082/3082
f 4353/3120/3120 4249/3121/3121 4355/3122/3122
f 3297/3123/3123 3292/3124/3124 3245/3125/3125
f 4352/1685/1685 4351/3126/3126 4348/3127/3127
f 2444/2749/2749 2300/2801/2801 2303/2750/2750
f 2440/3083/3083 2445/3084/3084 2439/3020/3020
f 2445/3084/3084 2299/2751/2751 2439/3020/3020
f 2300/2801/2801 2444/2749/2749 2443/1686/1686
f 2443/1686/1686 2444/2749/2749 2445/3084/3084
f 2445/3084/3084 2444/2749/2749 2299/2751/2751
f 978/1480/1480 2446/1683/1683 975/1681/1681
f 2446/1683/1683 980/1675/1675 984/270/270
f 220/294/294 2447/1942/1942 1260/1716/1716
f 2403/3096/3096 2447/1942/1942 2402/1941/1941
f 2229/2815/2815 2409/2826/2826 2449/2938/2938
f 2406/691/691 2448/2939/2939 2405/3038/3038
f 2315/3037/3037 2449/2938/2938 2318/2707/2707
f 2405/3038/3038 2448/2939/2939 2449/2938/2938
f 2469/3097/3097 2402/1941/1941 3870/3030/3030
f 799/1529/1529 3870/3030/3030 220/294/294
f 2315/3037/3037 2451/962/962 2405/3038/3038
f 2407/963/963 2451/962/962 2450/3029/3029
f 3568/3128/3128 3564/3043/3043 3565/3042/3042
f 3531/3129/3129 3528/3130/3130 3537/3131/3131
f 3507/3132/3132 3504/2473/2473 4274/2958/2958
f 2126/2626/2626 2457/2832/2832 2238/2960/2960
f 2237/2954/2954 2454/2834/2834 2235/1918/1918
f 2456/3133/3133 2453/2833/2833 2238/2960/2960
f 2237/2954/2954 2411/2959/2959 2455/2835/2835
f 2455/2835/2835 2411/2959/2959 2471/3103/3103
f 1872/2378/2378 2454/2834/2834 2456/3133/3133
f 2453/2833/2833 2456/3133/3133 2454/2834/2834
f 1872/2378/2378 2456/3133/3133 2457/2832/2832
f 2238/2960/2960 2457/2832/2832 2456/3133/3133
f 2427/2914/2914 2458/2915/2915 2194/2734/2734
f 2459/3109/3109 2425/3108/3108 2429/1052/1052
f 2429/1052/1052 198/1054/1054 2459/3109/3109
f 2502/3067/3067 2500/2974/2974 2533/3065/3065
f 2424/2659/2659 2460/3111/3111 2428/3110/3110
f 2650/3105/3105 2462/1053/1053 2419/3104/3104
f 364/1065/1065 2651/1061/1061 2647/1066/1066
f 2573/2486/2486 558/317/317 2575/1322/1322
f 2419/3104/3104 2462/1053/1053 2460/3111/3111
f 2462/1053/1053 2461/3107/3107 2570/3134/3134
f 2426/2660/2660 2463/3062/3062 2346/1328/1328
f 2430/2906/2906 2181/1326/1326 2463/3062/3062
f 2465/2783/2783 2464/2857/2857 2263/3112/3112
f 2466/2962/2962 2464/2857/2857 2435/2844/2844
f 2475/2781/2781 2465/2783/2783 2263/3112/3112
f 2473/2845/2845 2465/2783/2783 2158/2776/2776
f 2464/2857/2857 2466/2962/2962 2353/2858/2858
f 2435/2844/2844 2436/2843/2843 2466/2962/2962
f 2474/2866/2866 2154/2856/2856 2157/2852/2852
f 2436/2843/2843 2467/3113/3113 2474/2866/2866
f 3859/3114/3114 2358/788/788 3793/3073/3073
f 2438/3053/3053 2468/789/789 2437/3118/3118
f 3870/3030/3030 2402/1941/1941 220/294/294
f 2451/962/962 2469/3097/3097 2450/3029/3029
f 4218/3135/3135 3567/3136/3136 2321/2471/2471
f 2470/2472/2472 2452/842/842 3559/841/841
f 3508/3137/3137 2471/3103/3103 2322/3138/3138
f 2455/2835/2835 2471/3103/3103 2453/2833/2833
f 2434/2859/2859 2501/2980/2980 2263/3112/3112
f 2497/3139/3139 2476/3140/3140 2472/3141/3141
f 2159/2775/2775 2473/2845/2845 2158/2776/2776
f 2435/2844/2844 2473/2845/2845 2154/2856/2856
f 2436/2843/2843 2474/2866/2866 2064/2711/2711
f 2154/2856/2856 2474/2866/2866 2467/3113/3113
f 2263/3112/3112 2501/2980/2980 2504/3142/3142
f 2475/2781/2781 2472/3141/3141 2476/3140/3140
f 2498/2773/2773 2478/2851/2851 2499/2402/2402
f 2160/2774/2774 2479/2867/2867 2151/2860/2860
f 2475/2781/2781 2476/3140/3140 2477/2782/2782
f 2158/2776/2776 2477/2782/2782 2476/3140/3140
f 2484/2553/2553 2482/412/412 2478/2851/2851
f 2476/3140/3140 2480/411/411 2479/2867/2867
f 2158/2776/2776 2476/3140/3140 2479/2867/2867
f 2476/3140/3140 2497/3139/3139 2480/411/411
f 2481/3143/3143 2492/2478/2478 2487/2554/2554
f 2479/2867/2867 2480/411/411 2491/413/413
f 2486/2398/2398 2489/3144/3144 2490/2479/2479
f 2489/3144/3144 2481/3143/3143 2487/2554/2554
f 2478/2851/2851 2498/2773/2773 2484/2553/2553
f 2487/2554/2554 2492/2478/2478 2482/412/412
f 2483/3145/3145 2486/2398/2398 2493/2399/2399
f 2513/3146/3146 2517/3147/3147 2481/3143/3143
f 2511/3148/3148 2484/2553/2553 2498/2773/2773
f 2488/3149/3149 1877/2395/2395 1818/2480/2480
f 2481/3143/3143 2489/3144/3144 2513/3146/3146
f 2524/3150/3150 2485/3151/3151 2525/3152/3152
f 2493/2399/2399 1739/1544/1544 1737/2267/2267
f 2486/2398/2398 2483/3145/3145 2489/3144/3144
f 2484/2553/2553 2488/3149/3149 2487/2554/2554
f 2487/2554/2554 2488/3149/3149 2489/3144/3144
f 2488/3149/3149 2484/2553/2553 2511/3148/3148
f 2488/3149/3149 1818/2480/2480 2489/3144/3144
f 1819/2390/2390 2490/2479/2479 1818/2480/2480
f 2489/3144/3144 2483/3145/3145 2513/3146/3146
f 2486/2398/2398 2490/2479/2479 819/1545/1545
f 1818/2480/2480 2490/2479/2479 2489/3144/3144
f 2531/2861/2861 2491/413/413 2485/3151/3151
f 2479/2867/2867 2491/413/413 2151/2860/2860
f 2517/3147/3147 2492/2478/2478 2481/3143/3143
f 2491/413/413 2492/2478/2478 2485/3151/3151
f 1737/2267/2267 2496/2405/2405 2495/3153/3153
f 2493/2399/2399 1737/2267/2267 2495/3153/3153
f 2536/3154/3154 2581/3155/3155 2580/3156/3156
f 2516/2392/2392 2512/2853/2853 2514/3157/3157
f 1737/2267/2267 1947/2266/2266 2496/2405/2405
f 2518/2393/2393 2495/3153/3153 2494/2404/2404
f 2496/2405/2405 1817/2633/2633 2719/3158/3158
f 2494/2404/2404 2495/3153/3153 2496/2405/2405
f 2499/2402/2402 2497/3139/3139 2472/3141/3141
f 2480/411/411 2497/3139/3139 2478/2851/2851
f 2478/2851/2851 2497/3139/3139 2499/2402/2402
f 2511/3148/3148 2498/2773/2773 1738/2401/2401
f 2503/3159/3159 2499/2402/2402 2472/3141/3141
f 2507/2400/2400 2503/3159/3159 2508/2976/2976
f 2504/3142/3142 2472/3141/3141 2475/2781/2781
f 2071/3066/3066 2459/3109/3109 2502/3067/3067
f 2352/2978/2978 2501/2980/2980 2434/2859/2859
f 3875/2981/2981 3876/3160/3160 2501/2980/2980
f 198/1054/1054 2510/3161/3161 2459/3109/3109
f 2508/2976/2976 2509/2975/2975 2506/3162/3162
f 2503/3159/3159 2472/3141/3141 2504/3142/3142
f 2503/3159/3159 2500/2974/2974 2508/2976/2976
f 2263/3112/3112 2504/3142/3142 2475/2781/2781
f 2504/3142/3142 2501/2980/2980 2505/3163/3163
f 2500/2974/2974 2503/3159/3159 2505/3163/3163
f 2504/3142/3142 2505/3163/3163 2503/3159/3159
f 2576/2484/2484 2569/2481/2481 2566/3164/3164
f 2565/2396/2396 1740/2389/2389 1876/2388/2388
f 2503/3159/3159 2507/2400/2400 2499/2402/2402
f 2535/2555/2555 2506/3162/3162 2534/2483/2483
f 2509/2975/2975 2500/2974/2974 2502/3067/3067
f 2507/2400/2400 2508/2976/2976 2506/3162/3162
f 2502/3067/3067 2510/3161/3161 2509/2975/2975
f 198/1054/1054 2568/3165/3165 2567/3166/3166
f 2459/3109/3109 2510/3161/3161 2502/3067/3067
f 2567/3166/3166 2510/3161/3161 198/1054/1054
f 2535/2555/2555 2511/3148/3148 1738/2401/2401
f 2488/3149/3149 2511/3148/3148 1877/2395/2395
f 2517/3147/3147 2514/3157/3157 2512/2853/2853
f 2512/2853/2853 2516/2392/2392 2520/2854/2854
f 2514/3157/3157 2513/3146/3146 2483/3145/3145
f 2513/3146/3146 2514/3157/3157 2517/3147/3147
f 2518/2393/2393 2483/3145/3145 2493/2399/2399
f 2516/2392/2392 2514/3157/3157 2518/2393/2393
f 2580/3156/3156 2494/2404/2404 1735/2406/2406
f 2519/3167/3167 2520/2854/2854 2515/3168/3168
f 2514/3157/3157 2483/3145/3145 2518/2393/2393
f 2942/2037/2037 2954/3169/3169 2515/3168/3168
f 2525/3152/3152 2512/2853/2853 2522/2855/2855
f 2492/2478/2478 2517/3147/3147 2485/3151/3151
f 2495/3153/3153 2518/2393/2393 2493/2399/2399
f 2494/2404/2404 2581/3155/3155 2582/2394/2394
f 2523/2876/2876 2521/2875/2875 2522/2855/2855
f 2485/3151/3151 2517/3147/3147 2525/3152/3152
f 2515/3168/3168 2520/2854/2854 2516/2392/2392
f 2523/2876/2876 2522/2855/2855 2537/3170/3170
f 2538/2864/2864 2519/3167/3167 2954/3169/3169
f 2155/2869/2869 2162/2850/2850 2527/3171/3171
f 2537/3170/3170 2520/2854/2854 2519/3167/3167
f 2522/2855/2855 2521/2875/2875 2524/3150/3150
f 2523/2876/2876 2537/3170/3170 2538/2864/2864
f 2155/2869/2869 2527/3171/3171 2530/3172/3172
f 2532/3173/3173 2524/3150/3150 2521/2875/2875
f 2491/413/413 2531/2861/2861 2151/2860/2860
f 2512/2853/2853 2525/3152/3152 2517/3147/3147
f 2522/2855/2855 2524/3150/3150 2525/3152/3152
f 2530/3172/3172 2527/3171/3171 2526/2862/2862
f 2528/2868/2868 2160/2774/2774 2151/2860/2860
f 2152/2767/2767 2527/3171/3171 2162/2850/2850
f 2530/3172/3172 2521/2875/2875 2529/2873/2873
f 2526/2862/2862 2527/3171/3171 2528/2868/2868
f 2152/2767/2767 2528/2868/2868 2527/3171/3171
f 2551/3174/3174 2541/2863/2863 2545/3175/3175
f 2552/2872/2872 2544/2871/2871 2543/2887/2887
f 2530/3172/3172 2526/2862/2862 2532/3173/3173
f 2530/3172/3172 2529/2873/2873 3877/2870/2870
f 2485/3151/3151 2524/3150/3150 2531/2861/2861
f 2531/2861/2861 2524/3150/3150 2532/3173/3173
f 2530/3172/3172 2532/3173/3173 2521/2875/2875
f 2531/2861/2861 2532/3173/3173 2526/2862/2862
f 2500/2974/2974 2505/3163/3163 3876/3160/3160
f 2351/2779/2779 2533/3065/3065 2261/2977/2977
f 1877/2395/2395 2511/3148/3148 2535/2555/2555
f 2567/3166/3166 2569/2481/2481 2506/3162/3162
f 2506/3162/3162 2535/2555/2555 2507/2400/2400
f 2535/2555/2555 2534/2483/2483 2565/2396/2396
f 2719/3158/3158 2720/3176/3176 1735/2406/2406
f 2944/3177/3177 2934/3178/3178 2939/3179/3179
f 2520/2854/2854 2537/3170/3170 2522/2855/2855
f 2538/2864/2864 2537/3170/3170 2519/3167/3167
f 2928/3180/3180 2924/3181/3181 2929/3182/3182
f 2521/2875/2875 2542/2874/2874 2529/2873/2873
f 2911/3183/3183 2926/3184/3184 2938/3185/3185
f 2529/2873/2873 2542/2874/2874 2544/2871/2871
f 2891/3186/3186 2901/3187/3187 2886/3188/3188
f 2548/2878/2878 2549/2881/2881 2164/2879/2879
f 2929/3182/3182 2541/2863/2863 187/2865/2865
f 2545/3175/3175 2541/2863/2863 2540/3189/3189
f 2551/3174/3174 2523/2876/2876 2538/2864/2864
f 2554/3190/3190 2556/2888/2888 2562/3191/3191
f 2550/3192/3192 2543/2887/2887 2544/2871/2871
f 2555/2891/2891 2553/2889/2889 2556/2888/2888
f 2550/3192/3192 2544/2871/2871 2542/2874/2874
f 2552/2872/2872 2553/2889/2889 2549/2881/2881
f 2551/3174/3174 2550/3192/3192 2542/2874/2874
f 2558/3193/3193 2557/3194/3194 2545/3175/3175
f 2583/2877/2877 2547/2848/2848 2548/2878/2878
f 3877/2870/2870 2155/2869/2869 2530/3172/3172
f 2155/2869/2869 2547/2848/2848 2161/2849/2849
f 2548/2878/2878 2547/2848/2848 2546/3195/3195
f 2549/2881/2881 2548/2878/2878 2546/3195/3195
f 2164/2879/2879 2165/2278/2278 2583/2877/2877
f 2549/2881/2881 2546/3195/3195 2552/2872/2872
f 2549/2881/2881 2163/2886/2886 2168/2880/2880
f 2551/3174/3174 2542/2874/2874 2523/2876/2876
f 2550/3192/3192 2545/3175/3175 2557/3194/3194
f 2541/2863/2863 2551/3174/3174 2538/2864/2864
f 2550/3192/3192 2551/3174/3174 2545/3175/3175
f 2552/2872/2872 2543/2887/2887 2553/2889/2889
f 2552/2872/2872 2546/3195/3195 3877/2870/2870
f 2557/3194/3194 2556/2888/2888 2543/2887/2887
f 2163/2886/2886 2549/2881/2881 2553/2889/2889
f 2911/3183/3183 2786/3196/3196 2788/3197/3197
f 2163/2886/2886 2553/2889/2889 2555/2891/2891
f 2563/3198/3198 2555/2891/2891 2554/3190/3190
f 2173/2295/2295 2561/2885/2885 2175/2890/2890
f 2543/2887/2887 2550/3192/3192 2557/3194/3194
f 2554/3190/3190 2555/2891/2891 2556/2888/2888
f 2545/3175/3175 2540/3189/3189 2558/3193/3193
f 2556/2888/2888 2557/3194/3194 2562/3191/3191
f 2927/3199/3199 2558/3193/3193 2540/3189/3189
f 2539/3200/3200 2921/3201/3201 2562/3191/3191
f 2921/3201/3201 2919/3202/3202 2920/3203/3203
f 2787/3204/3204 2923/3205/3205 2922/3206/3206
f 2564/3207/3207 2555/2891/2891 2563/3198/3198
f 2564/3207/3207 2174/1657/1657 2584/1659/1659
f 2163/2886/2886 2561/2885/2885 2168/2880/2880
f 2175/2890/2890 2561/2885/2885 2560/2884/2884
f 2557/3194/3194 2558/3193/3193 2562/3191/3191
f 2539/3200/3200 2562/3191/3191 2558/3193/3193
f 2925/3208/3208 2539/3200/3200 2918/3209/3209
f 2564/3207/3207 2563/3198/3198 2559/3210/3210
f 2174/1657/1657 2564/3207/3207 2559/3210/3210
f 2555/2891/2891 2564/3207/3207 2560/2884/2884
f 2535/2555/2555 2565/2396/2396 1877/2395/2395
f 2565/2396/2396 2534/2483/2483 2579/2482/2482
f 2509/2975/2975 2567/3166/3166 2506/3162/3162
f 2566/3164/3164 2567/3166/3166 2568/3165/3165
f 2567/3166/3166 2509/2975/2975 2510/3161/3161
f 2569/2481/2481 2567/3166/3166 2566/3164/3164
f 198/1054/1054 2570/3134/3134 2568/3165/3165
f 2647/1066/1066 2649/3106/3106 364/1065/1065
f 2566/3164/3164 2574/1321/1321 2578/1320/1320
f 2506/3162/3162 2569/2481/2481 2534/2483/2483
f 2462/1053/1053 2570/3134/3134 198/1054/1054
f 2571/3211/3211 2649/3106/3106 2648/3212/3212
f 2572/3213/3213 2574/1321/1321 2568/3165/3165
f 2572/3213/3213 2568/3165/3165 2570/3134/3134
f 2461/3107/3107 2572/3213/3213 2570/3134/3134
f 2574/1321/1321 2572/3213/3213 2571/3211/3211
f 558/317/317 2573/2486/2486 559/651/651
f 2648/3212/3212 2573/2486/2486 2571/3211/3211
f 2574/1321/1321 2571/3211/3211 2575/1322/1322
f 2568/3165/3165 2574/1321/1321 2566/3164/3164
f 1821/1154/1154 2578/1320/1320 2575/1322/1322
f 2571/3211/3211 2573/2486/2486 2575/1322/1322
f 2585/2556/2556 2576/2484/2484 2578/1320/1320
f 1820/1961/1961 1881/2407/2407 2577/2485/2485
f 1740/2389/2389 2565/2396/2396 2579/2482/2482
f 2577/2485/2485 2576/2484/2484 2585/2556/2556
f 2585/2556/2556 2578/1320/1320 1821/1154/1154
f 2566/3164/3164 2578/1320/1320 2576/2484/2484
f 2576/2484/2484 2579/2482/2482 2569/2481/2481
f 2579/2482/2482 2577/2485/2485 1740/2389/2389
f 2580/3156/3156 1735/2406/2406 2935/3214/3214
f 2536/3154/3154 2942/2037/2037 2581/3155/3155
f 2582/2394/2394 2581/3155/3155 2515/3168/3168
f 2494/2404/2404 2580/3156/3156 2581/3155/3155
f 2516/2392/2392 2582/2394/2394 2515/3168/3168
f 2494/2404/2404 2582/2394/2394 2518/2393/2393
f 2146/1548/1548 2583/2877/2877 2165/2278/2278
f 2547/2848/2848 2583/2877/2877 2069/2726/2726
f 2175/2890/2890 2560/2884/2884 2584/1659/1659
f 2564/3207/3207 2584/1659/1659 2560/2884/2884
f 1880/1153/1153 2585/2556/2556 1821/1154/1154
f 2577/2485/2485 2585/2556/2556 1820/1961/1961
f 3534/941/941 190/940/940 3518/3215/3215
f 2604/3216/3216 2609/3217/3217 2605/3218/3218
f 4366/3219/3219 2588/161/161 307/945/945
f 4366/3219/3219 307/945/945 4367/933/933
f 307/945/945 2588/161/161 312/946/946
f 2588/161/161 2587/3220/3220 2589/162/162
f 3556/3221/3221 3555/3222/3222 2586/3223/3223
f 2589/162/162 2587/3220/3220 2591/953/953
f 2590/163/163 315/956/956 316/712/712
f 2588/161/161 2590/163/163 311/951/951
f 2594/954/954 2597/3224/3224 2593/3225/3225
f 2594/954/954 2599/3226/3226 2597/3224/3224
f 3512/3227/3227 3528/3130/3130 3525/3228/3228
f 2607/3098/3098 2620/3229/3229 2609/3217/3217
f 2607/3098/3098 2609/3217/3217 2608/3230/3230
f 2596/3099/3099 2600/950/950 2594/954/954
f 2599/3226/3226 2591/953/953 2586/3223/3223
f 2594/954/954 2593/3225/3225 2596/3099/3099
f 3532/3231/3231 3534/941/941 3518/3215/3215
f 2597/3224/3224 2598/3232/3232 2593/3225/3225
f 2604/3216/3216 2593/3225/3225 2598/3232/3232
f 316/712/712 2602/955/955 218/514/514
f 2599/3226/3226 2594/954/954 2591/953/953
f 2598/3232/3232 2597/3224/3224 2595/3233/3233
f 3632/3234/3234 3633/3235/3235 3634/3236/3236
f 2603/3237/3237 2605/3218/3218 2601/3238/3238
f 2599/3226/3226 2586/3223/3223 3634/3236/3236
f 2597/3224/3224 2599/3226/3226 2595/3233/3233
f 2590/163/163 2600/950/950 315/956/956
f 2594/954/954 2600/950/950 2589/162/162
f 2609/3217/3217 2620/3229/3229 2601/3238/3238
f 2638/515/515 2602/955/955 2603/3237/3237
f 2600/950/950 2602/955/955 315/956/956
f 2603/3237/3237 2602/955/955 2596/3099/3099
f 2605/3218/3218 2596/3099/3099 2593/3225/3225
f 2603/3237/3237 2601/3238/3238 2626/3239/3239
f 2598/3232/3232 2592/3240/3240 2604/3216/3216
f 2604/3216/3216 2592/3240/3240 2608/3230/3230
f 2596/3099/3099 2605/3218/3218 2603/3237/3237
f 2593/3225/3225 2604/3216/3216 2605/3218/3218
f 3584/3241/3241 3589/3242/3242 2410/3044/3044
f 3565/3042/3042 3584/3241/3241 2410/3044/3044
f 2610/296/296 2607/3098/3098 2606/1988/1988
f 2620/3229/3229 2607/3098/3098 194/295/295
f 3604/3243/3243 3597/3244/3244 3603/3245/3245
f 2607/3098/3098 2608/3230/3230 2606/1988/1988
f 2605/3218/3218 2609/3217/3217 2601/3238/3238
f 2608/3230/3230 2609/3217/3217 2604/3216/3216
f 2617/3246/3246 2612/3247/3247 2616/3248/3248
f 2615/1989/1989 2616/3248/3248 2613/297/297
f 3958/3249/3249 3931/3250/3250 3957/3251/3251
f 3933/3252/3252 4048/3253/3253 4047/3254/3254
f 2612/3247/3247 2617/3246/3246 2619/3255/3255
f 2621/3256/3256 2632/3257/3257 4008/3258/3258
f 3603/3245/3245 2606/1988/1988 3604/3243/3243
f 2630/3259/3259 2625/3260/3260 2627/3261/3261
f 3598/3262/3262 3596/3263/3263 3586/3264/3264
f 3592/3265/3265 3587/3266/3266 3585/3267/3267
f 2616/3248/3248 2615/1989/1989 2614/3268/3268
f 2613/297/297 2610/296/296 2615/1989/1989
f 2617/3246/3246 2616/3248/3248 2614/3268/3268
f 2613/297/297 2616/3248/3248 2612/3247/3247
f 3605/3269/3269 3606/3270/3270 3599/3271/3271
f 3591/3272/3272 2619/3255/3255 2617/3246/3246
f 2618/3273/3273 2619/3255/3255 2646/3274/3274
f 2644/3275/3275 2632/3257/3257 2621/3256/3256
f 2646/3274/3274 2619/3255/3255 2611/3276/3276
f 2619/3255/3255 2618/3273/3273 4026/3277/3277
f 2627/3261/3261 2620/3229/3229 194/295/295
f 2626/3239/3239 2633/516/516 2638/515/515
f 4028/3278/3278 4009/3279/3279 4016/3280/3280
f 256/1273/1273 514/1269/1269 2623/1987/1987
f 3994/3281/3281 3984/3282/3282 3993/3283/3283
f 3984/3282/3282 3995/3284/3284 3982/3285/3285
f 3885/1986/1986 514/1269/1269 512/1268/1268
f 2734/1277/1277 2623/1987/1987 2735/3286/3286
f 2627/3261/3261 2629/1267/1267 2643/1266/1266
f 2629/1267/1267 2631/3287/3287 2624/1265/1265
f 2630/3259/3259 194/295/295 2639/467/467
f 2631/3287/3287 2629/1267/1267 2625/3260/3260
f 2643/1266/1266 2601/3238/3238 2620/3229/3229
f 2626/3239/3239 2624/1265/1265 2633/516/516
f 2639/467/467 194/295/295 2613/297/297
f 2629/1267/1267 2627/3261/3261 2625/3260/3260
f 2628/3288/3288 2639/467/467 2640/466/466
f 2630/3259/3259 2632/3257/3257 2625/3260/3260
f 2631/3287/3287 2625/3260/3260 2644/3275/3275
f 2624/1265/1265 2626/3239/3239 2643/1266/1266
f 194/295/295 2630/3259/3259 2627/3261/3261
f 2630/3259/3259 2628/3288/3288 2632/3257/3257
f 2641/3289/3289 2739/3290/3290 2637/1270/1270
f 3882/1264/1264 3886/1271/1271 3885/1986/1986
f 2640/466/466 4025/3291/3291 2628/3288/3288
f 3983/3292/3292 3992/3293/3293 4004/3294/3294
f 2624/1265/1265 2635/1254/1254 2633/516/516
f 2655/1248/1248 4302/3295/3295 507/1249/1249
f 2635/1254/1254 2624/1265/1265 2636/1272/1272
f 3883/1256/1256 3878/3296/3296 3882/1264/1264
f 2636/1272/1272 2624/1265/1265 2631/3287/3287
f 3881/1253/1253 3879/958/958 2635/1254/1254
f 2637/1270/1270 2636/1272/1272 2631/3287/3287
f 2634/1255/1255 2635/1254/1254 2636/1272/1272
f 2641/3289/3289 2637/1270/1270 2631/3287/3287
f 2623/1987/1987 3885/1986/1986 2622/3297/3297
f 2602/955/955 2638/515/515 218/514/514
f 2603/3237/3237 2626/3239/3239 2638/515/515
f 2640/466/466 2613/297/297 2612/3247/3247
f 2630/3259/3259 2639/467/467 2628/3288/3288
f 4025/3291/3291 4026/3277/3277 4015/3298/3298
f 4029/3299/3299 4015/3298/3298 4030/3300/3300
f 2644/3275/3275 2641/3289/3289 2631/3287/3287
f 4007/3301/3301 2739/3290/3290 2621/3256/3256
f 2611/3276/3276 3619/3302/3302 2646/3274/3274
f 2844/3303/3303 1471/3304/3304 2841/2144/2144
f 2601/3238/3238 2643/1266/1266 2626/3239/3239
f 2627/3261/3261 2643/1266/1266 2620/3229/3229
f 2632/3257/3257 2644/3275/3275 2625/3260/3260
f 2641/3289/3289 2644/3275/3275 2621/3256/3256
f 3591/3272/3272 3613/3305/3305 2611/3276/3276
f 3962/3306/3306 3912/3307/3307 3970/3308/3308
f 3619/3302/3302 2611/3276/3276 3613/3305/3305
f 4031/3309/3309 4030/3300/3300 2646/3274/3274
f 2648/3212/3212 225/608/608 2573/2486/2486
f 2461/3107/3107 2649/3106/3106 2572/3213/3213
f 2649/3106/3106 2571/3211/3211 2572/3213/3213
f 2648/3212/3212 2647/1066/1066 2652/1060/1060
f 2462/1053/1053 2650/3105/3105 2461/3107/3107
f 2647/1066/1066 2648/3212/3212 2649/3106/3106
f 2423/1550/1550 2650/3105/3105 2419/3104/3104
f 364/1065/1065 2649/3106/3106 2650/3105/3105
f 364/1065/1065 365/815/815 2651/1061/1061
f 366/1056/1056 2651/1061/1061 365/815/815
f 358/196/196 2652/1060/1060 366/1056/1056
f 2648/3212/3212 2652/1060/1060 225/608/608
f 2654/1238/1238 500/263/263 136/982/982
f 2653/474/474 2654/1238/1238 777/983/983
f 777/983/983 2654/1238/1238 137/984/984
f 500/263/263 2654/1238/1238 2653/474/474
f 4479/3310/3310 2655/1248/1248 4466/3311/3311
f 4302/3295/3295 2655/1248/1248 334/991/991
f 2658/1435/1435 2659/1434/1434 2660/2627/2627
f 2656/1413/1413 662/1426/1426 663/1247/1247
f 2712/3312/3312 2745/3313/3313 2715/3314/3314
f 2693/3315/3315 2692/3316/3316 2688/3317/3317
f 2662/2628/2628 2658/1435/1435 2661/3318/3318
f 2658/1435/1435 2662/2628/2628 2673/3319/3319
f 2660/2627/2627 2659/1434/1434 2656/1413/1413
f 2658/1435/1435 2673/3319/3319 2667/1432/1432
f 2707/279/279 2705/3320/3320 2660/2627/2627
f 2662/2628/2628 2661/3318/3318 2657/3321/3321
f 2658/1435/1435 2660/2627/2627 2661/3318/3318
f 235/1629/1629 2707/279/279 2660/2627/2627
f 2676/3322/3322 2684/2629/2629 2686/3323/3323
f 2673/3319/3319 1944/2630/2630 2663/3324/3324
f 1613/2408/2408 2668/1430/1430 2683/1429/1429
f 2666/1433/1433 2663/3324/3324 2681/3325/3325
f 2681/3325/3325 1944/2630/2630 2675/3326/3326
f 2668/1430/1430 1613/2408/2408 1746/2109/2109
f 2665/1438/1438 665/1431/1431 2666/1433/1433
f 670/1436/1436 2665/1438/1438 2664/1437/1437
f 665/1431/1431 668/1416/1416 2666/1433/1433
f 2667/1432/1432 668/1416/1416 662/1426/1426
f 2659/1434/1434 2667/1432/1432 662/1426/1426
f 2663/3324/3324 2666/1433/1433 2667/1432/1432
f 674/1444/1444 2668/1430/1430 1746/2109/2109
f 2674/1439/1439 2680/1428/1428 2668/1430/1430
f 2979/3327/3327 2976/3328/3328 2969/3329/3329
f 1947/2266/2266 2717/414/414 1817/2633/2633
f 2696/3330/3330 2700/3331/3331 2697/3332/3332
f 2696/3330/3330 2695/2476/2476 2671/2384/2384
f 207/1422/1422 1946/1424/1424 2672/2632/2632
f 2696/3330/3330 2679/415/415 2695/2476/2476
f 1944/2630/2630 2684/2629/2629 2677/632/632
f 2671/2384/2384 2672/2632/2632 2689/631/631
f 1944/2630/2630 2673/3319/3319 2662/2628/2628
f 2667/1432/1432 2673/3319/3319 2663/3324/3324
f 676/1425/1425 2674/1439/1439 674/1444/1444
f 2664/1437/1437 2674/1439/1439 670/1436/1436
f 2675/3326/3326 2680/1428/1428 2681/3325/3325
f 2682/3333/3333 2675/3326/3326 1944/2630/2630
f 2684/2629/2629 2702/3334/3334 2686/3323/3323
f 2694/3335/3335 2688/3317/3317 2691/3336/3336
f 2677/632/632 1945/2631/2631 2682/3333/3333
f 2687/630/630 2677/632/632 2676/3322/3322
f 2670/3337/3337 2687/630/630 2694/3335/3335
f 2851/2454/2454 2857/2362/2362 208/2452/2452
f 2671/2384/2384 2695/2476/2476 1948/2383/2383
f 2697/3332/3332 2701/416/416 2679/415/415
f 2681/3325/3325 2680/1428/1428 2664/1437/1437
f 2683/1429/1429 2680/1428/1428 2675/3326/3326
f 2666/1433/1433 2681/3325/3325 2664/1437/1437
f 1944/2630/2630 2681/3325/3325 2663/3324/3324
f 2677/632/632 2682/3333/3333 1944/2630/2630
f 2683/1429/1429 2682/3333/3333 1945/2631/2631
f 2682/3333/3333 2683/1429/1429 2675/3326/3326
f 1946/1424/1424 2683/1429/1429 1945/2631/2631
f 2702/3334/3334 2662/2628/2628 2657/3321/3321
f 2677/632/632 2684/2629/2629 2676/3322/3322
f 2710/3338/3338 2712/3312/3312 2724/3339/3339
f 2688/3317/3317 2692/3316/3316 2669/3340/3340
f 2702/3334/3334 2684/2629/2629 2662/2628/2628
f 2693/3315/3315 2686/3323/3323 2685/3341/3341
f 2688/3317/3317 2687/630/630 2676/3322/3322
f 2689/631/631 2687/630/630 2670/3337/3337
f 2692/3316/3316 2693/3315/3315 2690/3342/3342
f 2688/3317/3317 2669/3340/3340 2691/3336/3336
f 2671/2384/2384 2689/631/631 2670/3337/3337
f 2677/632/632 2689/631/631 2672/2632/2632
f 2685/3341/3341 2724/3339/3339 2712/3312/3312
f 3009/3343/3343 4127/3344/3344 2978/3345/3345
f 2751/3346/3346 2740/3347/3347 2741/3348/3348
f 2699/3349/3349 2700/3331/3331 2696/3330/3330
f 2693/3315/3315 2688/3317/3317 2676/3322/3322
f 2692/3316/3316 2690/3342/3342 2980/3350/3350
f 2686/3323/3323 2693/3315/3315 2676/3322/3322
f 2715/3314/3314 2685/3341/3341 2712/3312/3312
f 2688/3317/3317 2694/3335/3335 2687/630/630
f 2691/3336/3336 2670/3337/3337 2694/3335/3335
f 2696/3330/3330 2671/2384/2384 2670/3337/3337
f 1875/2477/2477 2695/2476/2476 2679/415/415
f 2691/3336/3336 2751/3346/3346 2699/3349/3349
f 2701/416/416 2697/3332/3332 2678/3351/3351
f 2679/415/415 2696/3330/3330 2697/3332/3332
f 2696/3330/3330 2670/3337/3337 2699/3349/3349
f 2740/3347/3347 2691/3336/3336 2669/3340/3340
f 2956/3352/3352 2957/3353/3353 2958/3354/3354
f 2691/3336/3336 2699/3349/3349 2670/3337/3337
f 2699/3349/3349 2698/3355/3355 2700/3331/3331
f 2951/3356/3356 2949/3357/3357 2678/3351/3351
f 2678/3351/3351 2697/3332/3332 2700/3331/3331
f 2701/416/416 2721/3358/3358 2720/3176/3176
f 2496/2405/2405 2719/3158/3158 1735/2406/2406
f 2724/3339/3339 2702/3334/3334 2657/3321/3321
f 2686/3323/3323 2702/3334/3334 2685/3341/3341
f 2657/3321/3321 2661/3318/3318 2705/3320/3320
f 2704/3359/3359 2710/3338/3338 2705/3320/3320
f 510/1259/1259 2711/1627/1627 909/1427/1427
f 2747/3360/3360 2732/3361/3361 2752/3362/3362
f 2660/2627/2627 2705/3320/3320 2661/3318/3318
f 2704/3359/3359 2994/465/465 2710/3338/3338
f 2706/3363/3363 2714/1628/1628 2746/3364/3364
f 4123/3365/3365 3005/3366/3366 4124/3367/3367
f 2709/277/277 2707/279/279 235/1629/1629
f 2704/3359/3359 2705/3320/3320 2707/279/279
f 235/1629/1629 2713/1260/1260 2709/277/277
f 2708/1261/1261 2714/1628/1628 2726/3368/3368
f 2713/1260/1260 235/1629/1629 909/1427/1427
f 2730/3369/3369 2708/1261/1261 2726/3368/3368
f 2710/3338/3338 2703/3370/3370 2712/3312/3312
f 2705/3320/3320 2710/3338/3338 2724/3339/3339
f 517/1258/1258 2742/1274/1274 2723/3371/3371
f 2714/1628/1628 2706/3363/3363 2726/3368/3368
f 2744/3372/3372 2712/3312/3312 2703/3370/3370
f 2693/3315/3315 2715/3314/3314 2690/3342/3342
f 909/1427/1427 2711/1627/1627 2713/1260/1260
f 2708/1261/1261 2713/1260/1260 2711/1627/1627
f 2723/3371/3371 2711/1627/1627 510/1259/1259
f 2722/3373/3373 2742/1274/1274 2747/3360/3360
f 2685/3341/3341 2715/3314/3314 2693/3315/3315
f 2712/3312/3312 2744/3372/3372 2745/3313/3313
f 4127/3344/3344 2991/3374/3374 2985/3375/3375
f 2855/3376/3376 2859/2357/2357 2862/3377/3377
f 2679/415/415 2717/414/414 1875/2477/2477
f 2719/3158/3158 2717/414/414 2701/416/416
f 2698/3355/3355 2951/3356/3356 2700/3331/3331
f 2893/3378/3378 2875/2358/2358 2874/3379/3379
f 2717/414/414 2719/3158/3158 1817/2633/2633
f 2720/3176/3176 2719/3158/3158 2701/416/416
f 2721/3358/3358 2701/416/416 2678/3351/3351
f 2935/3214/3214 2936/3380/3380 2945/2385/2385
f 2949/3357/3357 2721/3358/3358 2678/3351/3351
f 2718/3381/3381 2720/3176/3176 2721/3358/3358
f 2750/1279/1279 2749/1276/1276 256/1273/1273
f 2714/1628/1628 2711/1627/1627 2743/3382/3382
f 517/1258/1258 2723/3371/3371 510/1259/1259
f 2743/3382/3382 2723/3371/3371 2722/3373/3373
f 2702/3334/3334 2724/3339/3339 2685/3341/3341
f 2724/3339/3339 2657/3321/3321 2705/3320/3320
f 2725/3383/3383 2986/2691/2691 2984/3384/3384
f 2983/3385/3385 2981/3386/3386 2725/3383/3383
f 2998/3387/3387 2727/3388/3388 2992/3389/3389
f 2730/3369/3369 2729/278/278 2708/1261/1261
f 2727/3388/3388 2998/3387/3387 3000/3390/3390
f 3019/3391/3391 3016/3392/3392 3013/3393/3393
f 3000/3390/3390 3001/3394/3394 2999/3395/3395
f 2992/3389/3389 2997/464/464 2998/3387/3387
f 2996/463/463 2729/278/278 2728/3396/3396
f 2707/279/279 2729/278/278 2704/3359/3359
f 3001/3394/3394 2726/3368/3368 2706/3363/3363
f 2728/3396/3396 2729/278/278 2730/3369/3369
f 2734/1277/1277 256/1273/1273 2623/1987/1987
f 2750/1279/1279 2736/1278/1278 2732/3361/3361
f 2748/3397/3397 2752/3362/3362 2746/3364/3364
f 779/1250/1250 2749/1276/1276 519/1275/1275
f 2733/3398/3398 2734/1277/1277 2735/3286/3286
f 3190/3399/3399 3186/3400/3400 3193/3401/3401
f 2735/3286/3286 2623/1987/1987 2622/3297/3297
f 2734/1277/1277 2733/3398/3398 2736/1278/1278
f 2641/3289/3289 2621/3256/3256 2739/3290/3290
f 2735/3286/3286 2622/3297/3297 2738/3402/3402
f 3982/3285/3285 2736/1278/1278 2733/3398/3398
f 2732/3361/3361 2736/1278/1278 2731/3403/3403
f 2621/3256/3256 4008/3258/3258 4007/3301/3301
f 3985/3404/3404 3997/3405/3405 3996/3406/3406
f 2622/3297/3297 2637/1270/1270 2739/3290/3290
f 3988/3407/3407 2738/3402/3402 2737/3408/3408
f 2737/3408/3408 2738/3402/3402 2739/3290/3290
f 2622/3297/3297 2739/3290/3290 2738/3402/3402
f 2978/3345/3345 2977/3409/3409 3007/3410/3410
f 2741/3348/3348 2740/3347/3347 2716/3411/3411
f 2952/3412/3412 2741/3348/3348 2973/3413/3413
f 2698/3355/3355 2699/3349/3349 2751/3346/3346
f 2747/3360/3360 2742/1274/1274 519/1275/1275
f 2723/3371/3371 2742/1274/1274 2722/3373/3373
f 2723/3371/3371 2743/3382/3382 2711/1627/1627
f 2743/3382/3382 2722/3373/3373 2748/3397/3397
f 2744/3372/3372 2703/3370/3370 2986/2691/2691
f 2744/3372/3372 2725/3383/3383 2745/3313/3313
f 2745/3313/3313 2725/3383/3383 2981/3386/3386
f 2715/3314/3314 2745/3313/3313 2690/3342/3342
f 2714/1628/1628 2743/3382/3382 2748/3397/3397
f 2731/3403/3403 3980/3414/3414 3979/3415/3415
f 2749/1276/1276 2747/3360/3360 519/1275/1275
f 2732/3361/3361 2731/3403/3403 2752/3362/3362
f 2748/3397/3397 2746/3364/3364 2714/1628/1628
f 2722/3373/3373 2747/3360/3360 2748/3397/3397
f 256/1273/1273 2749/1276/1276 515/1257/1257
f 2747/3360/3360 2749/1276/1276 2732/3361/3361
f 2749/1276/1276 2750/1279/1279 2732/3361/3361
f 2734/1277/1277 2750/1279/1279 256/1273/1273
f 2740/3347/3347 2751/3346/3346 2691/3336/3336
f 2698/3355/3355 2751/3346/3346 2741/3348/3348
f 2746/3364/3364 2752/3362/3362 2731/3403/3403
f 2747/3360/3360 2752/3362/3362 2748/3397/3397
f 2755/1445/1445 2757/683/683 286/877/877
f 2766/1830/1830 2753/681/681 3888/3416/3416
f 1381/2181/2181 2414/2965/2965 2756/1640/1640
f 2766/1830/1830 3888/3416/3416 236/870/870
f 1381/2181/2181 2755/1445/1445 1517/876/876
f 2757/683/683 2755/1445/1445 2754/2034/2034
f 2761/2882/2882 2794/2964/2964 2767/3417/3417
f 2754/2034/2034 2756/1640/1640 2759/871/871
f 2757/683/683 2754/2034/2034 3888/3416/3416
f 286/877/877 2757/683/683 680/682/682
f 2767/3417/3417 206/3418/3418 2769/3419/3419
f 2759/871/871 236/870/870 3888/3416/3416
f 2760/1639/1639 2759/871/871 2756/1640/1640
f 2762/872/872 2759/871/871 2758/2883/2883
f 1172/1641/1641 2413/2967/2967 2761/2882/2882
f 2759/871/871 2760/1639/1639 2758/2883/2883
f 2761/2882/2882 2760/1639/1639 1172/1641/1641
f 2795/2963/2963 2174/1657/1657 2789/3420/3420
f 2758/2883/2883 2767/3417/3417 2777/3421/3421
f 2765/1141/1141 2764/1142/1142 2763/1656/1656
f 2769/3419/3419 2781/3422/3422 2777/3421/3421
f 2765/1141/1141 2784/3423/3423 1166/868/868
f 2776/3424/3424 2764/1142/1142 2762/872/872
f 2763/1656/1656 2784/3423/3423 2765/1141/1141
f 2791/1831/1831 2765/1141/1141 1166/868/868
f 2765/1141/1141 2791/1831/1831 2766/1830/1830
f 2765/1141/1141 2766/1830/1830 236/870/870
f 284/449/449 2753/681/681 2766/1830/1830
f 2769/3419/3419 206/3418/3418 2786/3196/3196
f 2758/2883/2883 2761/2882/2882 2767/3417/3417
f 2771/1660/1660 2772/1647/1647 942/1654/1654
f 2762/872/872 2758/2883/2883 2777/3421/3421
f 2775/2338/2338 2780/3425/3425 2774/3426/3426
f 2781/3422/3422 2769/3419/3419 2785/3427/3427
f 933/1644/1644 2779/1839/1839 2771/1660/1660
f 2782/1655/1655 2778/3428/3428 2790/3429/3429
f 2779/1839/1839 933/1644/1644 1173/1642/1642
f 2772/1647/1647 2771/1660/1660 2770/3430/3430
f 2773/1648/1648 2772/1647/1647 2770/3430/3430
f 939/1646/1646 1382/402/402 2772/1647/1647
f 2778/3428/3428 2773/1648/1648 2770/3430/3430
f 2768/3431/3431 2775/2338/2338 2773/1648/1648
f 2768/3431/3431 2781/3422/3422 2785/3427/3427
f 2792/2182/2182 2793/2451/2451 1683/400/400
f 2775/2338/2338 2768/3431/3431 2785/3427/3427
f 2775/2338/2338 2774/3426/3426 2792/2182/2182
f 2768/3431/3431 2773/1648/1648 2778/3428/3428
f 2776/3424/3424 2782/1655/1655 2764/1142/1142
f 2769/3419/3419 2777/3421/3421 2767/3417/3417
f 2762/872/872 2777/3421/3421 2776/3424/3424
f 2783/3432/3432 2790/3429/3429 2779/1839/1839
f 2778/3428/3428 2776/3424/3424 2781/3422/3422
f 2782/1655/1655 2783/3432/3432 2763/1656/1656
f 2771/1660/1660 2779/1839/1839 2770/3430/3430
f 2786/3196/3196 2780/3425/3425 2785/3427/3427
f 1518/2340/2340 2793/2451/2451 2910/3433/3433
f 2778/3428/3428 2781/3422/3422 2768/3431/3431
f 2777/3421/3421 2781/3422/3422 2776/3424/3424
f 2776/3424/3424 2778/3428/3428 2782/1655/1655
f 2778/3428/3428 2770/3430/3430 2790/3429/3429
f 2779/1839/1839 285/869/869 2783/3432/3432
f 2784/3423/3423 285/869/869 1166/868/868
f 2763/1656/1656 2783/3432/3432 2784/3423/3423
f 285/869/869 2784/3423/3423 2783/3432/3432
f 2786/3196/3196 2785/3427/3427 2769/3419/3419
f 2775/2338/2338 2785/3427/3427 2780/3425/3425
f 2789/3420/3420 2787/3204/3204 2788/3197/3197
f 2786/3196/3196 206/3418/3418 2788/3197/3197
f 2925/3208/3208 2921/3201/3201 2539/3200/3200
f 2918/3209/3209 2924/3181/3181 2917/3434/3434
f 2788/3197/3197 206/3418/3418 2794/2964/2964
f 2788/3197/3197 2787/3204/3204 2911/3183/3183
f 2794/2964/2964 206/3418/3418 2767/3417/3417
f 2174/1657/1657 2559/3210/3210 2923/3205/3205
f 2779/1839/1839 2790/3429/3429 2770/3430/3430
f 2782/1655/1655 2790/3429/3429 2783/3432/3432
f 1167/1446/1446 2791/1831/1831 1166/868/868
f 284/449/449 2791/1831/1831 406/786/786
f 2775/2338/2338 2792/2182/2182 939/1646/1646
f 2793/2451/2451 2792/2182/2182 2774/3426/3426
f 2780/3425/3425 2911/3183/3183 2912/3435/3435
f 2793/2451/2451 1518/2340/2340 1789/2447/2447
f 2795/2963/2963 2761/2882/2882 2254/2892/2892
f 2788/3197/3197 2794/2964/2964 2789/3420/3420
f 2174/1657/1657 2795/2963/2963 2254/2892/2892
f 2789/3420/3420 2794/2964/2964 2795/2963/2963
f 3136/1700/1700 3128/726/726 3134/3436/3436
f 3153/543/543 1004/1226/1226 3150/1692/1692
f 3134/3436/3436 3137/3437/3437 3146/1508/1508
f 3145/1514/1514 3149/380/380 3144/180/180
f 1247/1105/1105 2798/1104/1104 773/986/986
f 2798/1104/1104 764/1103/1103 1012/1702/1702
f 3834/3064/3064 224/3061/3061 3825/3059/3059
f 3740/3438/3438 3726/3439/3439 3739/3070/3070
f 2800/420/420 726/431/431 2360/433/433
f 1208/421/421 2800/420/420 1205/1872/1872
f 2802/1666/1666 188/2226/2226 1712/2367/2367
f 1403/1469/1469 2801/1878/1878 712/422/422
f 1712/2367/2367 1794/2231/2231 2803/2368/2368
f 712/422/422 2801/1878/1878 2802/1666/1666
f 2803/2368/2368 1567/2228/2228 2806/3440/3440
f 2802/1666/1666 2803/2368/2368 2811/1667/1667
f 2806/3440/3440 2807/1188/1188 2804/3441/3441
f 242/1183/1183 2810/3442/3442 2809/1879/1879
f 2806/3440/3440 2805/423/423 2803/2368/2368
f 2806/3440/3440 2812/576/576 2805/423/423
f 2807/1188/1188 2806/3440/3440 1567/2228/2228
f 2806/3440/3440 2804/3441/3441 2812/576/576
f 1571/2227/2227 2807/1188/1188 1567/2228/2228
f 1569/2073/2073 2808/1187/1187 1568/1189/1189
f 2809/1879/1879 961/1672/1672 1210/1473/1473
f 2804/3441/3441 2807/1188/1188 2808/1187/1187
f 2810/3442/3442 242/1183/1183 435/1182/1182
f 2808/1187/1187 2809/1879/1879 2804/3441/3441
f 437/575/575 2810/3442/3442 435/1182/1182
f 2804/3441/3441 2809/1879/1879 2810/3442/3442
f 2803/2368/2368 2805/423/423 2811/1667/1667
f 712/422/422 2811/1667/1667 2805/423/423
f 2804/3441/3441 2810/3442/3442 2812/576/576
f 437/575/575 2812/576/576 2810/3442/3442
f 1648/89/89 4227/2017/2017 203/775/775
f 4315/3443/3443 4317/3444/3444 4313/3445/3445
f 2815/455/455 1650/454/454 2816/2123/2123
f 2813/1977/1977 4303/3446/3446 4308/3447/3447
f 1650/454/454 1756/1803/1803 2816/2123/2123
f 2814/1978/1978 4308/3447/3447 4305/3448/3448
f 1313/1775/1775 2818/1797/1797 1111/1773/1773
f 2814/1978/1978 2815/455/455 2816/2123/2123
f 3893/1981/1981 1314/1798/1798 1318/1975/1975
f 3889/3449/3449 3892/3450/3450 3893/1981/1981
f 1314/1798/1798 2818/1797/1797 1313/1775/1775
f 2816/2123/2123 2818/1797/1797 2817/1799/1799
f 2821/2013/2013 1322/2122/2122 1466/1985/1985
f 2821/2013/2013 2824/2119/2119 2819/2009/2009
f 1321/1776/1776 2820/1982/1982 1319/1984/1984
f 1322/2122/2122 2819/2009/2009 2820/1982/1982
f 2824/2119/2119 2821/2013/2013 1346/2014/2014
f 1322/2122/2122 2821/2013/2013 2819/2009/2009
f 2824/2119/2119 1353/1983/1983 4234/2015/2015
f 4234/2015/2015 4219/1810/1810 4224/2428/2428
f 2822/3451/3451 1463/88/88 2823/2012/2012
f 1649/87/87 2823/2012/2012 1463/88/88
f 1353/1983/1983 2824/2119/2119 1346/2014/2014
f 2823/2012/2012 2824/2119/2119 2822/3451/3451
f 3909/1999/1999 1606/1928/1928 3915/3452/3452
f 3957/3251/3251 3929/3453/3453 3958/3249/3249
f 4256/2101/2101 3900/2986/2986 1442/3454/3454
f 3900/2986/2986 4368/1727/1727 2826/1726/1726
f 2828/1956/1956 2827/2106/2106 1441/1957/1957
f 1444/1951/1951 1447/289/289 2827/2106/2106
f 2832/1948/1948 2829/3455/3455 2830/1958/1958
f 2828/1956/1956 2826/1726/1726 4370/1725/1725
f 2833/2996/2996 197/3068/3068 3488/2997/2997
f 2830/1958/1958 2829/3455/3455 4270/3456/3456
f 2832/1948/1948 2830/1958/1958 3437/3457/3457
f 2829/3455/3455 4269/3458/3458 4270/3456/3456
f 3418/3002/3002 3427/3001/3001 3430/3459/3459
f 3355/3460/3460 3354/3461/3461 3328/3462/3462
f 3437/3457/3457 2830/1958/1958 1441/1957/1957
f 3438/1950/1950 2833/2996/2996 2832/1948/1948
f 3488/2997/2997 197/3068/3068 3489/2922/2922
f 2829/3455/3455 2832/1948/1948 2833/2996/2996
f 848/1553/1553 2834/1583/1583 847/1569/1569
f 1453/1749/1749 2834/1583/1583 846/324/324
f 3904/1998/1998 2839/2262/2262 2835/2145/2145
f 3166/2263/2263 1604/2261/2261 3165/2005/2005
f 1472/2132/2132 2836/2140/2140 1475/2088/2088
f 2836/2140/2140 2835/2145/2145 2839/2262/2262
f 1477/2131/2131 1476/2134/2134 2837/2139/2139
f 2837/2139/2139 2841/2144/2144 2840/3463/3463
f 3903/3464/3464 2835/2145/2145 2840/3463/3463
f 2838/1997/1997 3915/3452/3452 1604/2261/2261
f 3904/1998/1998 2835/2145/2145 3902/3465/3465
f 2839/2262/2262 2838/1997/1997 3166/2263/2263
f 3903/3464/3464 3906/3466/3466 3960/3467/3467
f 2835/2145/2145 2837/2139/2139 2840/3463/3463
f 4331/3468/3468 2843/3469/3469 2844/3303/3303
f 1471/3304/3304 2840/3463/3463 2841/2144/2144
f 4050/2124/2124 4043/3470/3470 4044/3471/3471
f 2843/3469/3469 3917/3472/3472 3907/3473/3473
f 2841/2144/2144 4331/3468/3468 2844/3303/3303
f 3942/3474/3474 3911/3475/3475 3905/3476/3476
f 4331/3468/3468 2841/2144/2144 1476/2134/2134
f 3907/3473/3473 3906/3466/3466 1471/3304/3304
f 2845/2186/2186 1543/3477/3477 2846/2344/2344
f 1547/2187/2187 2845/2186/2186 1544/2196/2196
f 2847/3478/3478 3116/2455/2455 3080/3479/3479
f 3174/3480/3480 3170/3481/3481 3172/2203/2203
f 3112/3482/3482 3057/3483/3483 3058/3484/3484
f 2850/3485/3485 3126/2205/2205 1548/2048/2048
f 1791/2353/2353 2848/2207/2207 1793/2352/2352
f 2850/3485/3485 2848/2207/2207 2847/3478/3478
f 2847/3478/3478 2848/2207/2207 2849/2453/2453
f 2852/2456/2456 2848/2207/2207 1791/2353/2353
f 2847/3478/3478 3118/3486/3486 3126/2205/2205
f 1548/2048/2048 2848/2207/2207 2850/3485/3485
f 2853/2355/2355 2851/2454/2454 2852/2456/2456
f 2859/2357/2357 2864/2361/2361 2858/3487/3487
f 2848/2207/2207 2852/2456/2456 2849/2453/2453
f 2853/2355/2355 2852/2456/2456 1791/2353/2353
f 1697/2190/2190 2853/2355/2355 1791/2353/2353
f 2853/2355/2355 1696/1845/1845 2856/2360/2360
f 2870/3488/3488 1703/2350/2350 2872/2534/2534
f 2955/3489/3489 2957/3353/3353 2937/3490/3490
f 2851/2454/2454 2853/2355/2355 2856/2360/2360
f 2966/3491/3491 2963/3492/3492 2854/2359/2359
f 2866/2365/2365 1696/1845/1845 1705/1844/1844
f 2858/3487/3487 2875/2358/2358 2859/2357/2357
f 2856/2360/2360 2857/2362/2362 2851/2454/2454
f 2855/3376/3376 2862/3377/3377 2863/3493/3493
f 2856/2360/2360 2865/2364/2364 2858/3487/3487
f 2858/3487/3487 2865/2364/2364 2869/3494/3494
f 2961/3495/3495 2959/3496/3496 2956/3352/3352
f 2864/2361/2361 2859/2357/2357 2855/3376/3376
f 2964/3497/3497 2976/3328/3328 2975/2680/2680
f 2855/3376/3376 2863/3493/3493 2857/2362/2362
f 2960/3498/3498 2965/3499/3499 2963/3492/3492
f 3079/3500/3500 3114/3501/3501 3074/3502/3502
f 2963/3492/3492 2859/2357/2357 2854/2359/2359
f 2863/3493/3493 208/2452/2452 2857/2362/2362
f 2862/3377/3377 2861/3503/3503 2863/3493/3493
f 3077/3504/3504 3063/3505/3505 3075/3506/3506
f 2857/2362/2362 2864/2361/2361 2855/3376/3376
f 2856/2360/2360 2858/3487/3487 2864/2361/2361
f 2856/2360/2360 1696/1845/1845 2866/2365/2365
f 2880/3507/3507 2870/3488/3488 2871/2445/2445
f 1705/1844/1844 1704/2351/2351 2873/2363/2363
f 2856/2360/2360 2866/2365/2365 2865/2364/2364
f 2867/3508/3508 2880/3507/3507 2876/2450/2450
f 2888/3509/3509 2893/3378/3378 2894/3510/3510
f 1703/2350/2350 2870/3488/3488 2865/2364/2364
f 2880/3507/3507 2881/3511/3511 2868/3512/3512
f 2870/3488/3488 2869/3494/3494 2865/2364/2364
f 2875/2358/2358 2869/3494/3494 2868/3512/3512
f 2872/2534/2534 1703/2350/2350 1861/2349/2349
f 2869/3494/3494 2870/3488/3488 2868/3512/3512
f 2880/3507/3507 2883/2448/2448 2876/2450/2450
f 2880/3507/3507 2867/3508/3508 2881/3511/3511
f 1782/2446/2446 2872/2534/2534 1861/2349/2349
f 2870/3488/3488 2872/2534/2534 2871/2445/2445
f 2865/2364/2364 2873/2363/2363 1703/2350/2350
f 1705/1844/1844 2873/2363/2363 2866/2365/2365
f 2885/3513/3513 2867/3508/3508 2876/2450/2450
f 2887/3514/3514 2867/3508/3508 2885/3513/3513
f 2869/3494/3494 2875/2358/2358 2858/3487/3487
f 2875/2358/2358 2868/3512/3512 2881/3511/3511
f 1684/2038/2038 1787/1857/1857 2877/2449/2449
f 2879/3515/3515 2876/2450/2450 2877/2449/2449
f 1789/2447/2447 2877/2449/2449 1787/1857/1857
f 2879/3515/3515 2914/2339/2339 2878/3516/3516
f 2905/2386/2386 2947/3517/3517 2946/3518/3518
f 2879/3515/3515 2885/3513/3513 2876/2450/2450
f 2914/2339/2339 2879/3515/3515 2877/2449/2449
f 2885/3513/3513 2879/3515/3515 2878/3516/3516
f 2870/3488/3488 2880/3507/3507 2868/3512/3512
f 2880/3507/3507 2871/2445/2445 2883/2448/2448
f 2887/3514/3514 2881/3511/3511 2867/3508/3508
f 2875/2358/2358 2881/3511/3511 2874/3379/3379
f 2882/3519/3519 2899/3520/3520 2946/3518/3518
f 2875/2358/2358 2893/3378/3378 2854/2359/2359
f 1785/2039/2039 2883/2448/2448 2871/2445/2445
f 2877/2449/2449 2883/2448/2448 1684/2038/2038
f 2887/3514/3514 2892/3521/3521 2884/3522/3522
f 2886/3188/3188 2889/3523/3523 2891/3186/3186
f 2886/3188/3188 2885/3513/3513 2878/3516/3516
f 2885/3513/3513 2886/3188/3188 2892/3521/3521
f 2878/3516/3516 2889/3523/3523 2886/3188/3188
f 2907/3524/3524 2900/3525/3525 2906/3526/3526
f 2895/2342/2342 2888/3509/3509 2894/3510/3510
f 2881/3511/3511 2887/3514/3514 2874/3379/3379
f 2894/3510/3510 2874/3379/3379 2887/3514/3514
f 2970/3527/3527 2959/3496/3496 2961/3495/3495
f 2916/3528/3528 2889/3523/3523 2878/3516/3516
f 2890/3529/3529 2933/3530/3530 2906/3526/3526
f 2929/3182/3182 2890/3529/3529 2928/3180/3180
f 2931/3531/3531 2939/3179/3179 2897/3532/3532
f 2907/3524/3524 2889/3523/3523 1383/3533/3533
f 2941/2036/2036 2929/3182/3182 187/2865/2865
f 2884/3522/3522 2892/3521/3521 2886/3188/3188
f 2887/3514/3514 2885/3513/3513 2892/3521/3521
f 2894/3510/3510 2893/3378/3378 2874/3379/3379
f 2893/3378/3378 2888/3509/3509 2966/3491/3491
f 2884/3522/3522 2896/2343/2343 2887/3514/3514
f 2888/3509/3509 2895/2342/2342 2882/3519/3519
f 2894/3510/3510 2896/2343/2343 2895/2342/2342
f 2903/2341/2341 2896/2343/2343 2898/3534/3534
f 2887/3514/3514 2896/2343/2343 2894/3510/3510
f 2896/2343/2343 2884/3522/3522 2898/3534/3534
f 2932/3535/3535 2901/3187/3187 2933/3530/3530
f 2536/3154/3154 2935/3214/3214 2934/3178/3178
f 2901/3187/3187 2884/3522/3522 2886/3188/3188
f 2899/3520/3520 2882/3519/3519 2895/2342/2342
f 2931/3531/3531 2904/3536/3536 2898/3534/3534
f 2904/3536/3536 2905/2386/2386 2899/3520/3520
f 1383/3533/3533 2915/1842/1842 2917/3434/3434
f 2900/3525/3525 2917/3434/3434 2924/3181/3181
f 2891/3186/3186 2906/3526/3526 2933/3530/3530
f 2884/3522/3522 2901/3187/3187 2932/3535/3535
f 2904/3536/3536 2931/3531/3531 2897/3532/3532
f 2902/3537/3537 2931/3531/3531 2932/3535/3535
f 2904/3536/3536 2903/2341/2341 2898/3534/3534
f 2895/2342/2342 2903/2341/2341 2899/3520/3520
f 2904/3536/3536 2897/3532/3532 2943/2387/2387
f 2903/2341/2341 2904/3536/3536 2899/3520/3520
f 2945/2385/2385 2943/2387/2387 2934/3178/3178
f 2947/3517/3517 2905/2386/2386 2945/2385/2385
f 2907/3524/3524 2906/3526/3526 2891/3186/3186
f 2928/3180/3180 2906/3526/3526 2900/3525/3525
f 2889/3523/3523 2907/3524/3524 2891/3186/3186
f 1383/3533/3533 2900/3525/3525 2907/3524/3524
f 2910/3433/3433 2909/1841/1841 2913/1840/1840
f 2908/3538/3538 2925/3208/3208 2918/3209/3209
f 2774/3426/3426 2780/3425/3425 2912/3435/3435
f 2786/3196/3196 2911/3183/3183 2780/3425/3425
f 2912/3435/3435 2793/2451/2451 2774/3426/3426
f 2915/1842/1842 2909/1841/1841 2938/3185/3185
f 2911/3183/3183 2787/3204/3204 2926/3184/3184
f 2911/3183/3183 2909/1841/1841 2912/3435/3435
f 2909/1841/1841 2910/3433/3433 2912/3435/3435
f 2912/3435/3435 2910/3433/3433 2793/2451/2451
f 1383/3533/3533 2889/3523/3523 2916/3528/3528
f 1518/2340/2340 2910/3433/3433 2913/1840/1840
f 1518/2340/2340 2914/2339/2339 2877/2449/2449
f 2913/1840/1840 1383/3533/3533 2916/3528/3528
f 2917/3434/3434 2915/1842/1842 2908/3538/3538
f 1383/3533/3533 2913/1840/1840 2915/1842/1842
f 2878/3516/3516 2914/2339/2339 2916/3528/3528
f 2913/1840/1840 2916/3528/3528 2914/2339/2339
f 2918/3209/3209 2917/3434/3434 2908/3538/3538
f 1383/3533/3533 2917/3434/3434 2900/3525/3525
f 2919/3202/3202 2925/3208/3208 2926/3184/3184
f 2918/3209/3209 2539/3200/3200 2924/3181/3181
f 2787/3204/3204 2789/3420/3420 2923/3205/3205
f 2559/3210/3210 2563/3198/3198 2920/3203/3203
f 2554/3190/3190 2920/3203/3203 2563/3198/3198
f 2919/3202/3202 2926/3184/3184 2922/3206/3206
f 2920/3203/3203 2554/3190/3190 2921/3201/3201
f 2562/3191/3191 2921/3201/3201 2554/3190/3190
f 2559/3210/3210 2920/3203/3203 2922/3206/3206
f 2919/3202/3202 2922/3206/3206 2920/3203/3203
f 2174/1657/1657 2923/3205/3205 2789/3420/3420
f 2559/3210/3210 2922/3206/3206 2923/3205/3205
f 2927/3199/3199 2924/3181/3181 2539/3200/3200
f 2906/3526/3526 2928/3180/3180 2890/3529/3529
f 2926/3184/3184 2925/3208/3208 2908/3538/3538
f 2921/3201/3201 2925/3208/3208 2919/3202/3202
f 2926/3184/3184 2908/3538/3538 2938/3185/3185
f 2926/3184/3184 2787/3204/3204 2922/3206/3206
f 2558/3193/3193 2927/3199/3199 2539/3200/3200
f 2929/3182/3182 2927/3199/3199 2540/3189/3189
f 2900/3525/3525 2924/3181/3181 2928/3180/3180
f 2924/3181/3181 2927/3199/3199 2929/3182/3182
f 2541/2863/2863 2929/3182/3182 2540/3189/3189
f 187/2865/2865 2954/3169/3169 2942/2037/2037
f 2902/3537/3537 2940/3539/3539 2939/3179/3179
f 187/2865/2865 2942/2037/2037 2941/2036/2036
f 2932/3535/3535 2931/3531/3531 2898/3534/3534
f 2939/3179/3179 2931/3531/3531 2902/3537/3537
f 2884/3522/3522 2932/3535/3535 2898/3534/3534
f 2933/3530/3530 2901/3187/3187 2891/3186/3186
f 2940/3539/3539 2933/3530/3530 2890/3529/3529
f 2932/3535/3535 2933/3530/3530 2902/3537/3537
f 2934/3178/3178 2897/3532/3532 2939/3179/3179
f 2536/3154/3154 2580/3156/3156 2935/3214/3214
f 2720/3176/3176 2936/3380/3380 1735/2406/2406
f 2718/3381/3381 2936/3380/3380 2720/3176/3176
f 2718/3381/3381 2947/3517/3517 2945/2385/2385
f 1735/2406/2406 2936/3380/3380 2935/3214/3214
f 2721/3358/3358 2949/3357/3357 2718/3381/3381
f 2955/3489/3489 2937/3490/3490 2947/3517/3517
f 2915/1842/1842 2938/3185/3185 2908/3538/3538
f 2909/1841/1841 2911/3183/3183 2938/3185/3185
f 2902/3537/3537 2933/3530/3530 2940/3539/3539
f 2939/3179/3179 2930/2035/2035 2944/3177/3177
f 2929/3182/3182 2940/3539/3539 2890/3529/3529
f 2930/2035/2035 2939/3179/3179 2940/3539/3539
f 2930/2035/2035 2940/3539/3539 2941/2036/2036
f 2929/3182/3182 2941/2036/2036 2940/3539/3539
f 2581/3155/3155 2942/2037/2037 2515/3168/3168
f 2942/2037/2037 2536/3154/3154 2944/3177/3177
f 2904/3536/3536 2943/2387/2387 2905/2386/2386
f 2897/3532/3532 2934/3178/3178 2943/2387/2387
f 2942/2037/2037 2944/3177/3177 2930/2035/2035
f 2536/3154/3154 2934/3178/3178 2944/3177/3177
f 2935/3214/3214 2945/2385/2385 2934/3178/3178
f 2718/3381/3381 2945/2385/2385 2936/3380/3380
f 2905/2386/2386 2946/3518/3518 2899/3520/3520
f 2959/3496/3496 2937/3490/3490 2957/3353/3353
f 2955/3489/3489 2947/3517/3517 2718/3381/3381
f 2946/3518/3518 2947/3517/3517 2937/3490/3490
f 2698/3355/3355 2741/3348/3348 2952/3412/3412
f 2937/3490/3490 2959/3496/3496 2946/3518/3518
f 2951/3356/3356 2678/3351/3351 2700/3331/3331
f 2949/3357/3357 2948/3540/3540 2955/3489/3489
f 2860/2198/2198 2962/3541/3541 2967/2681/2681
f 2972/3542/3542 2968/3543/3543 2950/3544/3544
f 2698/3355/3355 2952/3412/3412 2953/3545/3545
f 2948/3540/3540 2949/3357/3357 2951/3356/3356
f 2973/3413/3413 2741/3348/3348 2716/3411/3411
f 2952/3412/3412 2950/3544/3544 2953/3545/3545
f 2948/3540/3540 2951/3356/3356 2953/3545/3545
f 2953/3545/3545 2951/3356/3356 2698/3355/3355
f 2538/2864/2864 2954/3169/3169 187/2865/2865
f 2515/3168/3168 2954/3169/3169 2519/3167/3167
f 2949/3357/3357 2955/3489/3489 2718/3381/3381
f 2948/3540/3540 2958/3354/3354 2957/3353/3353
f 2948/3540/3540 2953/3545/3545 2958/3354/3354
f 2965/3499/3499 2960/3498/3498 2962/3541/3541
f 2948/3540/3540 2957/3353/3353 2955/3489/3489
f 2959/3496/3496 2957/3353/3353 2956/3352/3352
f 2953/3545/3545 2950/3544/3544 2958/3354/3354
f 2967/2681/2681 2968/3543/3543 2964/3497/3497
f 2961/3495/3495 2962/3541/3541 2960/3498/3498
f 2946/3518/3518 2959/3496/3496 2882/3519/3519
f 2861/3503/3503 2862/3377/3377 2963/3492/3492
f 2882/3519/3519 2959/3496/3496 2970/3527/3527
f 2962/3541/3541 2961/3495/3495 2956/3352/3352
f 2960/3498/3498 2966/3491/3491 2970/3527/3527
f 2968/3543/3543 2956/3352/3352 2958/3354/3354
f 2962/3541/3541 2860/2198/2198 2965/3499/3499
f 2859/2357/2357 2963/3492/3492 2862/3377/3377
f 2854/2359/2359 2893/3378/3378 2966/3491/3491
f 2969/3329/3329 2972/3542/3542 2973/3413/3413
f 2968/3543/3543 2972/3542/3542 2964/3497/3497
f 2965/3499/3499 2860/2198/2198 3076/2200/2200
f 2965/3499/3499 2861/3503/3503 2963/3492/3492
f 2970/3527/3527 2888/3509/3509 2882/3519/3519
f 2960/3498/3498 2963/3492/3492 2966/3491/3491
f 2968/3543/3543 2967/2681/2681 2962/3541/3541
f 2975/2680/2680 2967/2681/2681 2964/3497/3497
f 2956/3352/3352 2968/3543/3543 2962/3541/3541
f 2950/3544/3544 2968/3543/3543 2958/3354/3354
f 3009/3343/3343 2978/3345/3345 2740/3347/3347
f 3072/3546/3546 3008/3547/3547 3012/3548/3548
f 2960/3498/3498 2970/3527/3527 2961/3495/3495
f 2888/3509/3509 2970/3527/3527 2966/3491/3491
f 2969/3329/3329 2973/3413/3413 3007/3410/3410
f 3055/3549/3549 3056/3550/3550 3072/3546/3546
f 2973/3413/3413 2972/3542/3542 2950/3544/3544
f 2976/3328/3328 2972/3542/3542 2969/3329/3329
f 2952/3412/3412 2973/3413/3413 2950/3544/3544
f 3007/3410/3410 2973/3413/3413 2716/3411/3411
f 2987/3551/3551 2990/3552/3552 2982/3553/3553
f 3070/2686/2686 2974/3554/3554 3065/2687/2687
f 2964/3497/3497 2972/3542/3542 2976/3328/3328
f 3078/2199/2199 2975/2680/2680 2971/3555/3555
f 2969/3329/3329 3007/3410/3410 2979/3327/3327
f 2971/3555/3555 2975/2680/2680 2976/3328/3328
f 2716/3411/3411 2740/3347/3347 2978/3345/3345
f 2976/3328/3328 2979/3327/3327 2971/3555/3555
f 2669/3340/3340 3009/3343/3343 2740/3347/3347
f 2692/3316/3316 2980/3350/3350 3009/3343/3343
f 2977/3409/3409 3011/3556/3556 3012/3548/3548
f 2979/3327/3327 2977/3409/3409 3020/3557/3557
f 2981/3386/3386 2690/3342/3342 2745/3313/3313
f 2690/3342/3342 2981/3386/3386 2980/3350/3350
f 2984/3384/3384 2982/3553/3553 2983/3385/3385
f 2985/3375/3375 2991/3374/3374 2983/3385/3385
f 2982/3553/3553 2984/3384/3384 2987/3551/3551
f 3066/3558/3558 2983/3385/3385 2982/3553/3553
f 2984/3384/3384 2983/3385/3385 2725/3383/3383
f 3065/2687/2687 3066/3558/3558 3010/2685/2685
f 2725/3383/3383 2744/3372/3372 2986/2691/2691
f 2984/3384/3384 205/3559/3559 2987/3551/3551
f 2985/3375/3375 3065/2687/2687 3011/3556/3556
f 2981/3386/3386 2991/3374/3374 2980/3350/3350
f 2993/2689/2689 2986/2691/2691 2703/3370/3370
f 2984/3384/3384 2986/2691/2691 2995/2690/2690
f 2990/3552/3552 3014/3560/3560 3016/3392/3392
f 2990/3552/3552 2987/3551/3551 3014/3560/3560
f 3018/3561/3561 3006/3562/3562 3015/3563/3563
f 3119/3564/3564 3084/3565/3565 3085/3566/3566
f 3022/3567/3567 3031/3568/3568 3023/2798/2798
f 1992/2435/2435 2089/2797/2797 3023/2798/2798
f 3014/3560/3560 2987/3551/3551 205/3559/3559
f 3047/3569/3569 2989/3570/3570 3029/3571/3571
f 2983/3385/3385 2991/3374/3374 2981/3386/3386
f 4127/3344/3344 2985/3375/3375 3011/3556/3556
f 2703/3370/3370 2994/465/465 2993/2689/2689
f 205/3559/3559 2984/3384/3384 2995/2690/2690
f 2703/3370/3370 2710/3338/3338 2994/465/465
f 2993/2689/2689 2992/3389/3389 2995/2690/2690
f 2996/463/463 2994/465/465 2704/3359/3359
f 2992/3389/3389 2993/2689/2689 2994/465/465
f 2727/3388/3388 3002/3572/3572 2992/3389/3389
f 3002/3572/3572 2995/2690/2690 2992/3389/3389
f 2729/278/278 2996/463/463 2704/3359/3359
f 2997/464/464 2996/463/463 2728/3396/3396
f 2997/464/464 2728/3396/3396 2998/3387/3387
f 2992/3389/3389 2994/465/465 2997/464/464
f 3001/3394/3394 2728/3396/3396 2730/3369/3369
f 3001/3394/3394 2706/3363/3363 3986/3573/3573
f 2746/3364/3364 3979/3415/3415 2706/3363/3363
f 4343/2516/2516 4342/3574/3574 4327/3575/3575
f 2998/3387/3387 2728/3396/3396 3001/3394/3394
f 3000/3390/3390 2999/3395/3395 3005/3366/3366
f 2998/3387/3387 3001/3394/3394 3000/3390/3390
f 2726/3368/3368 3001/3394/3394 2730/3369/3369
f 3002/3572/3572 2727/3388/3388 3006/3562/3562
f 2995/2690/2690 3002/3572/3572 3018/3561/3561
f 3004/3576/3576 3006/3562/3562 3005/3366/3366
f 3100/3577/3577 3097/3578/3578 3099/3579/3579
f 2727/3388/3388 3000/3390/3390 3005/3366/3366
f 4128/3580/3580 4133/3581/3581 4132/3582/3582
f 3986/3573/3573 3979/3415/3415 3981/3583/3583
f 4101/3584/3584 3190/3399/3399 4099/3585/3585
f 3005/3366/3366 3006/3562/3562 2727/3388/3388
f 3006/3562/3562 3004/3576/3576 4129/3586/3586
f 2978/3345/3345 3007/3410/3410 2716/3411/3411
f 2979/3327/3327 3007/3410/3410 2977/3409/3409
f 4144/3587/3587 3070/2686/2686 4143/3588/3588
f 3049/3589/3589 3073/3590/3590 3058/3484/3484
f 2692/3316/3316 3009/3343/3343 2669/3340/3340
f 4127/3344/3344 3009/3343/3343 2980/3350/3350
f 3067/3591/3591 3010/2685/2685 3066/3558/3558
f 2990/3552/3552 4143/3588/3588 3067/3591/3591
f 3012/3548/3548 3011/3556/3556 2974/3554/3554
f 4127/3344/3344 2977/3409/3409 2978/3345/3345
f 3072/3546/3546 3012/3548/3548 2974/3554/3554
f 3012/3548/3548 3008/3547/3547 3020/3557/3557
f 3014/3560/3560 3017/3592/3592 3013/3393/3393
f 4129/3586/3586 4128/3580/3580 4132/3582/3582
f 3017/3592/3592 3014/3560/3560 205/3559/3559
f 3014/3560/3560 3013/3393/3393 3016/3392/3392
f 3018/3561/3561 3017/3592/3592 205/3559/3559
f 4123/3365/3365 4128/3580/3580 3004/3576/3576
f 4137/3593/3593 4140/3594/3594 4133/3581/3581
f 2990/3552/3552 3016/3392/3392 2989/3570/3570
f 3018/3561/3561 205/3559/3559 2995/2690/2690
f 3017/3592/3592 3015/3563/3563 4132/3582/3582
f 3006/3562/3562 3018/3561/3561 3002/3572/3572
f 3017/3592/3592 3018/3561/3561 3015/3563/3563
f 3026/3595/3595 3019/3391/3391 2988/3596/3596
f 3016/3392/3392 3019/3391/3391 3034/3597/3597
f 3012/3548/3548 3020/3557/3557 2977/3409/3409
f 3060/3598/3598 3020/3557/3557 3008/3547/3547
f 3026/3595/3595 3029/3571/3571 3034/3597/3597
f 3037/863/863 3021/862/862 3044/3599/3599
f 1770/2679/2679 3025/2796/2796 2088/2602/2602
f 2989/3570/3570 3034/3597/3597 3029/3571/3571
f 3025/2796/2796 2089/2797/2797 2088/2602/2602
f 3027/2603/2603 3030/2436/2436 3031/3568/3568
f 1992/2435/2435 3023/2798/2798 3030/2436/2436
f 3036/3600/3600 3037/863/863 3044/3599/3599
f 3025/2796/2796 1770/2679/2679 3040/2523/2523
f 3022/3567/3567 3023/2798/2798 3025/2796/2796
f 3024/3601/3601 3038/3602/3602 3027/2603/2603
f 3026/3595/3595 3024/3601/3601 3029/3571/3571
f 3026/3595/3595 3038/3602/3602 3024/3601/3601
f 3026/3595/3595 3039/3603/3603 3038/3602/3602
f 1852/2600/2600 1922/2329/2329 3102/2432/2432
f 3118/3486/3486 4171/3604/3604 1543/3477/3477
f 3024/3601/3601 3042/3605/3605 3029/3571/3571
f 3047/3569/3569 3042/3605/3605 3048/3606/3606
f 3031/3568/3568 3030/2436/2436 3023/2798/2798
f 3068/2437/2437 3030/2436/2436 3027/2603/2603
f 3036/3600/3600 3031/3568/3568 3022/3567/3567
f 3024/3601/3601 3027/2603/2603 3031/3568/3568
f 3083/3607/3607 3085/3566/3566 3084/3565/3565
f 3091/3608/3608 3086/3609/3609 3088/2682/2682
f 1770/2679/2679 1991/2525/2525 3101/2678/2678
f 3052/3610/3610 3051/861/861 3037/863/863
f 3016/3392/3392 3034/3597/3597 2989/3570/3570
f 3026/3595/3595 3034/3597/3597 3019/3391/3391
f 3024/3601/3601 3031/3568/3568 3036/3600/3600
f 3045/3611/3611 3043/3612/3612 3048/3606/3606
f 3036/3600/3600 3022/3567/3567 3037/863/863
f 3036/3600/3600 3035/3613/3613 3042/3605/3605
f 3041/2795/2795 3022/3567/3567 3025/2796/2796
f 3028/3614/3614 3108/3615/3615 3061/3616/3616
f 3039/3603/3603 3026/3595/3595 2988/3596/3596
f 3038/3602/3602 3032/3617/3617 3081/2604/2604
f 4135/3618/3618 4138/3619/3619 4130/3620/3620
f 3032/3617/3617 3038/3602/3602 3039/3603/3603
f 3040/2523/2523 1770/2679/2679 3101/2678/2678
f 3040/2523/2523 3033/3621/3621 3041/2795/2795
f 3061/3616/3616 3046/3622/3622 3052/3610/3610
f 3022/3567/3567 3041/2795/2795 3052/3610/3610
f 3036/3600/3600 3042/3605/3605 3024/3601/3601
f 3042/3605/3605 3035/3613/3613 3048/3606/3606
f 3045/3611/3611 3048/3606/3606 3044/3599/3599
f 3043/3612/3612 4144/3587/3587 4143/3588/3588
f 3044/3599/3599 3021/862/862 3045/3611/3611
f 3036/3600/3600 3044/3599/3599 3035/3613/3613
f 3053/3623/3623 3045/3611/3611 3021/862/862
f 3045/3611/3611 3055/3549/3549 3050/3624/3624
f 1543/3477/3477 3126/2205/2205 3118/3486/3486
f 3073/3590/3590 3053/3623/3623 3054/3625/3625
f 3042/3605/3605 3047/3569/3569 3029/3571/3571
f 4143/3588/3588 3047/3569/3569 3043/3612/3612
f 3048/3606/3606 3043/3612/3612 3047/3569/3569
f 3044/3599/3599 3048/3606/3606 3035/3613/3613
f 3021/862/862 3054/3625/3625 3053/3623/3623
f 3060/3598/3598 3008/3547/3547 3056/3550/3550
f 3043/3612/3612 3045/3611/3611 3050/3624/3624
f 3045/3611/3611 3053/3623/3623 3055/3549/3549
f 3037/863/863 3022/3567/3567 3052/3610/3610
f 3054/3625/3625 3051/861/861 3046/3622/3622
f 3061/3616/3616 3041/2795/2795 3033/3621/3621
f 3046/3622/3622 3051/861/861 3052/3610/3610
f 3021/862/862 3051/861/861 3054/3625/3625
f 3053/3623/3623 3049/3589/3589 3055/3549/3549
f 3046/3622/3622 3108/3615/3615 3107/3626/3626
f 2979/3327/3327 3060/3598/3598 2971/3555/3555
f 3056/3550/3550 3055/3549/3549 3049/3589/3589
f 2974/3554/3554 3070/2686/2686 3072/3546/3546
f 3056/3550/3550 3049/3589/3589 3058/3484/3484
f 3056/3550/3550 3058/3484/3484 3060/3598/3598
f 3112/3482/3482 3058/3484/3484 3059/3627/3627
f 3064/3628/3628 3075/3506/3506 3063/3505/3505
f 3058/3484/3484 3073/3590/3590 3059/3627/3627
f 3060/3598/3598 3058/3484/3484 3057/3483/3483
f 3106/3629/3629 3054/3625/3625 3107/3626/3626
f 2863/3493/3493 3064/3628/3628 208/2452/2452
f 3060/3598/3598 3057/3483/3483 3113/3630/3630
f 3060/3598/3598 2979/3327/3327 3020/3557/3557
f 3041/2795/2795 3061/3616/3616 3052/3610/3610
f 4146/2346/2346 3061/3616/3616 3033/3621/3621
f 3073/3590/3590 3106/3629/3629 3059/3627/3627
f 3116/2455/2455 3063/3505/3505 3117/3631/3631
f 3075/3506/3506 2863/3493/3493 2861/3503/3503
f 3077/3504/3504 3117/3631/3631 3063/3505/3505
f 3075/3506/3506 3064/3628/3628 2863/3493/3493
f 3116/2455/2455 3064/3628/3628 3063/3505/3505
f 3011/3556/3556 3065/2687/2687 2974/3554/3554
f 3066/3558/3558 3065/2687/2687 2985/3375/3375
f 2983/3385/3385 3066/3558/3558 2985/3375/3375
f 3067/3591/3591 3066/3558/3558 2982/3553/3553
f 2982/3553/3553 2990/3552/3552 3067/3591/3591
f 4143/3588/3588 2990/3552/3552 2989/3570/3570
f 3084/3565/3565 3032/3617/3617 3039/3603/3603
f 3121/3632/3632 3123/3633/3633 3120/3634/3634
f 3101/2678/2678 3102/2432/2432 3069/2434/2434
f 4147/2524/2524 4145/2347/2347 4146/2346/2346
f 3070/2686/2686 3010/2685/2685 4143/3588/3588
f 3072/3546/3546 3070/2686/2686 3050/3624/3624
f 4149/2345/2345 3028/3614/3614 4146/2346/2346
f 3112/3482/3482 3110/3635/3635 3074/3502/3502
f 3055/3549/3549 3072/3546/3546 3050/3624/3624
f 3008/3547/3547 3072/3546/3546 3056/3550/3550
f 3053/3623/3623 3073/3590/3590 3049/3589/3589
f 3106/3629/3629 3073/3590/3590 3054/3625/3625
f 3059/3627/3627 3106/3629/3629 3110/3635/3635
f 3079/3500/3500 3062/3636/3636 3077/3504/3504
f 3076/2200/2200 2861/3503/3503 2965/3499/3499
f 2861/3503/3503 3076/2200/2200 3075/3506/3506
f 2975/2680/2680 3078/2199/2199 2860/2198/2198
f 3077/3504/3504 3062/3636/3636 3117/3631/3631
f 3075/3506/3506 3076/2200/2200 3077/3504/3504
f 3076/2200/2200 3078/2199/2199 3115/3637/3637
f 3113/3630/3630 3078/2199/2199 2971/3555/3555
f 3074/3502/3502 3125/3638/3638 3079/3500/3500
f 3115/3637/3637 3077/3504/3504 3076/2200/2200
f 3114/3501/3501 3078/2199/2199 3113/3630/3630
f 3125/3638/3638 3124/3639/3639 3062/3636/3636
f 2847/3478/3478 3080/3479/3479 3118/3486/3486
f 3038/3602/3602 3081/2604/2604 3027/2603/2603
f 3119/3564/3564 3081/2604/2604 3032/3617/3617
f 3089/2683/2683 3098/2693/2693 2000/2684/2684
f 1998/2171/2171 3087/2692/2692 3089/2683/2683
f 4140/3594/3594 3019/3391/3391 3013/3393/3393
f 3098/2693/2693 1999/2800/2800 2090/2694/2694
f 2988/3596/3596 3084/3565/3565 3039/3603/3603
f 3083/3607/3607 3100/3577/3577 3085/3566/3566
f 3094/3640/3640 3122/3641/3641 3095/3642/3642
f 3119/3564/3564 3068/2437/2437 3081/2604/2604
f 3088/2682/2682 3087/2692/2692 1928/2533/2533
f 3091/3608/3608 3088/2682/2682 3093/2688/2688
f 1928/2533/2533 1995/2532/2532 3088/2682/2682
f 3087/2692/2692 3086/3609/3609 3089/2683/2683
f 3093/2688/2688 4154/2530/2530 4152/2441/2441
f 3086/3609/3609 3087/2692/2692 3088/2682/2682
f 3096/3643/3643 3086/3609/3609 3095/3642/3642
f 3096/3643/3643 3098/2693/2693 3089/2683/2683
f 3092/3644/3644 4153/2744/2744 2048/2529/2529
f 3085/3566/3566 3082/3645/3645 3122/3641/3641
f 3091/3608/3608 3090/2745/2745 3094/3640/3640
f 3096/3643/3643 3095/3642/3642 3082/3645/3645
f 4155/2746/2746 3092/3644/3644 2048/2529/2529
f 3068/2437/2437 3120/3634/3634 1992/2435/2435
f 1776/2531/2531 1855/2443/2443 4154/2530/2530
f 3090/2745/2745 3091/3608/3608 3093/2688/2688
f 3123/3633/3633 3094/3640/3640 3090/2745/2745
f 3094/3640/3640 3121/3632/3632 3119/3564/3564
f 3086/3609/3609 3091/3608/3608 3095/3642/3642
f 3094/3640/3640 3095/3642/3642 3091/3608/3608
f 3096/3643/3643 3082/3645/3645 3099/3579/3579
f 3086/3609/3609 3096/3643/3643 3089/2683/2683
f 4122/3646/3646 4121/3647/3647 4118/3648/3648
f 3185/2799/2799 3188/3649/3649 3183/3650/3650
f 3099/3579/3579 3098/2693/2693 3096/3643/3643
f 4334/3651/3651 3098/2693/2693 3097/3578/3578
f 3100/3577/3577 3099/3579/3579 3082/3645/3645
f 3098/2693/2693 3099/3579/3579 3097/3578/3578
f 3085/3566/3566 3100/3577/3577 3082/3645/3645
f 3100/3577/3577 3083/3607/3607 4139/3652/3652
f 3102/2432/2432 3101/2678/2678 1852/2600/2600
f 3040/2523/2523 3101/2678/2678 3069/2434/2434
f 4161/3653/3653 1769/2155/2155 4164/2153/2153
f 1768/2156/2156 4167/2431/2431 1495/2429/2429
f 3178/2160/2160 3171/2214/2214 3177/3654/3654
f 4166/3655/3655 4176/3656/3656 4174/3657/3657
f 4161/3653/3653 4162/3658/3658 4163/3659/3659
f 4145/2347/2347 4150/3660/3660 4149/2345/2345
f 4163/3659/3659 3102/2432/2432 1495/2429/2429
f 3105/2433/2433 3104/3661/3661 4150/3660/3660
f 3107/3626/3626 3054/3625/3625 3046/3622/3622
f 3106/3629/3629 3071/3662/3662 3111/3663/3663
f 3046/3622/3622 3061/3616/3616 3108/3615/3615
f 3071/3662/3662 3106/3629/3629 3107/3626/3626
f 4180/3664/3664 3028/3614/3614 4177/3665/3665
f 3071/3662/3662 3107/3626/3626 3108/3615/3615
f 4175/3666/3666 4179/3667/3667 4174/3657/3657
f 3079/3500/3500 3125/3638/3638 3062/3636/3636
f 3111/3663/3663 3110/3635/3635 3106/3629/3629
f 3110/3635/3635 3109/3668/3668 3125/3638/3638
f 4170/3669/3669 3111/3663/3663 3071/3662/3662
f 3110/3635/3635 3111/3663/3663 3109/3668/3668
f 3110/3635/3635 3112/3482/3482 3059/3627/3627
f 3112/3482/3482 3074/3502/3502 3114/3501/3501
f 3060/3598/3598 3113/3630/3630 2971/3555/3555
f 3057/3483/3483 3112/3482/3482 3114/3501/3501
f 3114/3501/3501 3079/3500/3500 3115/3637/3637
f 3114/3501/3501 3113/3630/3630 3057/3483/3483
f 3114/3501/3501 3115/3637/3637 3078/2199/2199
f 3077/3504/3504 3115/3637/3637 3079/3500/3500
f 2849/2453/2453 3116/2455/2455 2847/3478/3478
f 3116/2455/2455 208/2452/2452 3064/3628/3628
f 3124/3639/3639 3117/3631/3631 3062/3636/3636
f 3116/2455/2455 3117/3631/3631 3080/3479/3479
f 3124/3639/3639 3080/3479/3479 3117/3631/3631
f 4170/3669/3669 3124/3639/3639 3109/3668/3668
f 3084/3565/3565 3119/3564/3564 3032/3617/3617
f 3119/3564/3564 3085/3566/3566 3122/3641/3641
f 3121/3632/3632 3120/3634/3634 3068/2437/2437
f 4155/2746/2746 3120/3634/3634 3092/3644/3644
f 3119/3564/3564 3121/3632/3632 3068/2437/2437
f 3121/3632/3632 3094/3640/3640 3123/3633/3633
f 3095/3642/3642 3122/3641/3641 3082/3645/3645
f 3119/3564/3564 3122/3641/3641 3094/3640/3640
f 4153/2744/2744 3123/3633/3633 3090/2745/2745
f 3123/3633/3633 3092/3644/3644 3120/3634/3634
f 4171/3604/3604 4172/3670/3670 4169/3671/3671
f 3080/3479/3479 3124/3639/3639 4172/3670/3670
f 3110/3635/3635 3125/3638/3638 3074/3502/3502
f 3124/3639/3639 3125/3638/3638 3109/3668/3668
f 3126/2205/2205 1543/3477/3477 2845/2186/2186
f 2847/3478/3478 3126/2205/2205 2850/3485/3485
f 3132/3672/3672 3135/3673/3673 3131/3674/3674
f 3130/3675/3675 3134/3436/3436 3128/726/726
f 3130/3675/3675 3128/726/726 3129/2260/2260
f 3134/3436/3436 3130/3675/3675 3132/3672/3672
f 1601/1513/1513 3129/2260/2260 1018/1511/1511
f 3130/3675/3675 3129/2260/2260 1600/2084/2084
f 4181/2083/2083 3130/3675/3675 1600/2084/2084
f 3130/3675/3675 3127/2258/2258 3132/3672/3672
f 3127/2258/2258 4182/3676/3676 3135/3673/3673
f 3144/180/180 3137/3437/3437 3139/181/181
f 3135/3673/3673 4182/3676/3676 3133/3677/3677
f 3131/3674/3674 3138/3678/3678 3132/3672/3672
f 3143/3679/3679 4183/3680/3680 4190/3681/3681
f 3156/3682/3682 3160/1901/1901 3154/544/544
f 3137/3437/3437 3134/3436/3436 3138/3678/3678
f 767/1220/1220 1007/1237/1237 3136/1700/1700
f 3127/2258/2258 3135/3673/3673 3132/3672/3672
f 3135/3673/3673 3133/3677/3677 3141/3683/3683
f 3128/726/726 3136/1700/1700 216/727/727
f 767/1220/1220 3136/1700/1700 3134/3436/3436
f 3138/3678/3678 3139/181/181 3137/3437/3437
f 3137/3437/3437 3144/180/180 3146/1508/1508
f 3132/3672/3672 3138/3678/3678 3134/3436/3436
f 3139/181/181 3138/3678/3678 3131/3674/3674
f 3141/3683/3683 3131/3674/3674 3135/3673/3673
f 3141/3683/3683 3143/3679/3679 3158/3040/3040
f 3139/181/181 3140/3684/3684 3152/3685/3685
f 3131/3674/3674 3141/3683/3683 3139/181/181
f 3141/3683/3683 3133/3677/3677 3143/3679/3679
f 3139/181/181 3141/3683/3683 3140/3684/3684
f 4182/3676/3676 4183/3680/3680 3133/3677/3677
f 3159/2377/2377 192/2830/2830 3158/3040/3040
f 4183/3680/3680 3143/3679/3679 3133/3677/3677
f 3143/3679/3679 3142/3686/3686 3158/3040/3040
f 3145/1514/1514 3144/180/180 2796/182/182
f 3146/1508/1508 3144/180/180 2797/382/382
f 3152/3685/3685 3151/3687/3687 2796/182/182
f 3145/1514/1514 215/1225/1225 3148/1515/1515
f 465/1217/1217 3146/1508/1508 2797/382/382
f 3134/3436/3436 3146/1508/1508 767/1220/1220
f 3147/3688/3688 3151/3687/3687 3152/3685/3685
f 3152/3685/3685 3157/3039/3039 3156/3682/3682
f 1002/1224/1224 3148/1515/1515 215/1225/1225
f 3149/380/380 3148/1515/1515 761/1509/1509
f 1000/381/381 3149/380/380 761/1509/1509
f 3144/180/180 3149/380/380 2797/382/382
f 3151/3687/3687 3145/1514/1514 2796/182/182
f 3153/543/543 3150/1692/1692 3147/3688/3688
f 3147/3688/3688 3150/1692/1692 3151/3687/3687
f 3145/1514/1514 3151/3687/3687 3150/1692/1692
f 3139/181/181 3152/3685/3685 2796/182/182
f 3140/3684/3684 3157/3039/3039 3152/3685/3685
f 3153/543/543 3147/3688/3688 3154/544/544
f 1004/1226/1226 3153/543/543 988/1496/1496
f 3156/3682/3682 3154/544/544 3147/3688/3688
f 1726/1693/1693 3161/2381/2381 1725/2382/2382
f 3153/543/543 3155/545/545 988/1496/1496
f 745/1498/1498 3155/545/545 3154/544/544
f 3156/3682/3682 3147/3688/3688 3152/3685/3685
f 3160/1901/1901 3156/3682/3682 192/2830/2830
f 3158/3040/3040 3157/3039/3039 3140/3684/3684
f 192/2830/2830 3156/3682/3682 3157/3039/3039
f 3158/3040/3040 3140/3684/3684 3141/3683/3683
f 3158/3040/3040 3142/3686/3686 3159/2377/2377
f 4188/2375/2375 3159/2377/2377 3142/3686/3686
f 3159/2377/2377 2320/2376/2376 3162/1899/1899
f 3159/2377/2377 3162/1899/1899 192/2830/2830
f 3160/1901/1901 1725/2382/2382 3161/2381/2381
f 745/1498/1498 3154/544/544 3161/2381/2381
f 3160/1901/1901 3161/2381/2381 3154/544/544
f 3163/2951/2951 2320/2376/2376 2123/2708/2708
f 3162/1899/1899 3163/2951/2951 3164/1900/1900
f 1723/2078/2078 3163/2951/2951 2231/2380/2380
f 2320/2376/2376 3163/2951/2951 3162/1899/1899
f 1727/1694/1694 3164/1900/1900 1723/2078/2078
f 1725/2382/2382 3160/1901/1901 3164/1900/1900
f 1603/2006/2006 3165/2005/2005 1429/2003/2003
f 3166/2263/2263 3165/2005/2005 1333/2004/2004
f 3166/2263/2263 1333/2004/2004 2836/2140/2140
f 1604/2261/2261 3166/2263/2263 2838/1997/1997
f 1286/32/32 3167/819/819 1628/1742/1742
f 1623/820/820 3167/819/819 1285/1966/1966
f 4222/2427/2427 4223/2521/2521 4337/2599/2599
f 4220/1812/1812 1341/1811/1811 1347/2007/2007
f 3170/3481/3481 3171/2214/2214 292/2195/2195
f 3170/3481/3481 292/2195/2195 3172/2203/2203
f 3172/2203/2203 3175/3689/3689 3174/3480/3480
f 3177/3654/3654 3170/3481/3481 3174/3480/3480
f 292/2195/2195 3171/2214/2214 1557/2053/2053
f 3171/2214/2214 3170/3481/3481 3177/3654/3654
f 1693/589/589 3172/2203/2203 292/2195/2195
f 3174/3480/3480 3175/3689/3689 3173/3690/3690
f 3103/3691/3691 4336/3692/3692 4179/3667/3667
f 1766/2211/2211 3169/2213/2213 3178/2160/2160
f 3175/3689/3689 3172/2203/2203 1694/588/588
f 4165/3693/3693 3177/3654/3654 3173/3690/3690
f 3977/2204/2204 3175/3689/3689 1694/588/588
f 2846/2344/2344 4173/3694/3694 4176/3656/3656
f 4165/3693/3693 4336/3692/3692 4160/3695/3695
f 4168/3696/3696 4158/2159/2159 4160/3695/3695
f 3173/3690/3690 3177/3654/3654 3174/3480/3480
f 3176/2158/2158 3178/2160/2160 3177/3654/3654
f 3178/2160/2160 3169/2213/2213 3171/2214/2214
f 3176/2158/2158 4160/3695/3695 4158/2159/2159
f 1918/2146/2146 3179/2120/2120 1354/604/604
f 3180/2121/2121 3179/2120/2120 1848/697/697
f 1764/2522/2522 3180/2121/2121 1848/697/697
f 1483/771/771 3180/2121/2121 3168/2309/2309
f 4353/3120/3120 4355/3122/3122 4356/3697/3697
f 3201/2704/2704 3199/2539/2539 3181/3698/3698
f 4335/3699/3699 4333/3700/3700 4334/3651/3651
f 3981/3583/3583 3997/3405/3405 3998/3701/3701
f 3185/2799/2799 3184/2322/2322 2049/2324/2324
f 4131/3702/3702 4138/3619/3619 3083/3607/3607
f 2049/2324/2324 2090/2694/2694 3185/2799/2799
f 4339/2675/2675 3184/2322/2322 3183/3650/3650
f 4332/3703/3703 4333/3700/3700 4141/3704/3704
f 3183/3650/3650 3184/2322/2322 3185/2799/2799
f 4107/3705/3705 4115/3706/3706 3985/3404/3404
f 3189/3707/3707 3183/3650/3650 3188/3649/3649
f 3185/2799/2799 4333/3700/3700 3188/3649/3649
f 3190/3399/3399 3189/3707/3707 3187/3708/3708
f 4333/3700/3700 3185/2799/2799 1999/2800/2800
f 3189/3707/3707 3188/3649/3649 3187/3708/3708
f 3187/3708/3708 4332/3703/3703 3190/3399/3399
f 3189/3707/3707 3182/3709/3709 4340/2747/2747
f 4114/3710/3710 4119/3711/3711 4124/3367/3367
f 3190/3399/3399 3193/3401/3401 4099/3585/3585
f 3990/3712/3712 2735/3286/3286 3988/3407/3407
f 4094/3713/3713 4088/3714/3714 4098/3715/3715
f 4116/3716/3716 4118/3648/3648 4114/3710/3710
f 4097/3717/3717 4094/3713/3713 4103/3718/3718
f 4116/3716/3716 3192/3719/3719 4118/3648/3648
f 4103/3718/3718 4094/3713/3713 4109/3720/3720
f 4242/3721/3721 2813/1977/1977 4237/3722/3722
f 4229/3723/3723 4237/3722/3722 4236/1979/1979
f 3203/3724/3724 3195/2702/2702 3201/2704/2704
f 3225/3725/3725 3228/2806/2806 3229/2468/2468
f 2010/2699/2699 3196/2698/2698 2057/2234/2234
f 3226/3726/3726 3195/2702/2702 3212/2701/2701
f 3199/2539/2539 3197/2700/2700 1865/2538/2538
f 3234/2467/2467 3204/3727/3727 3195/2702/2702
f 2011/2465/2465 3198/2544/2544 2010/2699/2699
f 1865/2538/2538 3197/2700/2700 3198/2544/2544
f 1865/2538/2538 1867/2462/2462 3200/2540/2540
f 3277/3728/3728 3201/2704/2704 3181/3698/3698
f 1796/2463/2463 4354/2605/2605 4250/3729/3729
f 3181/3698/3698 3199/2539/2539 3200/2540/2540
f 3203/3724/3724 3201/2704/2704 182/3730/3730
f 3201/2704/2704 3195/2702/2702 3204/3727/3727
f 3209/3731/3731 3202/2703/2703 3203/3724/3724
f 3220/394/394 3216/3732/3732 3219/3733/3733
f 3209/3731/3731 3203/3724/3724 182/3730/3730
f 3195/2702/2702 3203/3724/3724 3202/2703/2703
f 3196/2698/2698 3197/2700/2700 3204/3727/3727
f 3201/2704/2704 3204/3727/3727 3197/2700/2700
f 3251/3734/3734 3254/3078/3078 3248/3735/3735
f 3280/3736/3736 3553/3737/3737 3572/3738/3738
f 3211/3739/3739 3210/3740/3740 3213/3741/3741
f 3242/3742/3742 3244/3743/3743 3269/3744/3744
f 182/3730/3730 3276/3745/3745 3250/3746/3746
f 3233/798/798 3206/800/800 3232/3747/3747
f 3202/2703/2703 3209/3731/3731 3211/3739/3739
f 3224/3748/3748 3232/3747/3747 3223/3749/3749
f 3207/3750/3750 3253/3751/3751 3248/3735/3735
f 3207/3750/3750 3210/3740/3740 3211/3739/3739
f 3242/3742/3742 3239/3752/3752 3240/3077/3077
f 3233/798/798 3232/3747/3747 3208/2755/2755
f 3207/3750/3750 3211/3739/3739 3209/3731/3731
f 3210/3740/3740 3233/798/798 3213/3741/3741
f 3213/3741/3741 3202/2703/2703 3211/3739/3739
f 3212/2701/2701 3231/2756/2756 3226/3726/3726
f 3208/2755/2755 3212/2701/2701 3213/3741/3741
f 3213/3741/3741 3212/2701/2701 3202/2703/2703
f 3215/2712/2712 3214/2723/2723 2026/2569/2569
f 3214/2723/2723 2064/2711/2711 2474/2866/2866
f 2021/2568/2568 3215/2712/2712 2026/2569/2569
f 2136/314/314 3215/2712/2712 2018/312/312
f 3219/3733/3733 3216/3732/3732 2053/2810/2810
f 3718/3753/3753 1934/2808/2808 3712/2807/2807
f 2053/2810/2810 3216/3732/3732 3217/2609/2609
f 2098/2804/2804 3217/2609/2609 3216/3732/3732
f 3232/3747/3747 3224/3748/3748 3231/2756/2756
f 3220/394/394 1934/2808/2808 3216/3732/3732
f 3219/3733/3733 2053/2810/2810 3225/3725/3725
f 3219/3733/3733 3218/3754/3754 3220/394/394
f 3222/392/392 3223/3749/3749 3221/3755/3755
f 3220/394/394 3218/3754/3754 3222/392/392
f 3238/3756/3756 3259/3757/3757 3233/798/798
f 3689/393/393 3691/3758/3758 3688/3759/3759
f 3223/3749/3749 3222/392/392 3218/3754/3754
f 3221/3755/3755 3691/3758/3758 3689/393/393
f 3218/3754/3754 3227/3760/3760 3223/3749/3749
f 3223/3749/3749 3206/800/800 3273/3761/3761
f 3227/3760/3760 3219/3733/3733 3225/3725/3725
f 3225/3725/3725 3235/3762/3762 3227/3760/3760
f 2053/2810/2810 3228/2806/2806 3225/3725/3725
f 3226/3726/3726 3235/3762/3762 3229/2468/2468
f 3235/3762/3762 3225/3725/3725 3229/2468/2468
f 3204/3727/3727 3234/2467/2467 3196/2698/2698
f 3223/3749/3749 3227/3760/3760 3224/3748/3748
f 3219/3733/3733 3227/3760/3760 3218/3754/3754
f 2096/2608/2608 3228/2806/2806 2053/2810/2810
f 2097/2752/2752 2054/2829/2829 3230/2805/2805
f 3228/2806/2806 2097/2752/2752 3230/2805/2805
f 3237/2466/2466 3196/2698/2698 3234/2467/2467
f 3230/2805/2805 2054/2829/2829 2122/2754/2754
f 3228/2806/2806 3230/2805/2805 3229/2468/2468
f 3232/3747/3747 3231/2756/2756 3208/2755/2755
f 3235/3762/3762 3231/2756/2756 3224/3748/3748
f 3208/2755/2755 3213/3741/3741 3233/798/798
f 3232/3747/3747 3206/800/800 3223/3749/3749
f 3210/3740/3740 3239/3752/3752 3238/3756/3756
f 3233/798/798 3210/3740/3740 3238/3756/3756
f 3195/2702/2702 3226/3726/3726 3234/2467/2467
f 3229/2468/2468 3234/2467/2467 3226/3726/3726
f 3231/2756/2756 3235/3762/3762 3226/3726/3726
f 3235/3762/3762 3224/3748/3748 3227/3760/3760
f 3266/3763/3763 3256/3764/3764 3265/3765/3765
f 3205/3079/3079 3279/3766/3766 3266/3763/3763
f 3230/2805/2805 3237/2466/2466 3229/2468/2468
f 3196/2698/2698 3237/2466/2466 2009/2753/2753
f 3239/3752/3752 3210/3740/3740 3207/3750/3750
f 3236/3767/3767 3269/3744/3744 3259/3757/3757
f 3240/3077/3077 3239/3752/3752 3207/3750/3750
f 3236/3767/3767 3238/3756/3756 3239/3752/3752
f 3248/3735/3735 3240/3077/3077 3207/3750/3750
f 3242/3742/3742 3240/3077/3077 3205/3079/3079
f 3250/3746/3746 3297/3123/3123 3248/3735/3735
f 3246/3768/3768 3252/3085/3085 3285/3087/3087
f 3256/3764/3764 3281/3051/3051 3265/3765/3765
f 3239/3752/3752 3242/3742/3742 3236/3767/3767
f 3281/3051/3051 3298/3769/3769 3243/3770/3770
f 3233/798/798 3259/3757/3757 3271/799/799
f 3284/3771/3771 3258/3772/3772 3300/3773/3773
f 3242/3742/3742 3269/3744/3744 3236/3767/3767
f 3250/3746/3746 3253/3751/3751 182/3730/3730
f 3294/3774/3774 3278/3775/3775 3245/3125/3125
f 3255/3776/3776 3247/3086/3086 3252/3085/3085
f 2369/3088/3088 2370/217/217 3247/3086/3086
f 2370/217/217 2363/3082/3082 3247/3086/3086
f 3275/3777/3777 3285/3087/3087 3286/3119/3119
f 3253/3751/3751 3207/3750/3750 3209/3731/3731
f 3248/3735/3735 3245/3125/3125 3251/3734/3734
f 2442/3021/3021 2369/3088/3088 3255/3776/3776
f 3289/3778/3778 3291/3779/3779 4252/3780/3780
f 3261/3781/3781 3276/3745/3745 3277/3728/3728
f 3276/3745/3745 3293/3782/3782 3250/3746/3746
f 3245/3125/3125 3278/3775/3775 3251/3734/3734
f 3256/3764/3764 3266/3763/3763 3279/3766/3766
f 3246/3768/3768 3249/3081/3081 3252/3085/3085
f 3249/3081/3081 2442/3021/3021 3255/3776/3776
f 182/3730/3730 3253/3751/3751 3209/3731/3731
f 3248/3735/3735 3253/3751/3751 3250/3746/3746
f 3248/3735/3735 3254/3078/3078 3240/3077/3077
f 3251/3734/3734 3205/3079/3079 3254/3078/3078
f 3247/3086/3086 3255/3776/3776 2369/3088/3088
f 3249/3081/3081 3255/3776/3776 3252/3085/3085
f 3279/3766/3766 3251/3734/3734 3267/3783/3783
f 3268/3050/3050 3299/3784/3784 3298/3769/3769
f 3243/3770/3770 3298/3769/3769 3611/3785/3785
f 3257/3786/3786 3649/3787/3787 3648/3788/3788
f 3244/3743/3743 3265/3765/3765 3283/3789/3789
f 3273/3761/3761 3221/3755/3755 3223/3749/3749
f 3236/3767/3767 3259/3757/3757 3238/3756/3756
f 3271/799/799 3259/3757/3757 3258/3772/3772
f 3520/3790/3790 2364/2474/2474 3504/2473/2473
f 3522/3791/3791 3523/3792/3792 3517/3793/3793
f 3200/2540/2540 4250/3729/3729 3181/3698/3698
f 3290/3794/3794 3262/3795/3795 4252/3780/3780
f 3263/3080/3080 3246/3768/3768 4252/3780/3780
f 3261/3781/3781 3277/3728/3728 4251/3796/3796
f 3246/3768/3768 3263/3080/3080 3249/3081/3081
f 4348/3127/3127 4350/3022/3022 4352/1685/1685
f 3288/3797/3797 3241/3798/3798 3289/3778/3778
f 3552/3799/3799 3536/3800/3800 3551/3801/3801
f 3283/3789/3789 3265/3765/3765 3243/3770/3770
f 3266/3763/3763 3265/3765/3765 3244/3743/3743
f 3244/3743/3743 3242/3742/3742 3266/3763/3763
f 3205/3079/3079 3266/3763/3763 3242/3742/3742
f 3278/3775/3775 3523/3792/3792 3522/3791/3791
f 3521/3802/3802 3288/3797/3797 3260/3803/3803
f 3265/3765/3765 3281/3051/3051 3243/3770/3770
f 3256/3764/3764 3279/3766/3766 3282/3049/3049
f 3244/3743/3743 3283/3789/3789 3300/3773/3773
f 3259/3757/3757 3269/3744/3744 3258/3772/3772
f 3609/3804/3804 3611/3785/3785 3280/3736/3736
f 3649/3787/3787 3272/3805/3805 3284/3771/3771
f 3272/3805/3805 3271/799/799 3258/3772/3772
f 3206/800/800 3271/799/799 3273/3761/3761
f 3284/3771/3771 3272/3805/3805 3258/3772/3772
f 3272/3805/3805 3702/3806/3806 3274/3807/3807
f 3271/799/799 3274/3807/3807 3273/3761/3761
f 3272/3805/3805 3257/3786/3786 3702/3806/3806
f 3271/799/799 3272/3805/3805 3274/3807/3807
f 3702/3806/3806 3685/3808/3808 3687/3809/3809
f 3275/3777/3777 3287/3810/3810 3288/3797/3797
f 3289/3778/3778 3275/3777/3777 3288/3797/3797
f 3277/3728/3728 3276/3745/3745 182/3730/3730
f 3276/3745/3745 3296/3811/3811 3293/3782/3782
f 3201/2704/2704 3277/3728/3728 182/3730/3730
f 4250/3729/3729 4251/3796/3796 3181/3698/3698
f 3294/3774/3774 3245/3125/3125 3292/3124/3124
f 3278/3775/3775 3264/3812/3812 3523/3792/3792
f 3251/3734/3734 3279/3766/3766 3205/3079/3079
f 3282/3049/3049 3279/3766/3766 3267/3783/3783
f 3545/3813/3813 190/940/940 3541/942/942
f 3622/283/283 3610/3814/3814 3571/936/936
f 3282/3049/3049 3281/3051/3051 3256/3764/3764
f 3298/3769/3769 3281/3051/3051 3268/3050/3050
f 3515/3815/3815 3516/3816/3816 3517/3793/3793
f 3268/3050/3050 3282/3049/3049 3519/3817/3817
f 3611/3785/3785 3283/3789/3789 3243/3770/3770
f 3284/3771/3771 3300/3773/3773 3270/3818/3818
f 3258/3772/3772 3269/3744/3744 3300/3773/3773
f 3284/3771/3771 3270/3818/3818 3649/3787/3787
f 3286/3119/3119 3285/3087/3087 3247/3086/3086
f 3289/3778/3778 3285/3087/3087 3275/3777/3777
f 3506/3819/3819 2363/3082/3082 3520/3790/3790
f 3288/3797/3797 3287/3810/3810 3260/3803/3803
f 3275/3777/3777 3286/3119/3119 3287/3810/3810
f 3287/3810/3810 3286/3119/3119 3506/3819/3819
f 3552/3799/3799 3551/3801/3801 3511/3820/3820
f 3241/3798/3798 3295/3821/3821 3294/3774/3774
f 3289/3778/3778 3241/3798/3798 3291/3779/3779
f 3285/3087/3087 3289/3778/3778 3246/3768/3768
f 3291/3779/3779 3241/3798/3798 3292/3124/3124
f 3290/3794/3794 3296/3811/3811 3262/3795/3795
f 3241/3798/3798 3294/3774/3774 3292/3124/3124
f 3291/3779/3779 3290/3794/3794 4252/3780/3780
f 3245/3125/3125 3248/3735/3735 3297/3123/3123
f 3290/3794/3794 3291/3779/3779 3292/3124/3124
f 3296/3811/3811 3276/3745/3745 3261/3781/3781
f 3292/3124/3124 3293/3782/3782 3290/3794/3794
f 3295/3821/3821 3241/3798/3798 3288/3797/3797
f 3278/3775/3775 3294/3774/3774 3264/3812/3812
f 3521/3802/3802 3513/3822/3822 3548/3823/3823
f 3264/3812/3812 3294/3774/3774 3295/3821/3821
f 3296/3811/3811 3261/3781/3781 4358/3824/3824
f 3290/3794/3794 3293/3782/3782 3296/3811/3811
f 3250/3746/3746 3293/3782/3782 3297/3123/3123
f 3292/3124/3124 3297/3123/3123 3293/3782/3782
f 3268/3050/3050 3519/3817/3817 3299/3784/3784
f 3611/3785/3785 3298/3769/3769 3280/3736/3736
f 190/940/940 3545/3813/3813 3553/3737/3737
f 3280/3736/3736 3298/3769/3769 3299/3784/3784
f 3244/3743/3743 3300/3773/3773 3269/3744/3744
f 3270/3818/3818 3300/3773/3773 3283/3789/3789
f 3689/393/393 3694/3825/3825 1934/2808/2808
f 3333/3826/3826 3317/3827/3827 3313/2612/2612
f 2098/2804/2804 3303/2812/2812 2100/2624/2624
f 3302/2617/2617 3729/2811/2811 3304/2615/2615
f 3216/3732/3732 3718/3753/3753 2098/2804/2804
f 3302/2617/2617 2100/2624/2624 3303/2812/2812
f 3320/3828/3828 3325/3829/3829 3326/3830/3830
f 2013/2941/2941 2109/2820/2820 3305/2616/2616
f 2058/2625/2625 3305/2616/2616 2114/2814/2814
f 2013/2941/2941 3305/2616/2616 3304/2615/2615
f 1748/2737/2737 3306/2777/2777 2066/2715/2715
f 2248/2669/2669 3306/2777/2777 2142/2846/2846
f 2142/2846/2846 3306/2777/2777 3307/2714/2714
f 1748/2737/2737 3307/2714/2714 3306/2777/2777
f 3317/3827/3827 3310/3027/3027 3311/2944/2944
f 2384/2946/2946 3309/3090/3090 2311/2943/2943
f 2228/2757/2757 3309/3090/3090 2384/2946/2946
f 3314/3831/3831 3311/2944/2944 3309/3090/3090
f 2311/2943/2943 3309/3090/3090 3311/2944/2944
f 2013/2941/2941 3327/2613/2613 3308/2942/2942
f 3314/3831/3831 3309/3090/3090 3308/2942/2942
f 3321/3832/3832 3319/2945/2945 3311/2944/2944
f 2013/2941/2941 3312/2940/2940 2109/2820/2820
f 2228/2757/2757 3312/2940/2940 3308/2942/2942
f 2013/2941/2941 3304/2615/2615 3325/3829/3829
f 3332/3833/3833 3330/3834/3834 3333/3826/3826
f 3327/2613/2613 3314/3831/3831 3308/2942/2942
f 3314/3831/3831 3313/2612/2612 3317/3827/3827
f 3351/3835/3835 184/3836/3836 3778/3837/3837
f 3316/3095/3095 2393/3092/3092 2224/3033/3033
f 3315/3838/3838 3349/3839/3839 3348/3840/3840
f 2399/1932/1932 3345/1294/1294 195/1293/1293
f 3314/3831/3831 3317/3827/3827 3311/2944/2944
f 3313/2612/2612 3332/3833/3833 3333/3826/3826
f 3706/3841/3841 3713/3842/3842 3704/3843/3843
f 3765/3844/3844 3318/3845/3845 3709/3846/3846
f 3321/3832/3832 3311/2944/2944 3310/3027/3027
f 3319/2945/2945 3315/3838/3838 3323/3094/3094
f 3326/3830/3830 3304/2615/2615 3301/3847/3847
f 3765/3844/3844 3754/3848/3848 3318/3845/3845
f 3346/3028/3028 3333/3826/3826 3335/3849/3849
f 3315/3838/3838 3319/2945/2945 3321/3832/3832
f 3328/3462/3462 3356/3850/3850 3355/3460/3460
f 3350/3026/3026 3321/3832/3832 3310/3027/3027
f 3348/3840/3840 3323/3094/3094 3315/3838/3838
f 3316/3095/3095 2224/3033/3033 3323/3094/3094
f 2385/2949/2949 3324/3091/3091 2224/3033/3033
f 2311/2943/2943 3319/2945/2945 3324/3091/3091
f 3326/3830/3830 3325/3829/3829 3304/2615/2615
f 3331/2611/2611 3325/3829/3829 3320/3828/3828
f 3705/3851/3851 3326/3830/3830 3301/3847/3847
f 3320/3828/3828 3326/3830/3830 3707/3852/3852
f 3331/2611/2611 3327/2613/2613 2013/2941/2941
f 3314/3831/3831 3327/2613/2613 3313/2612/2612
f 3348/3840/3840 3338/3853/3853 3316/3095/3095
f 3373/3854/3854 3359/3855/3855 4253/3856/3856
f 3337/678/678 2391/680/680 3316/3095/3095
f 3355/3460/3460 3356/3850/3850 3329/679/679
f 3765/3844/3844 3708/3857/3857 3760/3858/3858
f 3322/3859/3859 3346/3028/3028 3335/3849/3849
f 3325/3829/3829 3331/2611/2611 2013/2941/2941
f 3318/3845/3845 3334/3860/3860 3320/3828/3828
f 3313/2612/2612 3331/2611/2611 3332/3833/3833
f 3331/2611/2611 3320/3828/3828 3334/3860/3860
f 3333/3826/3826 3330/3834/3834 3335/3849/3849
f 3317/3827/3827 3333/3826/3826 3310/3027/3027
f 3330/3834/3834 3332/3833/3833 3334/3860/3860
f 3334/3860/3860 3332/3833/3833 3331/2611/2611
f 3756/3861/3861 3761/3862/3862 3754/3848/3848
f 3322/3859/3859 3335/3849/3849 184/3836/3836
f 3351/3835/3835 3353/3863/3863 3349/3839/3839
f 3409/3864/3864 3382/3865/3865 3404/3866/3866
f 3338/3853/3853 3337/678/678 3316/3095/3095
f 3329/679/679 3337/678/678 3355/3460/3460
f 3316/3095/3095 3323/3094/3094 3348/3840/3840
f 3338/3853/3853 3336/3867/3867 3354/3461/3461
f 3339/1292/1292 3356/3850/3850 3364/3868/3868
f 534/170/170 1255/688/688 3341/687/687
f 3387/3869/3869 3340/3870/3870 3389/3871/3871
f 535/171/171 3342/157/157 532/1289/1289
f 3358/686/686 1255/688/688 195/1293/1293
f 3341/687/687 3340/3870/3870 3342/157/157
f 258/1285/1285 530/1284/1284 3343/155/155
f 3344/156/156 530/1284/1284 532/1289/1289
f 3376/3872/3872 3386/3873/3873 3388/3874/3874
f 3359/3855/3855 3373/3854/3854 3375/3875/3875
f 3342/157/157 3344/156/156 532/1289/1289
f 3343/155/155 530/1284/1284 3344/156/156
f 2400/2947/2947 3329/679/679 3345/1294/1294
f 3345/1294/1294 3329/679/679 3356/3850/3850
f 3346/3028/3028 3322/3859/3859 3350/3026/3026
f 3333/3826/3826 3346/3028/3028 3310/3027/3027
f 3447/3876/3876 3454/3877/3877 3435/3878/3878
f 3458/3879/3879 3454/3877/3877 3447/3876/3876
f 3350/3026/3026 3315/3838/3838 3321/3832/3832
f 3338/3853/3853 3348/3840/3840 3352/3880/3880
f 3351/3835/3835 3349/3839/3839 3350/3026/3026
f 3349/3839/3839 3353/3863/3863 3352/3880/3880
f 3351/3835/3835 3350/3026/3026 3322/3859/3859
f 3315/3838/3838 3350/3026/3026 3349/3839/3839
f 184/3836/3836 3351/3835/3835 3322/3859/3859
f 3353/3863/3863 3351/3835/3835 3347/3881/3881
f 3338/3853/3853 3352/3880/3880 3336/3867/3867
f 3348/3840/3840 3349/3839/3839 3352/3880/3880
f 3353/3863/3863 3347/3881/3881 3367/3882/3882
f 3336/3867/3867 3352/3880/3880 3353/3863/3863
f 3360/3883/3883 3365/3884/3884 3381/3885/3885
f 3383/3886/3886 3354/3461/3461 3336/3867/3867
f 3337/678/678 3338/3853/3853 3355/3460/3460
f 3354/3461/3461 3355/3460/3460 3338/3853/3853
f 3364/3868/3868 3356/3850/3850 3328/3462/3462
f 3345/1294/1294 3356/3850/3850 3339/1292/1292
f 3365/3884/3884 3360/3883/3883 3364/3868/3868
f 3378/3887/3887 3359/3855/3855 3375/3875/3875
f 3389/3871/3871 3358/686/686 3339/1292/1292
f 3341/687/687 3358/686/686 3340/3870/3870
f 3379/3888/3888 3380/1721/1721 3390/1943/1943
f 3363/3889/3889 3371/1290/1290 3372/3890/3890
f 3365/3884/3884 3328/3462/3462 3354/3461/3461
f 3374/3891/3891 3387/3869/3869 3401/3892/3892
f 3383/3886/3886 3367/3882/3882 3366/3893/3893
f 3399/3894/3894 3366/3893/3893 3398/3895/3895
f 3368/176/176 802/1299/1299 3369/1000/1000
f 4255/3896/3896 3378/3887/3887 3379/3888/3888
f 3372/3890/3890 258/1285/1285 3343/155/155
f 3363/3889/3889 3373/3854/3854 4253/3856/3856
f 3365/3884/3884 3364/3868/3868 3328/3462/3462
f 3389/3871/3871 3364/3868/3868 3360/3883/3883
f 3365/3884/3884 3354/3461/3461 3397/3897/3897
f 3360/3883/3883 3381/3885/3885 3357/3898/3898
f 3336/3867/3867 3353/3863/3863 3367/3882/3882
f 3409/3864/3864 3407/3899/3899 3382/3865/3865
f 184/3836/3836 3775/3900/3900 3778/3837/3837
f 3366/3893/3893 3367/3882/3882 3398/3895/3895
f 3369/1000/1000 802/1299/1299 339/1521/1521
f 3390/1943/1943 3368/176/176 3362/999/999
f 3370/1001/1001 3369/1000/1000 339/1521/1521
f 3362/999/999 3368/176/176 3369/1000/1000
f 788/1520/1520 3370/1001/1001 339/1521/1521
f 3370/1001/1001 3363/3889/3889 4253/3856/3856
f 3372/3890/3890 3371/1290/1290 258/1285/1285
f 3370/1001/1001 3371/1290/1290 3363/3889/3889
f 3374/3891/3891 3375/3875/3875 3376/3872/3872
f 3363/3889/3889 3372/3890/3890 3373/3854/3854
f 3373/3854/3854 3376/3872/3872 3375/3875/3875
f 3377/3901/3901 3379/3888/3888 3378/3887/3887
f 3372/3890/3890 3343/155/155 3386/3873/3873
f 3389/3871/3871 3401/3892/3892 3387/3869/3869
f 3376/3872/3872 3373/3854/3854 3372/3890/3890
f 4254/3902/3902 3377/3901/3901 3378/3887/3887
f 3343/155/155 3342/157/157 3386/3873/3873
f 3388/3874/3874 3387/3869/3869 3376/3872/3872
f 3378/3887/3887 3374/3891/3891 4254/3902/3902
f 3357/3898/3898 3407/3899/3899 3416/3903/3903
f 3374/3891/3891 3378/3887/3887 3375/3875/3875
f 3377/3901/3901 3423/3904/3904 3379/3888/3888
f 3391/3905/3905 3380/1721/1721 3379/3888/3888
f 4253/3856/3856 4255/3896/3896 3362/999/999
f 261/177/177 3380/1721/1721 1262/1530/1530
f 3391/3905/3905 3379/3888/3888 221/2096/2096
f 3383/3886/3886 3384/3906/3906 3397/3897/3897
f 3381/3885/3885 3365/3884/3884 3382/3865/3865
f 3366/3893/3893 3399/3894/3894 3400/3907/3907
f 3404/3866/3866 3382/3865/3865 3384/3906/3906
f 3367/3882/3882 3383/3886/3886 3336/3867/3867
f 3384/3906/3906 3383/3886/3886 3366/3893/3893
f 3404/3866/3866 3384/3906/3906 3366/3893/3893
f 3397/3897/3897 3382/3865/3865 3365/3884/3884
f 3347/3881/3881 3351/3835/3835 3778/3837/3837
f 197/3068/3068 3438/1950/1950 3450/3908/3908
f 3388/3874/3874 3342/157/157 3340/3870/3870
f 3372/3890/3890 3386/3873/3873 3376/3872/3872
f 3358/686/686 3389/3871/3871 3340/3870/3870
f 3374/3891/3891 3376/3872/3872 3387/3869/3869
f 3342/157/157 3388/3874/3874 3386/3873/3873
f 3340/3870/3870 3387/3869/3869 3388/3874/3874
f 3364/3868/3868 3389/3871/3871 3339/1292/1292
f 3389/3871/3871 3360/3883/3883 3401/3892/3892
f 3368/176/176 3390/1943/1943 261/177/177
f 3390/1943/1943 3362/999/999 4255/3896/3896
f 3394/1944/1944 3391/3905/3905 221/2096/2096
f 3391/3905/3905 3394/1944/1944 3395/1946/1946
f 3377/3901/3901 4254/3902/3902 3416/3903/3903
f 3393/151/151 3402/1947/1947 3403/1955/1955
f 1263/1723/1723 3393/151/151 1266/150/150
f 1045/1720/1720 3380/1721/1721 3395/1946/1946
f 3422/3909/3909 221/2096/2096 3423/3904/3904
f 3395/1946/1946 3392/1945/1945 3393/151/151
f 1045/1720/1720 3395/1946/1946 3393/151/151
f 3380/1721/1721 3391/3905/3905 3395/1946/1946
f 3400/3907/3907 3408/3910/3910 3396/3911/3911
f 3357/3898/3898 3381/3885/3885 3407/3899/3899
f 3383/3886/3886 3397/3897/3897 3354/3461/3461
f 3382/3865/3865 3397/3897/3897 3384/3906/3906
f 3774/3912/3912 3776/3913/3913 3786/3914/3914
f 3399/3894/3894 3398/3895/3895 3385/3915/3915
f 3399/3894/3894 3385/3915/3915 3444/3916/3916
f 3399/3894/3894 3361/3917/3917 3400/3907/3907
f 3408/3910/3910 3400/3907/3907 3361/3917/3917
f 3400/3907/3907 3396/3911/3911 3404/3866/3866
f 3360/3883/3883 3357/3898/3898 3401/3892/3892
f 4254/3902/3902 3401/3892/3892 3357/3898/3898
f 3419/2107/2107 3402/1947/1947 3392/1945/1945
f 1264/2105/2105 1440/1954/1954 3403/1955/1955
f 3393/151/151 3403/1955/1955 1265/149/149
f 1264/2105/2105 3403/1955/1955 3402/1947/1947
f 3400/3907/3907 3404/3866/3866 3366/3893/3893
f 3409/3864/3864 3404/3866/3866 3396/3911/3911
f 3420/3918/3918 3427/3001/3001 3424/3919/3919
f 3418/3002/3002 3419/2107/2107 3412/2097/2097
f 3409/3864/3864 3396/3911/3911 3410/3920/3920
f 3406/3921/3921 3410/3920/3920 3411/3922/3922
f 3382/3865/3865 3407/3899/3899 3381/3885/3885
f 3406/3921/3921 3421/3923/3923 3416/3903/3903
f 3420/3918/3918 3424/3919/3919 3425/3924/3924
f 3410/3920/3920 3408/3910/3910 3414/3925/3925
f 3410/3920/3920 3396/3911/3911 3408/3910/3910
f 3407/3899/3899 3409/3864/3864 3406/3921/3921
f 3408/3910/3910 3424/3919/3919 3414/3925/3925
f 3406/3921/3921 3409/3864/3864 3410/3920/3920
f 3394/1944/1944 3412/2097/2097 3392/1945/1945
f 3422/3909/3909 3423/3904/3904 3415/3926/3926
f 3414/3925/3925 3417/3927/3927 3411/3922/3922
f 3417/3927/3927 3418/3002/3002 3412/2097/2097
f 3445/3928/3928 3447/3876/3876 3449/3929/3929
f 3429/3930/3930 2831/1949/1949 3433/3931/3931
f 3417/3927/3927 3414/3925/3925 3405/3000/3000
f 3410/3920/3920 3414/3925/3925 3411/3922/3922
f 3406/3921/3921 3411/3922/3922 3421/3923/3923
f 3411/3922/3922 3417/3927/3927 3422/3909/3909
f 3406/3921/3921 3416/3903/3903 3407/3899/3899
f 3377/3901/3901 3416/3903/3903 3415/3926/3926
f 3417/3927/3927 3405/3000/3000 3418/3002/3002
f 3422/3909/3909 3417/3927/3927 3412/2097/2097
f 3427/3001/3001 3405/3000/3000 3424/3919/3919
f 3418/3002/3002 3430/3459/3459 3432/291/291
f 3412/2097/2097 3419/2107/2107 3392/1945/1945
f 3419/2107/2107 3418/3002/3002 3432/291/291
f 3425/3924/3924 3408/3910/3910 3361/3917/3917
f 3428/3932/3932 3413/3933/3933 3429/3930/3930
f 3422/3909/3909 3421/3923/3923 3411/3922/3922
f 3416/3903/3903 3421/3923/3923 3415/3926/3926
f 221/2096/2096 3422/3909/3909 3412/2097/2097
f 3421/3923/3923 3422/3909/3909 3415/3926/3926
f 3379/3888/3888 3423/3904/3904 221/2096/2096
f 3377/3901/3901 3415/3926/3926 3423/3904/3904
f 3414/3925/3925 3424/3919/3919 3405/3000/3000
f 3425/3924/3924 3424/3919/3919 3408/3910/3910
f 3443/3934/3934 3425/3924/3924 3361/3917/3917
f 3420/3918/3918 3425/3924/3924 3446/3935/3935
f 3426/3936/3936 3428/3932/3932 3429/3930/3930
f 3434/2108/2108 3433/3931/3931 3437/3457/3457
f 3428/3932/3932 3420/3918/3918 3413/3933/3933
f 3427/3001/3001 3426/3936/3936 3430/3459/3459
f 3426/3936/3936 3427/3001/3001 3428/3932/3932
f 3420/3918/3918 3428/3932/3932 3427/3001/3001
f 3440/3937/3937 3436/3938/3938 3439/3939/3939
f 2831/1949/1949 3429/3930/3930 3439/3939/3939
f 3431/3940/3940 3430/3459/3459 3426/3936/3936
f 1264/2105/2105 3419/2107/2107 3432/291/291
f 3433/3931/3931 3431/3940/3940 3426/3936/3936
f 3434/2108/2108 3431/3940/3940 3433/3931/3931
f 3430/3459/3459 3431/3940/3940 3432/291/291
f 3432/291/291 3431/3940/3940 1447/289/289
f 3429/3930/3930 3433/3931/3931 3426/3936/3936
f 2831/1949/1949 2832/1948/1948 3437/3457/3457
f 2827/2106/2106 3434/2108/2108 1441/1957/1957
f 1447/289/289 3431/3940/3940 3434/2108/2108
f 3413/3933/3933 3446/3935/3935 3445/3928/3928
f 3493/3941/3941 4294/3942/3942 4273/3943/3943
f 3440/3937/3937 3429/3930/3930 3413/3933/3933
f 3448/3944/3944 3441/3945/3945 3450/3908/3908
f 3434/2108/2108 3437/3457/3457 1441/1957/1957
f 2831/1949/1949 3437/3457/3457 3433/3931/3931
f 3439/3939/3939 3438/1950/1950 2831/1949/1949
f 3438/1950/1950 3436/3938/3938 3450/3908/3908
f 3440/3937/3937 3439/3939/3939 3429/3930/3930
f 3438/1950/1950 3439/3939/3939 3436/3938/3938
f 3443/3934/3934 3445/3928/3928 3446/3935/3935
f 3448/3944/3944 3440/3937/3937 3449/3929/3929
f 3495/3946/3946 3496/3947/3947 3494/3948/3948
f 3501/3010/3010 3490/2923/2923 3494/3948/3948
f 3443/3934/3934 3361/3917/3917 3444/3916/3916
f 3456/3949/3949 3457/3950/3950 3461/3951/3951
f 3361/3917/3917 3399/3894/3894 3444/3916/3916
f 3443/3934/3934 3442/3952/3952 3445/3928/3928
f 3444/3916/3916 3385/3915/3915 3456/3949/3949
f 3443/3934/3934 3444/3916/3916 3461/3951/3951
f 3447/3876/3876 3445/3928/3928 3442/3952/3952
f 3440/3937/3937 3413/3933/3933 3445/3928/3928
f 3420/3918/3918 3446/3935/3935 3413/3933/3933
f 3425/3924/3924 3443/3934/3934 3446/3935/3935
f 3452/3953/3953 3454/3877/3877 3455/3954/3954
f 3435/3878/3878 3448/3944/3944 3449/3929/3929
f 3448/3944/3944 3435/3878/3878 4273/3943/3943
f 3436/3938/3938 3440/3937/3937 3448/3944/3944
f 3445/3928/3928 3449/3929/3929 3440/3937/3937
f 3435/3878/3878 3449/3929/3929 3447/3876/3876
f 3448/3944/3944 3450/3908/3908 3436/3938/3938
f 3495/3946/3946 3491/3955/3955 3441/3945/3945
f 3451/346/346 3802/3956/3956 3459/3957/3957
f 3707/3852/3852 3709/3846/3846 3318/3845/3845
f 3798/3958/3958 3810/3959/3959 3813/3960/3960
f 3492/3961/3961 4273/3943/3943 4294/3942/3942
f 3780/3962/3962 3779/3963/3963 3778/3837/3837
f 3761/3862/3862 3335/3849/3849 3330/3834/3834
f 3458/3879/3879 3447/3876/3876 3442/3952/3952
f 3452/3953/3953 3801/3964/3964 3454/3877/3877
f 3442/3952/3952 3461/3951/3951 3457/3950/3950
f 3789/3965/3965 3459/3957/3957 3460/3966/3966
f 3787/3967/3967 3781/3968/3968 3774/3912/3912
f 3456/3949/3949 3453/3969/3969 3457/3950/3950
f 3460/3966/3966 3457/3950/3950 3453/3969/3969
f 3457/3950/3950 3455/3954/3954 3458/3879/3879
f 3457/3950/3950 3458/3879/3879 3442/3952/3952
f 3454/3877/3877 3458/3879/3879 3455/3954/3954
f 3452/3953/3953 3455/3954/3954 3459/3957/3957
f 3455/3954/3954 3457/3950/3950 3460/3966/3966
f 3453/3969/3969 3785/347/347 3789/3965/3965
f 3455/3954/3954 3460/3966/3966 3459/3957/3957
f 3443/3934/3934 3461/3951/3951 3442/3952/3952
f 3456/3949/3949 3461/3951/3951 3444/3916/3916
f 3464/811/811 1092/1767/1767 1093/812/812
f 3462/2496/2496 3464/811/811 3465/1752/1752
f 1091/2418/2418 3462/2496/2496 3463/1756/1756
f 2267/1754/1754 3463/1756/1756 3462/2496/2496
f 3465/1752/1752 3464/811/811 1086/1363/1363
f 3464/811/811 3462/2496/2496 1092/1767/1767
f 3467/1753/1753 3465/1752/1752 3469/1757/1757
f 3462/2496/2496 3465/1752/1752 2267/1754/1754
f 3469/1757/1757 3472/1758/1758 3466/3970/3970
f 2275/801/801 3468/2984/2984 2273/2929/2929
f 3469/1757/1757 3465/1752/1752 1086/1363/1363
f 3478/3971/3971 3470/2982/2982 3467/1753/1753
f 201/2784/2784 3468/2984/2984 2275/801/801
f 3474/3972/3972 3476/2985/2985 3466/3970/3970
f 3471/1367/1367 3469/1757/1757 1088/1362/1362
f 3466/3970/3970 3467/1753/1753 3469/1757/1757
f 3478/3971/3971 3467/1753/1753 3466/3970/3970
f 3468/2984/2984 201/2784/2784 3470/2982/2982
f 3471/1367/1367 1088/1362/1362 604/1365/1365
f 3472/1758/1758 3471/1367/1367 229/1360/1360
f 600/1359/1359 3480/3973/3973 229/1360/1360
f 2274/1358/1358 3475/1357/1357 597/1355/1355
f 3466/3970/3970 3472/1758/1758 3474/3972/3972
f 3480/3973/3973 600/1359/1359 3475/1357/1357
f 3480/3973/3973 3472/1758/1758 229/1360/1360
f 3476/2985/2985 3474/3972/3972 3473/2989/2989
f 3480/3973/3973 3473/2989/2989 3474/3972/3972
f 603/1090/1090 3475/1357/1357 600/1359/1359
f 2271/364/364 4362/363/363 3473/2989/2989
f 3476/2985/2985 3468/2984/2984 3478/3971/3971
f 2265/1759/1759 3477/1760/1760 201/2784/2784
f 2267/1754/1754 3477/1760/1760 2268/1755/1755
f 3476/2985/2985 3478/3971/3971 3466/3970/3970
f 3468/2984/2984 3470/2982/2982 3478/3971/3971
f 2272/1354/1354 3479/1356/1356 2274/1358/1358
f 3473/2989/2989 3479/1356/1356 2271/364/364
f 3473/2989/2989 3480/3973/3973 3475/1357/1357
f 3472/1758/1758 3480/3973/3973 3474/3972/3972
f 4268/3974/3974 4360/3975/3975 4262/1315/1315
f 264/1314/1314 1055/1542/1542 4260/1732/1732
f 4363/3976/3976 3482/2990/2990 2273/2929/2929
f 3482/2990/2990 2270/3977/3977 3485/3978/3978
f 4359/365/365 4360/3975/3975 2270/3977/3977
f 4256/2101/2101 4259/3979/3979 3481/3980/3980
f 3485/3978/3978 3484/2992/2992 3482/2990/2990
f 3483/2103/2103 2280/2102/2102 3484/2992/2992
f 3485/3978/3978 2270/3977/3977 4360/3975/3975
f 3484/2992/2992 3485/3978/3978 3483/2103/2103
f 3498/2918/2918 2208/2994/2994 3500/2998/2998
f 3491/3955/3955 3490/2923/2923 3489/2922/2922
f 4265/2104/2104 3483/2103/2103 4257/3981/3981
f 4271/2995/2995 4264/3982/3982 4269/3458/3458
f 3497/2917/2917 3488/2997/2997 3489/2922/2922
f 4272/3983/3983 4266/2999/2999 4265/2104/2104
f 197/3068/3068 3450/3908/3908 3491/3955/3955
f 3497/2917/2917 3489/2922/2922 3486/2924/2924
f 3490/2923/2923 3491/3955/3955 3495/3946/3946
f 3494/3948/3948 2283/3012/3012 2291/3008/3008
f 197/3068/3068 3491/3955/3955 3489/2922/2922
f 3441/3945/3945 3491/3955/3955 3450/3908/3908
f 4273/3943/3943 3492/3961/3961 3495/3946/3946
f 3435/3878/3878 3454/3877/3877 3493/3941/3941
f 3798/3958/3958 2357/3015/3015 3799/3014/3014
f 3798/3958/3958 3799/3014/3014 3797/3984/3984
f 2287/3009/3009 3494/3948/3948 2291/3008/3008
f 3494/3948/3948 3490/2923/2923 3495/3946/3946
f 4273/3943/3943 3495/3946/3946 3441/3945/3945
f 3495/3946/3946 3492/3961/3961 3496/3947/3947
f 3496/3947/3947 3492/3961/3961 4294/3942/3942
f 2283/3012/3012 3494/3948/3948 3496/3947/3947
f 3498/2918/2918 3497/2917/2917 3486/2924/2924
f 4264/3982/3982 3497/2917/2917 3487/2916/2916
f 3499/3007/3007 3498/2918/2918 3486/2924/2924
f 2208/2994/2994 2282/2987/2987 3500/2998/2998
f 3486/2924/2924 3490/2923/2923 3501/3010/3010
f 2355/2993/2993 3499/3007/3007 2287/3009/3009
f 4266/2999/2999 2282/2987/2987 2280/2102/2102
f 3487/2916/2916 3498/2918/2918 3500/2998/2998
f 2287/3009/3009 3501/3010/3010 3494/3948/3948
f 3486/2924/2924 3501/3010/3010 3499/3007/3007
f 2191/2900/2900 3502/2904/2904 2190/2909/2909
f 2331/2935/2935 3502/2904/2904 2070/2729/2729
f 3503/2907/2907 2213/2968/2968 2294/2740/2740
f 2331/2935/2935 3503/2907/2907 2295/3017/3017
f 2238/2960/2960 2453/2833/2833 3507/3132/3132
f 3506/3819/3819 3286/3119/3119 2363/3082/3082
f 3504/2473/2473 3507/3132/3132 3509/3074/3074
f 3287/3810/3810 3505/3076/3076 3260/3803/3803
f 3520/3790/3790 2363/3082/3082 2364/2474/2474
f 3287/3810/3810 3506/3819/3819 3505/3076/3076
f 2453/2833/2833 3508/3137/3137 3507/3132/3132
f 3504/2473/2473 3509/3074/3074 3505/3076/3076
f 2471/3103/3103 3508/3137/3137 2453/2833/2833
f 3508/3137/3137 2322/3138/3138 3511/3820/3820
f 3508/3137/3137 3509/3074/3074 3507/3132/3132
f 3505/3076/3076 3510/3075/3075 3260/3803/3803
f 3514/3985/3985 3508/3137/3137 3511/3820/3820
f 3509/3074/3074 3514/3985/3985 3510/3075/3075
f 2411/2959/2959 3558/3986/3986 3557/3100/3100
f 3295/3821/3821 3548/3823/3823 3264/3812/3812
f 3560/3102/3102 4277/3987/3987 3529/3988/3988
f 3267/3783/3783 3516/3816/3816 3282/3049/3049
f 3548/3823/3823 3288/3797/3797 3521/3802/3802
f 3517/3793/3793 3524/3989/3989 3525/3228/3228
f 3508/3137/3137 3514/3985/3985 3509/3074/3074
f 3551/3801/3801 3514/3985/3985 3511/3820/3820
f 3515/3815/3815 3517/3793/3793 3525/3228/3228
f 3518/3215/3215 3519/3817/3817 3516/3816/3816
f 3517/3793/3793 3516/3816/3816 3267/3783/3783
f 3518/3215/3215 3516/3816/3816 3515/3815/3815
f 3517/3793/3793 3267/3783/3783 3522/3791/3791
f 3523/3792/3792 3524/3989/3989 3517/3793/3793
f 3525/3228/3228 3531/3129/3129 3515/3815/3815
f 3299/3784/3784 3519/3817/3817 190/940/940
f 3516/3816/3816 3519/3817/3817 3282/3049/3049
f 190/940/940 3519/3817/3817 3518/3215/3215
f 3504/2473/2473 3505/3076/3076 3520/3790/3790
f 3506/3819/3819 3520/3790/3790 3505/3076/3076
f 3260/3803/3803 3510/3075/3075 3551/3801/3801
f 3521/3802/3802 3536/3800/3800 3550/3990/3990
f 3267/3783/3783 3251/3734/3734 3522/3791/3791
f 3522/3791/3791 3251/3734/3734 3278/3775/3775
f 3264/3812/3812 3513/3822/3822 3523/3792/3792
f 3524/3989/3989 3523/3792/3792 3513/3822/3822
f 3550/3990/3990 3524/3989/3989 3513/3822/3822
f 3524/3989/3989 3512/3227/3227 3525/3228/3228
f 3557/3100/3100 2322/3138/3138 2471/3103/3103
f 3632/3234/3234 3634/3236/3236 3640/3991/3991
f 3595/3992/3992 2410/3044/3044 3589/3242/3242
f 3632/3234/3234 3612/3993/3993 3581/3994/3994
f 3528/3130/3130 3512/3227/3227 3535/3995/3995
f 3515/3815/3815 3531/3129/3129 3532/3231/3231
f 3536/3800/3800 3535/3995/3995 3512/3227/3227
f 3528/3130/3130 3527/3996/3996 3537/3131/3131
f 4285/3997/3997 3557/3100/3100 3560/3102/3102
f 3535/3995/3995 4365/3998/3998 3528/3130/3130
f 4275/3999/3999 3539/4000/4000 3527/3996/3996
f 3640/3991/3991 3575/4001/4001 3626/4002/4002
f 3528/3130/3130 3531/3129/3129 3525/3228/3228
f 3532/3231/3231 3531/3129/3129 3530/4003/4003
f 3534/941/941 3532/3231/3231 3538/4004/4004
f 3515/3815/3815 3532/3231/3231 3518/3215/3215
f 3533/4005/4005 3534/941/941 3538/4004/4004
f 3533/4005/4005 3544/4006/4006 3541/942/942
f 3538/4004/4004 3532/3231/3231 3530/4003/4003
f 3534/941/941 3533/4005/4005 3541/942/942
f 3512/3227/3227 3550/3990/3990 3536/3800/3800
f 3529/3988/3988 4277/3987/3987 4365/3998/3998
f 3536/3800/3800 3521/3802/3802 3551/3801/3801
f 3529/3988/3988 3535/3995/3995 3536/3800/3800
f 3540/4007/4007 3527/3996/3996 3539/4000/4000
f 3531/3129/3129 3537/3131/3131 3530/4003/4003
f 3527/3996/3996 3540/4007/4007 3537/3131/3131
f 3540/4007/4007 3538/4004/4004 3530/4003/4003
f 3578/4008/4008 3626/4002/4002 3575/4001/4001
f 3576/4009/4009 3538/4004/4004 3540/4007/4007
f 3537/3131/3131 3540/4007/4007 3530/4003/4003
f 3578/4008/4008 3576/4009/4009 3626/4002/4002
f 3574/4010/4010 2586/3223/3223 3555/3222/3222
f 3546/4011/4011 3545/3813/3813 3541/942/942
f 3573/4012/4012 3555/3222/3222 3547/4013/4013
f 3280/3736/3736 3299/3784/3784 3553/3737/3737
f 3543/4014/4014 3545/3813/3813 3546/4011/4011
f 3546/4011/4011 3569/948/948 3543/4014/4014
f 3544/4006/4006 3533/4005/4005 3578/4008/4008
f 3544/4006/4006 3542/4015/4015 3546/4011/4011
f 3546/4011/4011 3541/942/942 3544/4006/4006
f 3545/3813/3813 3543/4014/4014 3553/3737/3737
f 3573/4012/4012 3569/948/948 3546/4011/4011
f 3573/4012/4012 3546/4011/4011 3542/4015/4015
f 3574/4010/4010 3555/3222/3222 3573/4012/4012
f 3555/3222/3222 4291/4016/4016 3547/4013/4013
f 3264/3812/3812 3548/3823/3823 3513/3822/3822
f 3288/3797/3797 3548/3823/3823 3295/3821/3821
f 3549/3101/3101 3557/3100/3100 3558/3986/3986
f 4275/3999/3999 4276/4017/4017 4280/4018/4018
f 3524/3989/3989 3550/3990/3990 3512/3227/3227
f 3521/3802/3802 3550/3990/3990 3513/3822/3822
f 3260/3803/3803 3551/3801/3801 3521/3802/3802
f 3551/3801/3801 3510/3075/3075 3514/3985/3985
f 3511/3820/3820 4285/3997/3997 4286/4019/4019
f 3529/3988/3988 3536/3800/3800 3552/3799/3799
f 3553/3737/3737 3299/3784/3784 190/940/940
f 3572/3738/3738 3553/3737/3737 3543/4014/4014
f 3652/222/222 3653/4020/4020 3681/4021/4021
f 3543/4014/4014 3554/947/947 3572/3738/3738
f 3556/3221/3221 2586/3223/3223 2591/953/953
f 4292/939/939 4289/938/938 213/4022/4022
f 2591/953/953 2587/3220/3220 3556/3221/3221
f 2587/3220/3220 4366/3219/3219 4291/4016/4016
f 3558/3986/3986 2411/2959/2959 1815/2470/2470
f 4277/3987/3987 3549/3101/3101 4281/3046/3046
f 3559/841/841 1815/2470/2470 2470/2472/2472
f 1815/2470/2470 3559/841/841 3558/3986/3986
f 3563/3045/3045 3561/4023/4023 3562/843/843
f 4282/4024/4024 4280/4018/4018 4278/3048/3048
f 4286/4019/4019 3529/3988/3988 3552/3799/3799
f 2322/3138/3138 4285/3997/3997 3511/3820/3820
f 3595/3992/3992 3600/4025/4025 2410/3044/3044
f 4284/4026/4026 3600/4025/4025 3602/4027/4027
f 3563/3045/3045 3562/843/843 2452/842/842
f 4283/4028/4028 3562/843/843 3561/4023/4023
f 2452/842/842 3567/3136/3136 3568/3128/3128
f 3561/4023/4023 3563/3045/3045 2410/3044/3044
f 2452/842/842 2470/2472/2472 3567/3136/3136
f 4196/2952/2952 2060/2760/2760 4194/2759/2759
f 3568/3128/3128 3563/3045/3045 2452/842/842
f 4207/4029/4029 3564/3043/3043 4208/4030/4030
f 4211/2764/2764 2135/2842/2842 2236/2762/2762
f 4199/2953/2953 4200/2763/2763 2236/2762/2762
f 2321/2471/2471 3567/3136/3136 2470/2472/2472
f 3568/3128/3128 3567/3136/3136 3566/4031/4031
f 3568/3128/3128 3566/4031/4031 4214/4032/4032
f 3568/3128/3128 3565/3042/3042 3563/3045/3045
f 3570/949/949 3569/948/948 3547/4013/4013
f 3543/4014/4014 3569/948/948 3554/947/947
f 4292/939/939 3570/949/949 3547/4013/4013
f 213/4022/4022 3554/947/947 3570/949/949
f 306/221/221 457/934/934 3644/943/943
f 3280/3736/3736 3572/3738/3738 3609/3804/3804
f 3572/3738/3738 3625/4033/4033 3610/3814/3814
f 3610/3814/3814 3580/4034/4034 3609/3804/3804
f 3569/948/948 3573/4012/4012 3547/4013/4013
f 3574/4010/4010 3573/4012/4012 3542/4015/4015
f 3544/4006/4006 3578/4008/4008 3577/4035/4035
f 3542/4015/4015 3577/4035/4035 3574/4010/4010
f 3576/4009/4009 3533/4005/4005 3538/4004/4004
f 2592/3240/3240 2598/3232/3232 3582/4036/4036
f 3540/4007/4007 3539/4000/4000 3576/4009/4009
f 3629/4037/4037 3612/3993/3993 3627/4038/4038
f 3544/4006/4006 3577/4035/4035 3542/4015/4015
f 3577/4035/4035 3575/4001/4001 3640/3991/3991
f 3576/4009/4009 3578/4008/4008 3533/4005/4005
f 3577/4035/4035 3578/4008/4008 3575/4001/4001
f 3585/3267/3267 3616/4039/4039 3613/3305/3305
f 3583/3041/3041 3584/3241/3241 3565/3042/3042
f 3642/284/284 3571/936/936 3636/935/935
f 3649/3787/3787 3611/3785/3785 3638/4040/4040
f 3627/4038/4038 3612/3993/3993 3626/4002/4002
f 3561/4023/4023 2410/3044/3044 3600/4025/4025
f 3633/3235/3235 2598/3232/3232 2595/3233/3233
f 3604/3243/3243 3608/4041/4041 3597/3244/3244
f 4207/4029/4029 3583/3041/3041 3564/3043/3043
f 3584/3241/3241 3583/3041/3041 3579/4042/4042
f 3579/4042/4042 3587/3266/3266 3584/3241/3241
f 3613/3305/3305 3588/4043/4043 3594/4044/4044
f 3587/3266/3266 3579/4042/4042 3590/4045/4045
f 2619/3255/3255 3591/3272/3272 2611/3276/3276
f 2614/3268/3268 2615/1989/1989 3603/3245/3245
f 3596/3263/3263 4287/4046/4046 3593/4047/4047
f 3590/4045/4045 3579/4042/4042 183/4048/4048
f 3592/3265/3265 3589/3242/3242 3584/3241/3241
f 2617/3246/3246 3606/3270/3270 3591/3272/3272
f 3605/3269/3269 3592/3265/3265 3594/4044/4044
f 3592/3265/3265 3584/3241/3241 3587/3266/3266
f 3595/3992/3992 3589/3242/3242 3596/3263/3263
f 3615/4049/4049 3590/4045/4045 183/4048/4048
f 3587/3266/3266 3590/4045/4045 3617/4050/4050
f 3606/3270/3270 2617/3246/3246 2614/3268/3268
f 3613/3305/3305 3591/3272/3272 3588/4043/4043
f 3594/4044/4044 3592/3265/3265 3585/3267/3267
f 3586/3264/3264 3589/3242/3242 3592/3265/3265
f 3593/4047/4047 3595/3992/3992 3596/3263/3263
f 4282/4024/4024 3601/4051/4051 3639/4052/4052
f 3613/3305/3305 3594/4044/4044 3585/3267/3267
f 3594/4044/4044 3588/4043/4043 3605/3269/3269
f 3596/3263/3263 3589/3242/3242 3586/3264/3264
f 3595/3992/3992 3593/4047/4047 3600/4025/4025
f 3597/3244/3244 3598/3262/3262 3599/3271/3271
f 3598/3262/3262 4287/4046/4046 3596/3263/3263
f 3604/3243/3243 2606/1988/1988 2608/3230/3230
f 3621/4053/4053 3608/4041/4041 2592/3240/3240
f 3599/3271/3271 3598/3262/3262 3586/3264/3264
f 3608/4041/4041 4287/4046/4046 3597/3244/3244
f 3605/3269/3269 3599/3271/3271 3586/3264/3264
f 3599/3271/3271 2614/3268/3268 3603/3245/3245
f 3602/4027/4027 3600/4025/4025 3593/4047/4047
f 4284/4026/4026 3602/4027/4027 3601/4051/4051
f 4287/4046/4046 3631/4054/4054 4288/4055/4055
f 3629/4037/4037 3627/4038/4038 3628/4056/4056
f 3602/4027/4027 3593/4047/4047 4288/4055/4055
f 3601/4051/4051 4282/4024/4024 4284/4026/4026
f 2606/1988/1988 3603/3245/3245 2615/1989/1989
f 3599/3271/3271 3603/3245/3245 3597/3244/3244
f 2608/3230/3230 2592/3240/3240 3604/3243/3243
f 3621/4053/4053 2592/3240/3240 3582/4036/4036
f 3605/3269/3269 3586/3264/3264 3592/3265/3265
f 3606/3270/3270 3605/3269/3269 3588/4043/4043
f 3591/3272/3272 3606/3270/3270 3588/4043/4043
f 2614/3268/3268 3599/3271/3271 3606/3270/3270
f 3621/4053/4053 3582/4036/4036 3631/4054/4054
f 3581/3994/3994 3629/4037/4037 3630/4057/4057
f 2592/3240/3240 3608/4041/4041 3604/3243/3243
f 3608/4041/4041 3607/4058/4058 4287/4046/4046
f 3609/3804/3804 3572/3738/3738 3610/3814/3814
f 3580/4034/4034 3646/4059/4059 3609/3804/3804
f 3625/4033/4033 3572/3738/3738 3554/947/947
f 3625/4033/4033 3653/4020/4020 3610/3814/3814
f 3647/282/282 3638/4040/4040 3646/4059/4059
f 3283/3789/3789 3611/3785/3785 3270/3818/3818
f 3627/4038/4038 3576/4009/4009 3539/4000/4000
f 3632/3234/3234 3581/3994/3994 3582/4036/4036
f 3617/4050/4050 3585/3267/3267 3587/3266/3266
f 3616/4039/4039 3620/4060/4060 3619/3302/3302
f 3949/4061/4061 3950/4062/4062 3965/4063/4063
f 3618/4064/4064 3620/4060/4060 3954/4065/4065
f 3963/4066/4066 3951/4067/4067 3936/4068/4068
f 3615/4049/4049 3614/4069/4069 3616/4039/4039
f 3616/4039/4039 3585/3267/3267 3617/4050/4050
f 3616/4039/4039 3614/4069/4069 3620/4060/4060
f 3590/4045/4045 3615/4049/4049 3617/4050/4050
f 3616/4039/4039 3617/4050/4050 3615/4049/4049
f 3936/4068/4068 3951/4067/4067 3614/4069/4069
f 2645/4070/4070 2646/3274/3274 3635/4071/4071
f 3616/4039/4039 3619/3302/3302 3613/3305/3305
f 3619/3302/3302 3618/4064/4064 3635/4071/4071
f 3954/4065/4065 3614/4069/4069 3951/4067/4067
f 3619/3302/3302 3620/4060/4060 3618/4064/4064
f 3631/4054/4054 3582/4036/4036 3581/3994/3994
f 3608/4041/4041 3621/4053/4053 3607/4058/4058
f 3642/284/284 3636/935/935 3641/4072/4072
f 3580/4034/4034 3610/3814/3814 3622/283/283
f 3641/4072/4072 3636/935/935 3656/1206/1206
f 3674/4073/4073 3637/4074/4074 3623/4075/4075
f 3624/4076/4076 3641/4072/4072 3637/4074/4074
f 3646/4059/4059 3638/4040/4040 3611/3785/3785
f 213/4022/4022 3681/4021/4021 3554/947/947
f 308/143/143 3652/222/222 248/141/141
f 3627/4038/4038 3626/4002/4002 3576/4009/4009
f 3640/3991/3991 3626/4002/4002 3612/3993/3993
f 3539/4000/4000 3628/4056/4056 3627/4038/4038
f 3612/3993/3993 3629/4037/4037 3581/3994/3994
f 4275/3999/3999 3628/4056/4056 3539/4000/4000
f 3526/4077/4077 4282/4024/4024 3639/4052/4052
f 3639/4052/4052 3628/4056/4056 3526/4077/4077
f 3630/4057/4057 3629/4037/4037 3601/4051/4051
f 3601/4051/4051 3602/4027/4027 4288/4055/4055
f 3630/4057/4057 4288/4055/4055 3631/4054/4054
f 3621/4053/4053 3631/4054/4054 3607/4058/4058
f 3581/3994/3994 3630/4057/4057 3631/4054/4054
f 3582/4036/4036 3633/3235/3235 3632/3234/3234
f 3634/3236/3236 3633/3235/3235 2595/3233/3233
f 2598/3232/3232 3633/3235/3235 3582/4036/4036
f 2595/3233/3233 2599/3226/3226 3634/3236/3236
f 2586/3223/3223 3574/4010/4010 3634/3236/3236
f 3634/3236/3236 3574/4010/4010 3577/4035/4035
f 3619/3302/3302 3635/4071/4071 2646/3274/3274
f 3966/4078/4078 3618/4064/4064 3954/4065/4065
f 3678/4079/4079 3644/943/943 3662/1202/1202
f 3650/937/937 3655/4080/4080 3636/935/935
f 3623/4075/4075 3641/4072/4072 3656/1206/1206
f 3685/3808/3808 3701/4081/4081 3671/4082/4082
f 3637/4074/4074 3648/3788/3788 3624/4076/4076
f 3638/4040/4040 3648/3788/3788 3649/3787/3787
f 3601/4051/4051 3629/4037/4037 3639/4052/4052
f 3628/4056/4056 3639/4052/4052 3629/4037/4037
f 3632/3234/3234 3640/3991/3991 3612/3993/3993
f 3577/4035/4035 3640/3991/3991 3634/3236/3236
f 3637/4074/4074 3641/4072/4072 3623/4075/4075
f 3642/284/284 3641/4072/4072 3624/4076/4076
f 3642/284/284 3624/4076/4076 3647/282/282
f 3571/936/936 3642/284/284 3622/283/283
f 3678/4079/4079 3662/1202/1202 3643/4083/4083
f 3656/1206/1206 3636/935/935 3655/4080/4080
f 456/1208/1208 3644/943/943 457/934/934
f 3650/937/937 3651/4084/4084 3678/4079/4079
f 3714/4085/4085 3710/4086/4086 3715/4087/4087
f 3257/3786/3786 3648/3788/3788 3701/4081/4081
f 3609/3804/3804 3646/4059/4059 3611/3785/3785
f 3647/282/282 3646/4059/4059 3580/4034/4034
f 3647/282/282 3580/4034/4034 3622/283/283
f 3648/3788/3788 3647/282/282 3624/4076/4076
f 3648/3788/3788 3637/4074/4074 3701/4081/4081
f 3647/282/282 3648/3788/3788 3638/4040/4040
f 3649/3787/3787 3257/3786/3786 3272/3805/3805
f 3611/3785/3785 3649/3787/3787 3270/3818/3818
f 3571/936/936 3680/4088/4088 3650/937/937
f 3667/1204/1204 3668/4089/4089 3643/4083/4083
f 3610/3814/3814 3653/4020/4020 3680/4088/4088
f 3678/4079/4079 3679/944/944 3644/943/943
f 3680/4088/4088 3653/4020/4020 3682/4090/4090
f 4289/938/938 3652/222/222 3681/4021/4021
f 3681/4021/4021 3653/4020/4020 3625/4033/4033
f 3652/222/222 3682/4090/4090 3653/4020/4020
f 3662/1202/1202 3667/1204/1204 3643/4083/4083
f 3658/1205/1205 3660/4091/4091 3657/4092/4092
f 3668/4089/4089 3650/937/937 3643/4083/4083
f 3655/4080/4080 3654/1207/1207 3656/1206/1206
f 4293/4093/4093 3660/4091/4091 3654/1207/1207
f 3672/4094/4094 3674/4073/4073 3658/1205/1205
f 3675/4095/4095 3673/4096/4096 3645/4097/4097
f 3672/4094/4094 3673/4096/4096 3675/4095/4095
f 4293/4093/4093 3659/4098/4098 3660/4091/4091
f 3658/1205/1205 3657/4092/4092 3672/4094/4094
f 196/3071/3071 3676/4099/4099 3677/4100/4100
f 3661/3069/3069 3677/4100/4100 3660/4091/4091
f 3654/1207/1207 3660/4091/4091 3658/1205/1205
f 3659/4098/4098 3695/4101/4101 3660/4091/4091
f 3683/4102/4102 3695/4101/4101 3696/4103/4103
f 3697/4104/4104 3670/378/378 3684/4105/4105
f 3663/1021/1021 456/1208/1208 458/657/657
f 3662/1202/1202 456/1208/1208 3663/1021/1021
f 262/376/376 3665/386/386 3663/1021/1021
f 3665/386/386 222/387/387 3669/1203/1203
f 222/387/387 3696/4103/4103 4293/4093/4093
f 3668/4089/4089 3654/1207/1207 3655/4080/4080
f 262/376/376 347/837/837 3666/377/377
f 3669/1203/1203 222/387/387 3664/4106/4106
f 3698/1309/1309 3732/1306/1306 3736/4107/4107
f 3661/3069/3069 3660/4091/4091 3695/4101/4101
f 3669/1203/1203 3662/1202/1202 3663/1021/1021
f 3664/4106/4106 4293/4093/4093 3668/4089/4089
f 3668/4089/4089 3655/4080/4080 3650/937/937
f 3664/4106/4106 3668/4089/4089 3667/1204/1204
f 3667/1204/1204 3669/1203/1203 3664/4106/4106
f 3663/1021/1021 3665/386/386 3669/1203/1203
f 262/376/376 3670/378/378 3665/386/386
f 3670/378/378 3666/377/377 3684/4105/4105
f 3674/4073/4073 3656/1206/1206 3658/1205/1205
f 3685/3808/3808 3671/4082/4082 3686/4108/4108
f 3672/4094/4094 3657/4092/4092 3673/4096/4096
f 3674/4073/4073 3672/4094/4094 3671/4082/4082
f 3657/4092/4092 3676/4099/4099 3673/4096/4096
f 3716/4109/4109 3717/4110/4110 3676/4099/4099
f 3637/4074/4074 3674/4073/4073 3671/4082/4082
f 3656/1206/1206 3674/4073/4073 3623/4075/4075
f 3675/4095/4095 3645/4097/4097 3686/4108/4108
f 3672/4094/4094 3675/4095/4095 3671/4082/4082
f 3677/4100/4100 3676/4099/4099 3657/4092/4092
f 3676/4099/4099 196/3071/3071 3716/4109/4109
f 3660/4091/4091 3677/4100/4100 3657/4092/4092
f 196/3071/3071 3677/4100/4100 3661/3069/3069
f 3650/937/937 3678/4079/4079 3643/4083/4083
f 3679/944/944 3678/4079/4079 3651/4084/4084
f 3682/4090/4090 3679/944/944 3651/4084/4084
f 3652/222/222 306/221/221 3679/944/944
f 3650/937/937 3680/4088/4088 3651/4084/4084
f 3610/3814/3814 3680/4088/4088 3571/936/936
f 3554/947/947 3681/4021/4021 3625/4033/4033
f 3681/4021/4021 213/4022/4022 4289/938/938
f 3679/944/944 3682/4090/4090 3652/222/222
f 3680/4088/4088 3682/4090/4090 3651/4084/4084
f 3697/4104/4104 3684/4105/4105 3768/4111/4111
f 3740/3438/3438 3741/4112/4112 3726/3439/3439
f 3723/1307/1307 3684/4105/4105 3666/377/377
f 3769/4113/4113 3736/4107/4107 3738/4114/4114
f 3671/4082/4082 3675/4095/4095 3686/4108/4108
f 3687/3809/3809 3273/3761/3761 3274/3807/3807
f 3690/4115/4115 3686/4108/4108 3645/4097/4097
f 3693/4116/4116 3690/4115/4115 3691/3758/3758
f 3693/4116/4116 3685/3808/3808 3686/4108/4108
f 3221/3755/3755 3273/3761/3761 3687/3809/3809
f 3721/4117/4117 3717/4110/4110 3720/4118/4118
f 3689/393/393 1934/2808/2808 3220/394/394
f 3221/3755/3755 3689/393/393 3222/392/392
f 3689/393/393 3688/3759/3759 3694/3825/3825
f 3717/4110/4110 3645/4097/4097 3673/4096/4096
f 3690/4115/4115 3688/3759/3759 3691/3758/3758
f 3221/3755/3755 3687/3809/3809 3691/3758/3758
f 3693/4116/4116 3686/4108/4108 3690/4115/4115
f 3714/4085/4085 3688/3759/3759 3690/4115/4115
f 3706/3841/3841 3712/2807/2807 3728/2809/2809
f 3691/3758/3758 3687/3809/3809 3693/4116/4116
f 3685/3808/3808 3693/4116/4116 3687/3809/3809
f 3715/4087/4087 3694/3825/3825 3688/3759/3759
f 1934/2808/2808 3694/3825/3825 3692/4119/4119
f 3696/4103/4103 3695/4101/4101 3659/4098/4098
f 3740/3438/3438 3695/4101/4101 3683/4102/4102
f 3696/4103/4103 3659/4098/4098 4293/4093/4093
f 3697/4104/4104 3696/4103/4103 222/387/387
f 3696/4103/4103 3697/4104/4104 3683/4102/4102
f 3670/378/378 3697/4104/4104 222/387/387
f 3723/1307/1307 3666/377/377 3724/1308/1308
f 545/1022/1022 3699/1024/1024 4500/4120/4120
f 3730/1023/1023 545/1022/1022 3731/1303/1303
f 3850/4121/4121 3803/4122/4122 3812/4123/4123
f 3756/3861/3861 3773/4124/4124 3775/3900/3900
f 3671/4082/4082 3701/4081/4081 3637/4074/4074
f 3702/3806/3806 3701/4081/4081 3685/3808/3808
f 3702/3806/3806 3257/3786/3786 3701/4081/4081
f 3274/3807/3807 3702/3806/3806 3687/3809/3809
f 3743/4125/4125 3742/4126/4126 3711/4127/4127
f 3705/3851/3851 3707/3852/3852 3326/3830/3830
f 3705/3851/3851 3706/3841/3841 3704/3843/3843
f 3709/3846/3846 3704/3843/3843 3708/3857/3857
f 3706/3841/3841 3705/3851/3851 3301/3847/3847
f 3707/3852/3852 3705/3851/3851 3704/3843/3843
f 3706/3841/3841 3301/3847/3847 3712/2807/2807
f 3706/3841/3841 3692/4119/4119 3713/3842/3842
f 3704/3843/3843 3719/4128/4128 3708/3857/3857
f 3707/3852/3852 3318/3845/3845 3320/3828/3828
f 3711/4127/4127 3742/4126/4126 3703/4129/4129
f 3760/3858/3858 3708/3857/3857 3745/4130/4130
f 3704/3843/3843 3709/3846/3846 3707/3852/3852
f 3765/3844/3844 3760/3858/3858 3752/4131/4131
f 3690/4115/4115 3721/4117/4117 3714/4085/4085
f 3719/4128/4128 3703/4129/4129 3759/4132/4132
f 3743/4125/4125 196/3071/3071 3744/4133/4133
f 3720/4118/4118 3703/4129/4129 3710/4086/4086
f 3729/2811/2811 3712/2807/2807 3301/3847/3847
f 3718/3753/3753 3303/2812/2812 2098/2804/2804
f 3692/4119/4119 3694/3825/3825 3715/4087/4087
f 3722/4134/4134 3703/4129/4129 3719/4128/4128
f 3721/4117/4117 3690/4115/4115 3645/4097/4097
f 3710/4086/4086 3722/4134/4134 3715/4087/4087
f 3692/4119/4119 3715/4087/4087 3713/3842/3842
f 3688/3759/3759 3714/4085/4085 3715/4087/4087
f 3743/4125/4125 3716/4109/4109 196/3071/3071
f 3717/4110/4110 3716/4109/4109 3711/4127/4127
f 3676/4099/4099 3717/4110/4110 3673/4096/4096
f 3720/4118/4118 3717/4110/4110 3711/4127/4127
f 1934/2808/2808 3718/3753/3753 3216/3732/3732
f 3303/2812/2812 3718/3753/3753 3712/2807/2807
f 3704/3843/3843 3713/3842/3842 3719/4128/4128
f 3713/3842/3842 3715/4087/4087 3722/4134/4134
f 3703/4129/4129 3720/4118/4118 3711/4127/4127
f 3721/4117/4117 3720/4118/4118 3710/4086/4086
f 3714/4085/4085 3721/4117/4117 3710/4086/4086
f 3645/4097/4097 3717/4110/4110 3721/4117/4117
f 3703/4129/4129 3722/4134/4134 3710/4086/4086
f 3713/3842/3842 3722/4134/4134 3719/4128/4128
f 3666/377/377 346/1026/1026 3724/1308/1308
f 3723/1307/1307 3698/1309/1309 3769/4113/4113
f 346/1026/1026 3699/1024/1024 3724/1308/1308
f 3698/1309/1309 3724/1308/1308 3699/1024/1024
f 3725/4135/4135 3735/4136/4136 3734/1304/1304
f 3732/1306/1306 3698/1309/1309 3699/1024/1024
f 3661/3069/3069 3740/3438/3438 3739/3070/3070
f 3742/4126/4126 3745/4130/4130 3759/4132/4132
f 3749/4137/4137 3748/4138/4138 3744/4133/4133
f 3727/4139/4139 3742/4126/4126 3747/4140/4140
f 1934/2808/2808 3692/4119/4119 3728/2809/2809
f 3706/3841/3841 3728/2809/2809 3692/4119/4119
f 3304/2615/2615 3729/2811/2811 3301/3847/3847
f 3303/2812/2812 3729/2811/2811 3302/2617/2617
f 3730/1023/1023 3725/4135/4135 3732/1306/1306
f 352/243/243 361/669/669 3733/668/668
f 3725/4135/4135 3730/1023/1023 3731/1303/1303
f 3734/1304/1304 3732/1306/1306 3725/4135/4135
f 3736/4107/4107 3732/1306/1306 2799/1305/1305
f 3767/206/206 3766/1302/1302 265/667/667
f 352/243/243 3733/668/668 3731/1303/1303
f 3725/4135/4135 3766/1302/1302 3735/4136/4136
f 3844/4141/4141 1067/1962/1962 3838/4142/4142
f 3767/206/206 3735/4136/4136 3766/1302/1302
f 1067/1962/1962 3842/3063/3063 3838/4142/4142
f 2799/1305/1305 3738/4114/4114 3736/4107/4107
f 3769/4113/4113 3768/4111/4111 3684/4105/4105
f 3849/4143/4143 3820/4144/4144 3813/3960/3960
f 3700/4145/4145 3750/4146/4146 3771/4147/4147
f 2799/1305/1305 3841/4148/4148 3738/4114/4114
f 3738/4114/4114 3737/4149/4149 3769/4113/4113
f 3661/3069/3069 3695/4101/4101 3740/3438/3438
f 3739/3070/3070 3726/3439/3439 3744/4133/4133
f 3768/4111/4111 3683/4102/4102 3697/4104/4104
f 3741/4112/4112 3768/4111/4111 3769/4113/4113
f 3768/4111/4111 3741/4112/4112 3740/3438/3438
f 3846/4150/4150 3814/4151/4151 3845/4152/4152
f 3711/4127/4127 3716/4109/4109 3743/4125/4125
f 3745/4130/4130 3742/4126/4126 3727/4139/4139
f 196/3071/3071 3739/3070/3070 3744/4133/4133
f 3742/4126/4126 3743/4125/4125 3747/4140/4140
f 3749/4137/4137 3726/3439/3439 3771/4147/4147
f 3743/4125/4125 3744/4133/4133 3747/4140/4140
f 3758/4153/4153 3764/4154/4154 3757/4155/4155
f 3759/4132/4132 3745/4130/4130 3708/3857/3857
f 3813/3960/3960 3810/3959/3959 3811/4156/4156
f 3783/4157/4157 3774/3912/3912 3781/3968/3968
f 3744/4133/4133 3748/4138/4138 3747/4140/4140
f 3748/4138/4138 3755/4158/4158 3757/4155/4155
f 3749/4137/4137 3744/4133/4133 3726/3439/3439
f 3746/4159/4159 3755/4158/4158 3748/4138/4138
f 3726/3439/3439 3741/4112/4112 3771/4147/4147
f 3746/4159/4159 3748/4138/4138 3749/4137/4137
f 3750/4146/4146 3700/4145/4145 3808/1738/1738
f 3746/4159/4159 3749/4137/4137 3750/4146/4146
f 3757/4155/4155 3747/4140/4140 3748/4138/4138
f 3757/4155/4155 3753/4160/4160 3758/4153/4153
f 3335/3849/3849 3761/3862/3862 184/3836/3836
f 3334/3860/3860 3754/3848/3848 3330/3834/3834
f 3816/4161/4161 3746/4159/4159 3808/1738/1738
f 3785/347/347 3453/3969/3969 3784/4162/4162
f 3318/3845/3845 3754/3848/3848 3334/3860/3860
f 3752/4131/4131 3756/3861/3861 3754/3848/3848
f 3750/4146/4146 3808/1738/1738 3746/4159/4159
f 3757/4155/4155 3755/4158/4158 3753/4160/4160
f 3763/4163/4163 3752/4131/4131 3762/4164/4164
f 3756/3861/3861 3763/4163/4163 3773/4124/4124
f 3753/4160/4160 4299/4165/4165 3758/4153/4153
f 3747/4140/4140 3757/4155/4155 3727/4139/4139
f 3762/4164/4164 3758/4153/4153 3751/4166/4166
f 3727/4139/4139 3764/4154/4154 3745/4130/4130
f 3719/4128/4128 3759/4132/4132 3708/3857/3857
f 3742/4126/4126 3759/4132/4132 3703/4129/4129
f 3764/4154/4154 3760/3858/3858 3745/4130/4130
f 3760/3858/3858 3764/4154/4154 3762/4164/4164
f 3754/3848/3848 3761/3862/3862 3330/3834/3834
f 184/3836/3836 3761/3862/3862 3756/3861/3861
f 3763/4163/4163 3762/4164/4164 3751/4166/4166
f 3760/3858/3858 3762/4164/4164 3752/4131/4131
f 3773/4124/4124 4300/4167/4167 3866/4168/4168
f 3752/4131/4131 3763/4163/4163 3756/3861/3861
f 3757/4155/4155 3764/4154/4154 3727/4139/4139
f 3764/4154/4154 3758/4153/4153 3762/4164/4164
f 3765/3844/3844 3752/4131/4131 3754/3848/3848
f 3708/3857/3857 3765/3844/3844 3709/3846/3846
f 3731/1303/1303 3766/1302/1302 3725/4135/4135
f 265/667/667 3766/1302/1302 3733/668/668
f 265/667/667 1068/1059/1059 3767/206/206
f 1067/1962/1962 3735/4136/4136 3767/206/206
f 3683/4102/4102 3768/4111/4111 3740/3438/3438
f 3723/1307/1307 3769/4113/4113 3684/4105/4105
f 3769/4113/4113 3698/1309/1309 3736/4107/4107
f 3769/4113/4113 3737/4149/4149 3770/4169/4169
f 3700/4145/4145 3741/4112/4112 3770/4169/4169
f 3769/4113/4113 3770/4169/4169 3741/4112/4112
f 3700/4145/4145 3771/4147/4147 3741/4112/4112
f 3749/4137/4137 3771/4147/4147 3750/4146/4146
f 4299/4165/4165 3853/4170/4170 3867/4171/4171
f 3456/3949/3949 3776/3913/3913 3453/3969/3969
f 3751/4166/4166 3773/4124/4124 3763/4163/4163
f 3775/3900/3900 3773/4124/4124 3772/4172/4172
f 3776/3913/3913 3456/3949/3949 3786/3914/3914
f 3398/3895/3895 3777/4173/4173 3385/3915/3915
f 3780/3962/3962 3787/3967/3967 3779/3963/3963
f 3756/3861/3861 3775/3900/3900 184/3836/3836
f 3786/3914/3914 3456/3949/3949 3385/3915/3915
f 3784/4162/4162 3774/3912/3912 3783/4157/4157
f 3398/3895/3895 3367/3882/3882 3777/4173/4173
f 3779/3963/3963 3367/3882/3882 3347/3881/3881
f 3780/3962/3962 3775/3900/3900 3772/4172/4172
f 3367/3882/3882 3779/3963/3963 3777/4173/4173
f 3347/3881/3881 3778/3837/3837 3779/3963/3963
f 3775/3900/3900 3780/3962/3962 3778/3837/3837
f 3781/3968/3968 3780/3962/3962 3772/4172/4172
f 3787/3967/3967 3774/3912/3912 3786/3914/3914
f 3772/4172/4172 3869/4174/4174 3781/3968/3968
f 3865/4175/4175 3869/4174/4174 3866/4168/4168
f 3867/4171/4171 3853/4170/4170 3864/4176/4176
f 3807/4177/4177 3809/4178/4178 3746/4159/4159
f 3805/348/348 3785/347/347 3788/4179/4179
f 3776/3913/3913 3784/4162/4162 3453/3969/3969
f 3774/3912/3912 3784/4162/4162 3776/3913/3913
f 3785/347/347 3784/4162/4162 3783/4157/4157
f 3788/4179/4179 3785/347/347 3783/4157/4157
f 3785/347/347 3451/346/346 3789/3965/3965
f 3385/3915/3915 3777/4173/4173 3786/3914/3914
f 3786/3914/3914 3777/4173/4173 3787/3967/3967
f 3779/3963/3963 3787/3967/3967 3777/4173/4173
f 3781/3968/3968 3787/3967/3967 3780/3962/3962
f 3868/4180/4180 3788/4179/4179 3783/4157/4157
f 3788/4179/4179 3862/4181/4181 3805/348/348
f 3459/3957/3957 3789/3965/3965 3451/346/346
f 3453/3969/3969 3789/3965/3965 3460/3966/3966
f 2379/1688/1688 3790/1687/1687 982/2216/2216
f 2446/1683/1683 3790/1687/1687 2378/1689/1689
f 1811/1912/1912 3791/1934/1934 1236/1907/1907
f 3792/1935/1935 3791/1934/1934 1810/1911/1911
f 3792/1935/1935 1810/1911/1911 2382/2469/2469
f 3792/1935/1935 2221/690/690 2408/689/689
f 3794/3072/3072 2358/788/788 2293/3005/3005
f 3795/3011/3011 3796/4182/4182 3797/3984/3984
f 2293/3005/3005 3795/3011/3011 3794/3072/3072
f 2283/3012/3012 3796/4182/4182 3795/3011/3011
f 2291/3008/3008 3795/3011/3011 2293/3005/3005
f 4294/3942/3942 2283/3012/3012 3496/3947/3947
f 3800/4183/4183 3798/3958/3958 3796/4182/4182
f 3793/3073/3073 3794/3072/3072 3797/3984/3984
f 3795/3011/3011 3797/3984/3984 3794/3072/3072
f 3797/3984/3984 3796/4182/4182 3798/3958/3958
f 3796/4182/4182 4294/3942/3942 3800/4183/4183
f 3801/3964/3964 3802/3956/3956 3810/3959/3959
f 3857/3013/3013 2357/3015/3015 3856/3115/3115
f 3797/3984/3984 3799/3014/3014 3793/3073/3073
f 3493/3941/3941 3801/3964/3964 3800/4183/4183
f 3452/3953/3953 3802/3956/3956 3801/3964/3964
f 3454/3877/3877 3801/3964/3964 3493/3941/3941
f 3452/3953/3953 3459/3957/3957 3802/3956/3956
f 3811/4156/4156 3802/3956/3956 3812/4123/4123
f 3798/3958/3958 3800/4183/4183 3810/3959/3959
f 3811/4156/4156 3812/4123/4123 3803/4122/4122
f 3808/1738/1738 3845/4152/4152 3817/1736/1736
f 3753/4160/4160 3755/4158/4158 3809/4178/4178
f 3850/4121/4121 3861/4184/4184 3824/4185/4185
f 3862/4181/4181 3788/4179/4179 3782/4186/4186
f 3805/348/348 3804/4187/4187 3812/4123/4123
f 3700/4145/4145 3845/4152/4152 3808/1738/1738
f 3824/4185/4185 3863/4188/4188 3821/4189/4189
f 3807/4177/4177 3816/4161/4161 3852/4190/4190
f 3853/4170/4170 3807/4177/4177 3852/4190/4190
f 3737/4149/4149 3846/4150/4150 3770/4169/4169
f 3816/4161/4161 3808/1738/1738 3806/1737/1737
f 3746/4159/4159 3809/4178/4178 3755/4158/4158
f 4301/4191/4191 3807/4177/4177 3853/4170/4170
f 3801/3964/3964 3810/3959/3959 3800/4183/4183
f 3811/4156/4156 3810/3959/3959 3802/3956/3956
f 3812/4123/4123 3802/3956/3956 3451/346/346
f 3813/3960/3960 3811/4156/4156 3803/4122/4122
f 3805/348/348 3812/4123/4123 3451/346/346
f 3850/4121/4121 3812/4123/4123 3804/4187/4187
f 3849/4143/4143 3848/4192/4192 3819/4193/4193
f 3798/3958/3958 3813/3960/3960 2357/3015/3015
f 4295/4194/4194 3738/4114/4114 3815/4195/4195
f 4295/4194/4194 3814/4151/4151 3846/4150/4150
f 3841/4148/4148 3839/4196/4196 3815/4195/4195
f 3820/4144/4144 2357/3015/3015 3813/3960/3960
f 3806/1737/1737 3863/4188/4188 3852/4190/4190
f 3746/4159/4159 3816/4161/4161 3807/4177/4177
f 3826/4197/4197 3821/4189/4189 3827/4198/4198
f 3806/1737/1737 3817/1736/1736 3821/4189/4189
f 3837/4199/4199 3827/4198/4198 3815/4195/4195
f 3839/4196/4196 3836/4200/4200 3837/4199/4199
f 3818/4201/4201 3821/4189/4189 3826/4197/4197
f 3825/3059/3059 224/3061/3061 2345/3056/3056
f 3849/4143/4143 3813/3960/3960 3803/4122/4122
f 3857/3013/3013 3793/3073/3073 3799/3014/3014
f 3827/4198/4198 3817/1736/1736 3814/4151/4151
f 3824/4185/4185 3821/4189/4189 3818/4201/4201
f 3825/3059/3059 3854/4202/4202 3828/3060/3060
f 3826/4197/4197 3833/4203/4203 3818/4201/4201
f 3831/4204/4204 3825/3059/3059 3822/3003/3003
f 3832/4205/4205 3836/4200/4200 3835/4206/4206
f 3847/4207/4207 3824/4185/4185 3818/4201/4201
f 3862/4181/4181 3851/4208/4208 3861/4184/4184
f 3854/4202/4202 2345/3056/3056 2259/2902/2902
f 3835/4206/4206 3829/4209/4209 3831/4204/4204
f 3827/4198/4198 3821/4189/4189 3817/1736/1736
f 3823/4210/4210 3836/4200/4200 3833/4203/4203
f 3827/4198/4198 3814/4151/4151 4295/4194/4194
f 3826/4197/4197 3827/4198/4198 3823/4210/4210
f 2338/2913/2913 3830/3055/3055 2259/2902/2902
f 4298/3117/3117 3855/2971/2971 4296/3054/3054
f 3734/1304/1304 3840/4211/4211 2799/1305/1305
f 3831/4204/4204 3834/3064/3064 3825/3059/3059
f 2258/2912/2912 3830/3055/3055 2338/2913/2913
f 3854/4202/4202 3830/3055/3055 3828/3060/3060
f 3822/3003/3003 3832/4205/4205 3835/4206/4206
f 3831/4204/4204 3829/4209/4209 3834/3064/3064
f 3819/4193/4193 3858/3116/3116 3856/3115/3115
f 3819/4193/4193 3848/4192/4192 3833/4203/4203
f 3823/4210/4210 3833/4203/4203 3826/4197/4197
f 3819/4193/4193 3833/4203/4203 3832/4205/4205
f 3834/3064/3064 3829/4209/4209 3843/4212/4212
f 2350/1329/1329 3842/3063/3063 1067/1962/1962
f 3822/3003/3003 3835/4206/4206 3831/4204/4204
f 3832/4205/4205 3833/4203/4203 3836/4200/4200
f 3837/4199/4199 3836/4200/4200 3823/4210/4210
f 3829/4209/4209 3835/4206/4206 3836/4200/4200
f 3827/4198/4198 3837/4199/4199 3823/4210/4210
f 3837/4199/4199 3815/4195/4195 3839/4196/4196
f 3836/4200/4200 3839/4196/4196 3829/4209/4209
f 1067/1962/1962 3844/4141/4141 3735/4136/4136
f 3815/4195/4195 3738/4114/4114 3841/4148/4148
f 3839/4196/4196 3838/4142/4142 3843/4212/4212
f 3844/4141/4141 3734/1304/1304 3735/4136/4136
f 3838/4142/4142 3839/4196/4196 3840/4211/4211
f 2799/1305/1305 3840/4211/4211 3841/4148/4148
f 3839/4196/4196 3841/4148/4148 3840/4211/4211
f 224/3061/3061 3842/3063/3063 2350/1329/1329
f 3842/3063/3063 3834/3064/3064 3843/4212/4212
f 3839/4196/4196 3843/4212/4212 3829/4209/4209
f 3842/3063/3063 3843/4212/4212 3838/4142/4142
f 3838/4142/4142 3840/4211/4211 3844/4141/4141
f 3734/1304/1304 3844/4141/4141 3840/4211/4211
f 3846/4150/4150 3700/4145/4145 3770/4169/4169
f 3817/1736/1736 3845/4152/4152 3814/4151/4151
f 3846/4150/4150 3737/4149/4149 4295/4194/4194
f 3700/4145/4145 3846/4150/4150 3845/4152/4152
f 3848/4192/4192 3847/4207/4207 3818/4201/4201
f 3850/4121/4121 3847/4207/4207 3803/4122/4122
f 3833/4203/4203 3848/4192/4192 3818/4201/4201
f 3849/4143/4143 3819/4193/4193 3820/4144/4144
f 3803/4122/4122 3847/4207/4207 3849/4143/4143
f 3848/4192/4192 3849/4143/4143 3847/4207/4207
f 3861/4184/4184 3850/4121/4121 3804/4187/4187
f 3847/4207/4207 3850/4121/4121 3824/4185/4185
f 3852/4190/4190 3851/4208/4208 3864/4176/4176
f 3863/4188/4188 3851/4208/4208 3852/4190/4190
f 3806/1737/1737 3852/4190/4190 3816/4161/4161
f 3852/4190/4190 3864/4176/4176 3853/4170/4170
f 3783/4157/4157 3781/3968/3968 3869/4174/4174
f 4301/4191/4191 3809/4178/4178 3807/4177/4177
f 2345/3056/3056 3854/4202/4202 3825/3059/3059
f 3830/3055/3055 3854/4202/4202 2259/2902/2902
f 3855/2971/2971 3859/3114/3114 3857/3013/3013
f 2357/3015/3015 3820/4144/4144 3856/3115/3115
f 3820/4144/4144 3819/4193/4193 3856/3115/3115
f 3819/4193/4193 3832/4205/4205 3858/3116/3116
f 3856/3115/3115 3855/2971/2971 3857/3013/3013
f 3859/3114/3114 3855/2971/2971 2437/3118/3118
f 3832/4205/4205 3822/3003/3003 3858/3116/3116
f 3860/2972/2972 3858/3116/3116 3822/3003/3003
f 2468/789/789 3859/3114/3114 2437/3118/3118
f 3793/3073/3073 3857/3013/3013 3859/3114/3114
f 4297/2973/2973 3822/3003/3003 3828/3060/3060
f 3856/3115/3115 3860/2972/2972 3855/2971/2971
f 3862/4181/4181 3861/4184/4184 3804/4187/4187
f 3863/4188/4188 3861/4184/4184 3851/4208/4208
f 3805/348/348 3862/4181/4181 3804/4187/4187
f 3864/4176/4176 3862/4181/4181 3782/4186/4186
f 3821/4189/4189 3863/4188/4188 3806/1737/1737
f 3861/4184/4184 3863/4188/4188 3824/4185/4185
f 3862/4181/4181 3864/4176/4176 3851/4208/4208
f 3867/4171/4171 3864/4176/4176 3782/4186/4186
f 3773/4124/4124 3866/4168/4168 3772/4172/4172
f 3866/4168/4168 4300/4167/4167 3865/4175/4175
f 4300/4167/4167 3773/4124/4124 3751/4166/4166
f 3869/4174/4174 3865/4175/4175 3868/4180/4180
f 3782/4186/4186 3788/4179/4179 3868/4180/4180
f 4299/4165/4165 3867/4171/4171 3865/4175/4175
f 3865/4175/4175 3867/4171/4171 3868/4180/4180
f 3782/4186/4186 3868/4180/4180 3867/4171/4171
f 3866/4168/4168 3869/4174/4174 3772/4172/4172
f 3783/4157/4157 3869/4174/4174 3868/4180/4180
f 3871/1909/1909 3870/3030/3030 799/1529/1529
f 2469/3097/3097 3870/3030/3030 2450/3029/3029
f 800/1525/1525 3872/1528/1528 799/1529/1529
f 3871/1909/1909 1236/1907/1907 3873/3031/3031
f 3874/1908/1908 1239/1523/1523 1238/1008/1008
f 3872/1528/1528 3871/1909/1909 799/1529/1529
f 3791/1934/1934 3873/3031/3031 1236/1907/1907
f 2450/3029/3029 3873/3031/3031 2407/963/963
f 3871/1909/1909 3874/1908/1908 1236/1907/1907
f 1239/1523/1523 3874/1908/1908 3872/1528/1528
f 2261/2977/2977 3875/2981/2981 2352/2978/2978
f 3876/3160/3160 3875/2981/2981 2533/3065/3065
f 2500/2974/2974 3876/3160/3160 2533/3065/3065
f 2501/2980/2980 3876/3160/3160 2505/3163/3163
f 2552/2872/2872 3877/2870/2870 2529/2873/2873
f 2547/2848/2848 3877/2870/2870 2546/3195/3195
f 3879/958/958 218/514/514 2633/516/516
f 2635/1254/1254 3879/958/958 2633/516/516
f 4521/4213/4213 3884/989/989 334/991/991 4495/990/990
f 218/514/514 3880/957/957 316/712/712
f 3878/3296/3296 3880/957/957 3879/958/958
f 3886/1271/1271 3882/1264/1264 2634/1255/1255
f 3878/3296/3296 3879/958/958 3881/1253/1253
f 3883/1256/1256 3882/1264/1264 512/1268/1268
f 3878/3296/3296 3881/1253/1253 3882/1264/1264
f 513/478/478 3883/1256/1256 512/1268/1268
f 3883/1256/1256 507/1249/1249 4302/3295/3295
f 3880/957/957 3878/3296/3296 3884/989/989
f 4302/3295/3295 3884/989/989 3878/3296/3296
f 3885/1986/1986 512/1268/1268 3882/1264/1264
f 2622/3297/3297 3885/1986/1986 2637/1270/1270
f 2636/1272/1272 3886/1271/1271 2634/1255/1255
f 2637/1270/1270 3885/1986/1986 3886/1271/1271
f 4017/4214/4214 4016/3280/3280 4010/4215/4215
f 3992/3293/3293 3983/3292/3292 3994/3281/3281
f 2757/683/683 3888/3416/3416 2753/681/681
f 2759/871/871 3888/3416/3416 2754/2034/2034
f 4229/3723/3723 4236/1979/1979 4227/2017/2017
f 2813/1977/1977 3891/1976/1976 3892/3450/3450
f 4240/4216/4216 4242/3721/3721 4237/3722/3722
f 4046/4217/4217 4051/4218/4218 4071/4219/4219
f 2816/2123/2123 3891/1976/1976 2814/1978/1978
f 3892/3450/3450 3891/1976/1976 2817/1799/1799
f 3893/1981/1981 3892/3450/3450 2817/1799/1799
f 2813/1977/1977 3892/3450/3450 3889/3449/3449
f 3893/1981/1981 2817/1799/1799 1314/1798/1798
f 3889/3449/3449 3893/1981/1981 1315/1980/1980
f 4226/4220/4220 4228/2307/2307 4231/4221/4221
f 4224/2428/2428 4225/2308/2308 2822/3451/3451
f 3916/2095/2095 1430/2094/2094 1733/1929/1929
f 1599/1710/1710 3898/2081/2081 1422/2082/2082
f 1432/1709/1709 3896/2090/2090 1433/644/644
f 3895/4222/4222 3897/1913/1913 3899/2080/2080
f 3927/4223/4223 3895/4222/4222 3924/4224/4224
f 3930/1914/1914 3897/1913/1913 3895/4222/4222
f 3899/2080/2080 1599/1710/1710 193/645/645
f 3897/1913/1913 3939/1915/1915 3940/4225/4225
f 3895/4222/4222 3899/2080/2080 3896/2090/2090
f 3898/2081/2081 3899/2080/2080 3897/1913/1913
f 4368/1727/1727 3900/2986/2986 1443/1729/1729
f 4270/3456/3456 3900/2986/2986 2826/1726/1726
f 3903/3464/3464 1471/3304/3304 3906/3466/3466
f 3924/4224/4224 3895/4222/4222 3920/2093/2093
f 1471/3304/3304 3903/3464/3464 2840/3463/3463
f 2839/2262/2262 3904/1998/1998 2838/1997/1997
f 2843/3469/3469 3907/3473/3473 2844/3303/3303
f 2835/2145/2145 3903/3464/3464 3902/3465/3465
f 3908/4226/4226 3902/3465/3465 3944/4227/4227
f 3902/3465/3465 3908/4226/4226 3904/1998/1998
f 3925/4228/4228 3928/2138/2138 2825/4229/4229
f 3932/4230/4230 3960/3467/3467 3942/3474/3474
f 3907/3473/3473 1471/3304/3304 2844/3303/3303
f 3911/3475/3475 3942/3474/3474 3906/3466/3466
f 4058/4231/4231 3910/4232/4232 3917/3472/3472
f 3906/3466/3466 3907/3473/3473 3911/3475/3475
f 3918/4233/4233 3908/4226/4226 3901/4234/4234
f 3916/2095/2095 1606/1928/1928 3909/1999/1999
f 3904/1998/1998 3908/4226/4226 3909/1999/1999
f 3908/4226/4226 3919/4235/4235 3909/1999/1999
f 3961/4236/4236 3910/4232/4232 2842/4237/4237
f 3912/3307/3307 3905/3476/3476 3911/3475/3475
f 3917/3472/3472 3910/4232/4232 3971/4238/4238
f 3956/4239/4239 3969/4240/4240 3975/4241/4241
f 3911/3475/3475 3907/3473/3473 3971/4238/4238
f 3962/3306/3306 3970/3308/3308 3961/4236/4236
f 3920/2093/2093 3913/4242/4242 3922/4243/4243
f 1435/106/106 3914/2092/2092 1432/1709/1709
f 1430/2094/2094 3914/2092/2092 1435/106/106
f 3914/2092/2092 3913/4242/4242 3920/2093/2093
f 1604/2261/2261 3915/3452/3452 1606/1928/1928
f 2838/1997/1997 3909/1999/1999 3915/3452/3452
f 3919/4235/4235 3908/4226/4226 3918/4233/4233
f 3916/2095/2095 3919/4235/4235 3914/2092/2092
f 3917/3472/3472 2843/3469/3469 4058/4231/4231
f 3910/4232/4232 3970/3308/3308 3971/4238/4238
f 3901/4234/4234 3947/4244/4244 3922/4243/4243
f 3919/4235/4235 3918/4233/4233 3913/4242/4242
f 3914/2092/2092 3919/4235/4235 3913/4242/4242
f 3909/1999/1999 3919/4235/4235 3916/2095/2095
f 3918/4233/4233 3922/4243/4243 3913/4242/4242
f 3896/2090/2090 3920/2093/2093 3895/4222/4222
f 3926/4245/4245 3928/2138/2138 3934/2137/2137
f 3927/4223/4223 3924/4224/4224 3925/4228/4228
f 3901/4234/4234 3922/4243/4243 3918/4233/4233
f 3922/4243/4243 3921/4246/4246 3924/4224/4224
f 3914/2092/2092 3923/2091/2091 1432/1709/1709
f 3920/2093/2093 3896/2090/2090 3923/2091/2091
f 3922/4243/4243 3924/4224/4224 3920/2093/2093
f 3925/4228/4228 3924/4224/4224 3921/4246/4246
f 3947/4244/4244 3901/4234/4234 3948/4247/4247
f 3925/4228/4228 2825/4229/4229 3927/4223/4223
f 3956/4239/4239 3952/4248/4248 3955/4249/4249
f 3635/4071/4071 3618/4064/4064 3966/4078/4078
f 3964/4250/4250 3957/3251/3251 3931/3250/3250
f 3895/4222/4222 3927/4223/4223 3930/1914/1914
f 3946/2136/2136 3921/4246/4246 3934/2137/2137
f 3949/4061/4061 3928/2138/2138 3926/4245/4245
f 4212/4251/4251 3963/4066/4066 4203/4252/4252
f 4197/4253/4253 4205/4254/4254 4201/4255/4255
f 3927/4223/4223 3931/3250/3250 3930/1914/1914
f 3958/3249/3249 3939/1915/1915 3931/3250/3250
f 2825/4229/4229 3931/3250/3250 3927/4223/4223
f 3958/3249/3249 4185/4256/4256 3938/4257/4257
f 3932/4230/4230 3942/3474/3474 3943/4258/4258
f 3944/4227/4227 3932/4230/4230 3901/4234/4234
f 4064/4259/4259 4022/4260/4260 4066/4261/4261
f 4014/4262/4262 4002/4263/4263 4005/4264/4264
f 3947/4244/4244 3934/2137/2137 3921/4246/4246
f 3948/4247/4247 3943/4258/4258 3959/4265/4265
f 2642/4266/4266 3967/4267/4267 3956/4239/4239
f 3614/4069/4069 3615/4049/4049 3936/4068/4068
f 183/4048/4048 4216/4268/4268 3615/4049/4049
f 4201/4255/4255 4204/4269/4269 4193/4270/4270
f 3928/2138/2138 3965/4063/4063 2825/4229/4229
f 4203/4252/4252 3936/4068/4068 4216/4268/4268
f 3940/4225/4225 3938/4257/4257 3941/2259/2259
f 3897/1913/1913 3940/4225/4225 3898/2081/2081
f 3931/3250/3250 3939/1915/1915 3930/1914/1914
f 3939/1915/1915 3938/4257/4257 3940/4225/4225
f 3938/4257/4257 4187/4271/4271 3941/2259/2259
f 3898/2081/2081 3940/4225/4225 1422/2082/2082
f 3941/2259/2259 1242/2956/2956 4182/3676/3676
f 1422/2082/2082 3940/4225/4225 3941/2259/2259
f 3943/4258/4258 3942/3474/3474 3905/3476/3476
f 3960/3467/3467 3932/4230/4230 3944/4227/4227
f 3969/4240/4240 3956/4239/4239 3968/4272/4272
f 3943/4258/4258 3968/4272/4272 3959/4265/4265
f 3908/4226/4226 3944/4227/4227 3901/4234/4234
f 3902/3465/3465 3903/3464/3464 3960/3467/3467
f 4080/4273/4273 4043/3470/3470 4050/2124/2124
f 3974/4274/4274 3945/4275/4275 3972/4276/4276
f 3928/2138/2138 3925/4228/4228 3946/2136/2136
f 3921/4246/4246 3946/2136/2136 3925/4228/4228
f 3922/4243/4243 3947/4244/4244 3921/4246/4246
f 3948/4247/4247 3901/4234/4234 3932/4230/4230
f 3943/4258/4258 3948/4247/4247 3932/4230/4230
f 3934/2137/2137 3947/4244/4244 3948/4247/4247
f 3955/4249/4249 3953/4277/4277 3935/4278/4278
f 3949/4061/4061 3935/4278/4278 3950/4062/4062
f 3963/4066/4066 3935/4278/4278 3951/4067/4067
f 3964/4250/4250 3950/4062/4062 3937/4279/4279
f 3953/4277/4277 3951/4067/4067 3935/4278/4278
f 3953/4277/4277 3954/4065/4065 3951/4067/4067
f 3926/4245/4245 3955/4249/4249 3949/4061/4061
f 3967/4267/4267 2645/4070/4070 3966/4078/4078
f 3955/4249/4249 3935/4278/4278 3949/4061/4061
f 3952/4248/4248 3966/4078/4078 3954/4065/4065
f 3954/4065/4065 3620/4060/4060 3614/4069/4069
f 3952/4248/4248 3954/4065/4065 3953/4277/4277
f 3926/4245/4245 3959/4265/4265 3968/4272/4272
f 3952/4248/4248 3953/4277/4277 3955/4249/4249
f 3968/4272/4272 3955/4249/4249 3926/4245/4245
f 3943/4258/4258 3969/4240/4240 3968/4272/4272
f 3964/4250/4250 3931/3250/3250 2825/4229/4229
f 4206/4280/4280 3957/3251/3251 3937/4279/4279
f 3929/3453/3453 4210/4281/4281 4185/4256/4256
f 3939/1915/1915 3958/3249/3249 3938/4257/4257
f 3926/4245/4245 3934/2137/2137 3959/4265/4265
f 3948/4247/4247 3959/4265/4265 3934/2137/2137
f 3942/3474/3474 3960/3467/3467 3906/3466/3466
f 3902/3465/3465 3960/3467/3467 3944/4227/4227
f 3961/4236/4236 2842/4237/4237 4053/2125/2125
f 3961/4236/4236 3945/4275/4275 3962/3306/3306
f 4045/4282/4282 4047/3254/3254 3945/4275/4275
f 3912/3307/3307 3962/3306/3306 3973/4283/4283
f 4203/4252/4252 4216/4268/4268 4213/4284/4284
f 3950/4062/4062 3935/4278/4278 3963/4066/4066
f 3957/3251/3251 3964/4250/4250 3937/4279/4279
f 3965/4063/4063 3964/4250/4250 2825/4229/4229
f 3949/4061/4061 3965/4063/4063 3928/2138/2138
f 3964/4250/4250 3965/4063/4063 3950/4062/4062
f 3967/4267/4267 3966/4078/4078 3952/4248/4248
f 3635/4071/4071 3966/4078/4078 2645/4070/4070
f 3956/4239/4239 3967/4267/4267 3952/4248/4248
f 3967/4267/4267 2642/4266/4266 4038/4285/4285
f 3969/4240/4240 3943/4258/4258 3905/3476/3476
f 3955/4249/4249 3968/4272/4272 3956/4239/4239
f 3905/3476/3476 3912/3307/3307 3969/4240/4240
f 3975/4241/4241 3969/4240/4240 3912/3307/3307
f 3971/4238/4238 3912/3307/3307 3911/3475/3475
f 3961/4236/4236 3970/3308/3308 3910/4232/4232
f 3917/3472/3472 3971/4238/4238 3907/3473/3473
f 3912/3307/3307 3971/4238/4238 3970/3308/3308
f 4036/4286/4286 4027/4287/4287 4034/4288/4288
f 3973/4283/4283 2642/4266/4266 3975/4241/4241
f 3962/3306/3306 3974/4274/4274 3973/4283/4283
f 3973/4283/4283 3974/4274/4274 4033/4289/4289
f 3945/4275/4275 3974/4274/4274 3962/3306/3306
f 4049/4290/4290 4033/4289/4289 3972/4276/4276
f 3973/4283/4283 3975/4241/4241 3912/3307/3307
f 3956/4239/4239 3975/4241/4241 2642/4266/4266
f 1757/2127/2127 4060/2129/2129 1758/331/331
f 3976/2133/2133 4057/4291/4291 4058/4231/4231
f 2845/2186/2186 3977/2204/2204 1544/2196/2196
f 3175/3689/3689 3977/2204/2204 2846/2344/2344
f 3978/4292/4292 3979/3415/3415 3980/3414/3414
f 3978/4292/4292 3997/3405/3405 3981/3583/3583
f 2731/3403/3403 3979/3415/3415 2746/3364/3364
f 3981/3583/3583 3979/3415/3415 3978/4292/4292
f 3982/3285/3285 2731/3403/3403 2736/1278/1278
f 3993/3283/3283 2733/3398/3398 3990/3712/3712
f 3978/4292/4292 3995/3284/3284 3996/3406/3406
f 2999/3395/3395 3001/3394/3394 3986/3573/3573
f 3982/3285/3285 2733/3398/3398 3993/3283/3283
f 2731/3403/3403 3982/3285/3285 3980/3414/3414
f 3987/4293/4293 3988/3407/3407 3991/4294/4294
f 3992/3293/3293 3987/4293/4293 3991/4294/4294
f 4104/4295/4295 3996/3406/3406 4105/4296/4296
f 3978/4292/4292 3980/3414/3414 3995/3284/3284
f 4113/4297/4297 4116/3716/3716 3191/4298/4298
f 2999/3395/3395 3981/3583/3583 3998/3701/3701
f 3979/3415/3415 3986/3573/3573 2706/3363/3363
f 2999/3395/3395 3986/3573/3573 3981/3583/3583
f 3988/3407/3407 2735/3286/3286 2738/3402/3402
f 3991/4294/4294 2737/3408/3408 4006/4299/4299
f 3887/4300/4300 4005/4264/4264 4006/4299/4299
f 3988/3407/3407 3987/4293/4293 3990/3712/3712
f 4064/4259/4259 4018/4301/4301 4012/4302/4302
f 3989/4303/4303 4001/4304/4304 3992/3293/3293
f 3993/3283/3283 3990/3712/3712 3987/4293/4293
f 2735/3286/3286 3990/3712/3712 2733/3398/3398
f 2737/3408/3408 3991/4294/4294 3988/3407/3407
f 3991/4294/4294 3989/4303/4303 3992/3293/3293
f 4021/4305/4305 4001/4304/4304 4002/4263/4263
f 4004/3294/3294 4001/4304/4304 4003/4306/4306
f 3994/3281/3281 3993/3283/3283 3987/4293/4293
f 3982/3285/3285 3993/3283/3283 3984/3282/3282
f 3992/3293/3293 3994/3281/3281 3987/4293/4293
f 3994/3281/3281 3983/3292/3292 4105/4296/4296
f 3982/3285/3285 3995/3284/3284 3980/3414/3414
f 3984/3282/3282 4105/4296/4296 3995/3284/3284
f 4105/4296/4296 3983/3292/3292 4104/4295/4295
f 3996/3406/3406 4106/4307/4307 4107/3705/3705
f 3996/3406/3406 3997/3405/3405 3978/4292/4292
f 3997/3405/3405 3985/3404/3404 3998/3701/3701
f 3985/3404/3404 4115/3706/3706 4117/4308/4308
f 2999/3395/3395 3998/3701/3701 3005/3366/3366
f 4042/4309/4309 4052/4310/4310 4022/4260/4260
f 4087/4311/4311 4089/4312/4312 4019/4313/4313
f 4005/4264/4264 4001/4304/4304 3989/4303/4303
f 4020/4314/4314 4003/4306/4306 4000/4315/4315
f 4001/4304/4304 4005/4264/4264 4002/4263/4263
f 4001/4304/4304 4000/4315/4315 4003/4306/4306
f 4010/4215/4215 3887/4300/4300 4008/3258/3258
f 4021/4305/4305 4012/4302/4302 4018/4301/4301
f 4000/4315/4315 4018/4301/4301 4020/4314/4314
f 4003/4306/4306 4102/4316/4316 4095/4317/4317
f 4001/4304/4304 4004/3294/3294 3992/3293/3293
f 4095/4317/4317 4004/3294/3294 4003/4306/4306
f 4006/4299/4299 4005/4264/4264 3989/4303/4303
f 4014/4262/4262 4005/4264/4264 3887/4300/4300
f 3991/4294/4294 4006/4299/4299 3989/4303/4303
f 2739/3290/3290 4007/3301/3301 2737/3408/3408
f 3887/4300/4300 4006/4299/4299 4007/3301/3301
f 2737/3408/3408 4007/3301/3301 4006/4299/4299
f 4011/4318/4318 4017/4214/4214 2628/3288/3288
f 3887/4300/4300 4007/3301/3301 4008/3258/3258
f 4015/3298/3298 4028/3278/3278 4025/3291/3291
f 4013/4319/4319 4067/4320/4320 4065/4321/4321
f 2632/3257/3257 4010/4215/4215 4008/3258/3258
f 4016/3280/3280 4023/4322/4322 4010/4215/4215
f 4026/3277/3277 4025/3291/3291 2612/3247/3247
f 4016/3280/3280 4009/3279/3279 4023/4322/4322
f 4024/4323/4323 4014/4262/4262 4013/4319/4319
f 4037/4324/4324 4040/4325/4325 4009/3279/3279
f 4023/4322/4322 4067/4320/4320 4013/4319/4319
f 4021/4305/4305 4024/4323/4323 4012/4302/4302
f 3887/4300/4300 4010/4215/4215 4014/4262/4262
f 4014/4262/4262 4010/4215/4215 4023/4322/4322
f 4030/3300/3300 4027/4287/4287 4029/3299/3299
f 4025/3291/3291 4028/3278/3278 4011/4318/4318
f 4017/4214/4214 4010/4215/4215 2632/3257/3257
f 4028/3278/3278 4016/3280/3280 4011/4318/4318
f 2628/3288/3288 4017/4214/4214 2632/3257/3257
f 4011/4318/4318 4016/3280/3280 4017/4214/4214
f 4020/4314/4314 4018/4301/4301 4083/4326/4326
f 4021/4305/4305 4018/4301/4301 4000/4315/4315
f 4046/4217/4217 4071/4219/4219 4077/4327/4327
f 4087/4311/4311 4019/4313/4313 4083/4326/4326
f 4083/4326/4326 4018/4301/4301 3999/4328/4328
f 4020/4314/4314 4019/4313/4313 4093/4329/4329
f 4001/4304/4304 4021/4305/4305 4000/4315/4315
f 4024/4323/4323 4021/4305/4305 4002/4263/4263
f 4052/4310/4310 4044/3471/3471 4051/4218/4218
f 4018/4301/4301 4064/4259/4259 3999/4328/4328
f 4067/4320/4320 4023/4322/4322 4009/3279/3279
f 4014/4262/4262 4023/4322/4322 4013/4319/4319
f 4014/4262/4262 4024/4323/4323 4002/4263/4263
f 4065/4321/4321 4024/4323/4323 4013/4319/4319
f 2628/3288/3288 4025/3291/3291 4011/4318/4318
f 2612/3247/3247 4025/3291/3291 2640/466/466
f 2619/3255/3255 4026/3277/3277 2612/3247/3247
f 4030/3300/3300 4026/3277/3277 2618/3273/3273
f 4027/4287/4287 4031/3309/3309 4034/4288/4288
f 4034/4288/4288 4049/4290/4290 4036/4286/4286
f 4015/3298/3298 4029/3299/3299 4028/3278/3278
f 4037/4324/4324 4029/3299/3299 4027/4287/4287
f 4015/3298/3298 4026/3277/3277 4030/3300/3300
f 4037/4324/4324 4027/4287/4287 4036/4286/4286
f 2618/3273/3273 2646/3274/3274 4030/3300/3300
f 4031/3309/3309 2646/3274/3274 2645/4070/4070
f 2645/4070/4070 4032/4330/4330 4034/4288/4288
f 4027/4287/4287 4030/3300/3300 4031/3309/3309
f 4038/4285/4285 2645/4070/4070 3967/4267/4267
f 2642/4266/4266 3973/4283/4283 4033/4289/4289
f 3972/4276/4276 4033/4289/4289 3974/4274/4274
f 4033/4289/4289 4032/4330/4330 4038/4285/4285
f 2645/4070/4070 4034/4288/4288 4031/3309/3309
f 4033/4289/4289 4049/4290/4290 4032/4330/4330
f 4042/4309/4309 4039/4331/4331 4041/4332/4332
f 4037/4324/4324 4028/3278/3278 4029/3299/3299
f 4049/4290/4290 4034/4288/4288 4032/4330/4330
f 4036/4286/4286 4035/4333/4333 4037/4324/4324
f 4037/4324/4324 4035/4333/4333 4040/4325/4325
f 4009/3279/3279 4028/3278/3278 4037/4324/4324
f 4033/4289/4289 4038/4285/4285 2642/4266/4266
f 2645/4070/4070 4038/4285/4285 4032/4330/4330
f 4040/4325/4325 4035/4333/4333 4041/4332/4332
f 4022/4260/4260 4064/4259/4259 4065/4321/4321
f 4035/4333/4333 4048/3253/3253 4041/4332/4332
f 4040/4325/4325 4039/4331/4331 4067/4320/4320
f 4042/4309/4309 4041/4332/4332 3933/3252/3252
f 4039/4331/4331 4040/4325/4325 4041/4332/4332
f 4044/3471/3471 4042/4309/4309 3933/3252/3252
f 4039/4331/4331 4042/4309/4309 4022/4260/4260
f 4045/4282/4282 4050/2124/2124 4044/3471/3471
f 4072/4334/4334 4069/4335/4335 1323/2592/2592
f 4045/4282/4282 4044/3471/3471 3933/3252/3252
f 4044/3471/3471 4043/3470/3470 4051/4218/4218
f 4047/3254/3254 4045/4282/4282 3933/3252/3252
f 4045/4282/4282 3945/4275/4275 4050/2124/2124
f 4043/3470/3470 4080/4273/4273 4069/4335/4335
f 4066/4261/4261 4046/4217/4217 4074/4336/4336
f 3933/3252/3252 4041/4332/4332 4048/3253/3253
f 3945/4275/4275 4047/3254/3254 3972/4276/4276
f 4035/4333/4333 4036/4286/4286 4049/4290/4290
f 3972/4276/4276 4047/3254/3254 4048/3253/3253
f 3972/4276/4276 4048/3253/3253 4049/4290/4290
f 4049/4290/4290 4048/3253/3253 4035/4333/4333
f 4053/2125/2125 3945/4275/4275 3961/4236/4236
f 3945/4275/4275 4053/2125/2125 4050/2124/2124
f 4071/4219/4219 4051/4218/4218 4043/3470/3470
f 4046/4217/4217 4066/4261/4261 4052/4310/4310
f 4044/3471/3471 4052/4310/4310 4042/4309/4309
f 4046/4217/4217 4052/4310/4310 4051/4218/4218
f 4056/2142/2142 4053/2125/2125 2842/4237/4237
f 4056/2142/2142 4055/2126/2126 4053/2125/2125
f 4056/2142/2142 2842/4237/4237 4057/4291/4291
f 4062/2143/2143 4061/2423/2423 4054/2141/2141
f 4054/2141/2141 4068/4337/4337 4055/2126/2126
f 4055/2126/2126 1323/2592/2592 4069/4335/4335
f 2842/4237/4237 4058/4231/4231 4057/4291/4291
f 4055/2126/2126 4056/2142/2142 4054/2141/2141
f 4059/2128/2128 4057/4291/4291 3976/2133/2133
f 4056/2142/2142 4057/4291/4291 4062/2143/2143
f 4058/4231/4231 2842/4237/4237 3910/4232/4232
f 4058/4231/4231 2843/3469/3469 4331/3468/3468
f 4060/2129/2129 4059/2128/2128 3976/2133/2133
f 4059/2128/2128 1757/2127/2127 4061/2423/2423
f 1478/2135/2135 4060/2129/2129 3976/2133/2133
f 1758/331/331 4060/2129/2129 202/2130/2130
f 4081/2424/2424 1757/2127/2127 1761/1804/1804
f 4063/2422/2422 1323/2592/2592 4068/4337/4337
f 4057/4291/4291 4059/2128/2128 4062/2143/2143
f 4061/2423/2423 4062/2143/2143 4059/2128/2128
f 4081/2424/2424 4063/2422/2422 4061/2423/2423
f 1467/453/453 2815/455/455 4305/3448/3448
f 4065/4321/4321 4064/4259/4259 4012/4302/4302
f 4022/4260/4260 4052/4310/4310 4066/4261/4261
f 4065/4321/4321 4012/4302/4302 4024/4323/4323
f 4022/4260/4260 4065/4321/4321 4039/4331/4331
f 4046/4217/4217 4077/4327/4327 4074/4336/4336
f 3999/4328/4328 4064/4259/4259 4066/4261/4261
f 4040/4325/4325 4067/4320/4320 4009/3279/3279
f 4065/4321/4321 4067/4320/4320 4039/4331/4331
f 4063/2422/2422 4068/4337/4337 4054/2141/2141
f 1323/2592/2592 4055/2126/2126 4068/4337/4337
f 4079/4338/4338 4070/4339/4339 4072/4334/4334
f 4043/3470/3470 4069/4335/4335 4071/4219/4219
f 4070/4339/4339 4079/4338/4338 4316/4340/4340
f 4083/4326/4326 4078/4341/4341 4087/4311/4311
f 4072/4334/4334 4071/4219/4219 4069/4335/4335
f 4071/4219/4219 4072/4334/4334 4076/4342/4342
f 4075/1788/1788 4072/4334/4334 1323/2592/2592
f 4072/4334/4334 4070/4339/4339 4076/4342/4342
f 4320/4343/4343 4316/4340/4340 4322/4344/4344
f 4078/4341/4341 4083/4326/4326 4074/4336/4336
f 4074/4336/4336 4073/4345/4345 4078/4341/4341
f 3999/4328/4328 4066/4261/4261 4074/4336/4336
f 4082/1786/1786 1323/2592/2592 4063/2422/2422
f 4316/4340/4340 3890/4346/4346 4317/3444/3444
f 4323/4347/4347 4076/4342/4342 4070/4339/4339
f 4076/4342/4342 4323/4347/4347 4077/4327/4327
f 4076/4342/4342 4077/4327/4327 4071/4219/4219
f 4074/4336/4336 4077/4327/4327 4073/4345/4345
f 4073/4345/4345 4085/4348/4348 4078/4341/4341
f 4086/4349/4349 4087/4311/4311 4085/4348/4348
f 4072/4334/4334 4075/1788/1788 4079/4338/4338
f 4328/4350/4350 4075/1788/1788 3890/4346/4346
f 4050/2124/2124 4055/2126/2126 4080/4273/4273
f 4069/4335/4335 4080/4273/4273 4055/2126/2126
f 4063/2422/2422 4081/2424/2424 1467/453/453
f 1757/2127/2127 4081/2424/2424 4061/2423/2423
f 4305/3448/3448 4306/4351/4351 1467/453/453
f 4308/3447/3447 4304/1787/1787 4305/3448/3448
f 4020/4314/4314 4083/4326/4326 4019/4313/4313
f 4074/4336/4336 4083/4326/4326 3999/4328/4328
f 4320/4343/4343 4321/4352/4352 4323/4347/4347
f 4090/4353/4353 4088/3714/3714 4094/3713/3713
f 4320/4343/4343 4319/4354/4354 4321/4352/4352
f 4085/4348/4348 4084/4355/4355 4090/4353/4353
f 4091/4356/4356 4088/3714/3714 4090/4353/4353
f 4089/4312/4312 4102/4316/4316 4093/4329/4329
f 4085/4348/4348 4087/4311/4311 4078/4341/4341
f 4087/4311/4311 4086/4349/4349 4097/3717/3717
f 4088/3714/3714 4091/4356/4356 4096/4357/4357
f 4110/4358/4358 4112/4359/4359 3191/4298/4298
f 4086/4349/4349 4090/4353/4353 4094/3713/3713
f 4095/4317/4317 3983/3292/3292 4004/3294/3294
f 4085/4348/4348 4090/4353/4353 4086/4349/4349
f 4091/4356/4356 4090/4353/4353 4084/4355/4355
f 4319/4354/4354 4091/4356/4356 4084/4355/4355
f 4096/4357/4357 4091/4356/4356 186/4360/4360
f 4340/2747/2747 4341/4361/4361 4248/2518/2518
f 3189/3707/3707 4101/3584/3584 3182/3709/3709
f 4020/4314/4314 4093/4329/4329 4003/4306/4306
f 4019/4313/4313 4089/4312/4312 4093/4329/4329
f 4096/4357/4357 4098/3715/3715 4088/3714/3714
f 4089/4312/4312 4103/3718/3718 4095/4317/4317
f 4089/4312/4312 4097/3717/3717 4103/3718/3718
f 3191/4298/4298 4107/3705/3705 4106/4307/4307
f 4342/3574/3574 4096/4357/4357 186/4360/4360
f 4098/3715/3715 4096/4357/4357 4092/4362/4362
f 4087/4311/4311 4097/3717/3717 4089/4312/4312
f 4086/4349/4349 4094/3713/3713 4097/3717/3717
f 4101/3584/3584 4100/4363/4363 3182/3709/3709
f 4108/4364/4364 4109/3720/3720 4099/3585/3585
f 4111/4365/4365 3193/3401/3401 3192/3719/3719
f 4092/4362/4362 4100/4363/4363 4098/3715/3715
f 3182/3709/3709 4100/4363/4363 4092/4362/4362
f 4099/3585/3585 4098/3715/3715 4100/4363/4363
f 3190/3399/3399 4101/3584/3584 3189/3707/3707
f 4100/4363/4363 4101/3584/3584 4099/3585/3585
f 4093/4329/4329 4102/4316/4316 4003/4306/4306
f 4089/4312/4312 4095/4317/4317 4102/4316/4316
f 4098/3715/3715 4109/3720/3720 4094/3713/3713
f 3191/4298/4298 4106/4307/4307 4110/4358/4358
f 3983/3292/3292 4095/4317/4317 4104/4295/4295
f 4095/4317/4317 4103/3718/3718 4110/4358/4358
f 3995/3284/3284 4105/4296/4296 3996/3406/3406
f 4105/4296/4296 3984/3282/3282 3994/3281/3281
f 3996/3406/3406 4104/4295/4295 4106/4307/4307
f 4104/4295/4295 4095/4317/4317 4110/4358/4358
f 4116/3716/3716 4115/3706/3706 3191/4298/4298
f 3996/3406/3406 4107/3705/3705 3985/3404/3404
f 4099/3585/3585 4111/4365/4365 4108/4364/4364
f 4108/4364/4364 4113/4297/4297 4112/4359/4359
f 4099/3585/3585 4109/3720/3720 4098/3715/3715
f 4103/3718/3718 4109/3720/3720 4108/4364/4364
f 4110/4358/4358 4103/3718/3718 4112/4359/4359
f 4104/4295/4295 4110/4358/4358 4106/4307/4307
f 3193/3401/3401 4111/4365/4365 4099/3585/3585
f 4113/4297/4297 4111/4365/4365 3192/3719/3719
f 4103/3718/3718 4108/4364/4364 4112/4359/4359
f 4108/4364/4364 4111/4365/4365 4113/4297/4297
f 4113/4297/4297 3192/3719/3719 4116/3716/3716
f 3191/4298/4298 4112/4359/4359 4113/4297/4297
f 4118/3648/3648 3193/3401/3401 3186/3400/3400
f 4117/4308/4308 3998/3701/3701 3985/3404/3404
f 3191/4298/4298 4115/3706/3706 4107/3705/3705
f 4115/3706/3706 4114/3710/3710 4117/4308/4308
f 4118/3648/3648 3192/3719/3719 3193/3401/3401
f 4115/3706/3706 4116/3716/3716 4114/3710/3710
f 4114/3710/3710 4118/3648/3648 4121/3647/3647
f 3998/3701/3701 4117/4308/4308 4124/3367/3367
f 4125/4366/4366 4118/3648/3648 3186/3400/3400
f 4126/4367/4367 4121/3647/3647 4122/3646/3646
f 4119/3711/3711 4126/4367/4367 4123/3365/3365
f 3998/3701/3701 4124/3367/3367 3005/3366/3366
f 4142/4368/4368 4136/4369/4369 4135/3618/3618
f 4138/3619/3619 4135/3618/3618 4136/4369/4369
f 4125/4366/4366 4122/3646/3646 4118/3648/3648
f 4119/3711/3711 4114/3710/3710 4121/3647/3647
f 4135/3618/3618 4122/3646/3646 4120/4370/4370
f 4126/4367/4367 4122/3646/3646 3003/4371/4371
f 4128/3580/3580 4123/3365/3365 3003/4371/4371
f 3005/3366/3366 4123/3365/3365 3004/3576/3576
f 4114/3710/3710 4124/3367/3367 4117/4308/4308
f 4123/3365/3365 4124/3367/3367 4119/3711/3711
f 4141/3704/3704 4125/4366/4366 3186/3400/3400
f 4122/3646/3646 4125/4366/4366 4120/4370/4370
f 4123/3365/3365 4126/4367/4367 3003/4371/4371
f 4121/3647/3647 4126/4367/4367 4119/3711/3711
f 2991/3374/3374 4127/3344/3344 2980/3350/3350
f 2977/3409/3409 4127/3344/3344 3011/3556/3556
f 3003/4371/4371 4122/3646/3646 4135/3618/3618
f 3017/3592/3592 4132/3582/3582 3013/3393/3393
f 3006/3562/3562 4129/3586/3586 3015/3563/3563
f 3004/3576/3576 4128/3580/3580 4129/3586/3586
f 4134/4372/4372 3003/4371/4371 4135/3618/3618
f 4131/3702/3702 3083/3607/3607 3084/3565/3565
f 3084/3565/3565 2988/3596/3596 4131/3702/3702
f 4137/3593/3593 4131/3702/3702 2988/3596/3596
f 4129/3586/3586 4132/3582/3582 3015/3563/3563
f 3003/4371/4371 4134/4372/4372 4128/3580/3580
f 4137/3593/3593 4133/3581/3581 4130/3620/3620
f 3013/3393/3393 4132/3582/3582 4133/3581/3581
f 4130/3620/3620 4133/3581/3581 4134/4372/4372
f 4128/3580/3580 4134/4372/4372 4133/3581/3581
f 4120/4370/4370 4142/4368/4368 4135/3618/3618
f 4130/3620/3620 4134/4372/4372 4135/3618/3618
f 4125/4366/4366 4141/3704/3704 4142/4368/4368
f 4139/3652/3652 3097/3578/3578 3100/3577/3577
f 4131/3702/3702 4137/3593/3593 4130/3620/3620
f 4140/3594/3594 2988/3596/3596 3019/3391/3391
f 4130/3620/3620 4138/3619/3619 4131/3702/3702
f 4139/3652/3652 4138/3619/3619 4136/4369/4369
f 4138/3619/3619 4139/3652/3652 3083/3607/3607
f 4139/3652/3652 4136/4369/4369 4335/3699/3699
f 4133/3581/3581 4140/3594/3594 3013/3393/3393
f 2988/3596/3596 4140/3594/3594 4137/3593/3593
f 4332/3703/3703 4141/3704/3704 3186/3400/3400
f 4141/3704/3704 4333/3700/3700 4335/3699/3699
f 4125/4366/4366 4142/4368/4368 4120/4370/4370
f 4335/3699/3699 4142/4368/4368 4141/3704/3704
f 3067/3591/3591 4143/3588/3588 3010/2685/2685
f 3047/3569/3569 4143/3588/3588 2989/3570/3570
f 3043/3612/3612 3050/3624/3624 4144/3587/3587
f 3070/2686/2686 4144/3587/3587 3050/3624/3624
f 3105/2433/2433 4145/2347/2347 3069/2434/2434
f 4151/4373/4373 4148/4374/4374 4150/3660/3660
f 3061/3616/3616 4146/2346/2346 3028/3614/3614
f 4147/2524/2524 4146/2346/2346 3033/3621/3621
f 3040/2523/2523 4147/2524/2524 3033/3621/3621
f 3069/2434/2434 4145/2347/2347 4147/2524/2524
f 4336/3692/3692 3103/3691/3691 4160/3695/3695
f 4177/3665/3665 4149/2345/2345 4148/4374/4374
f 4145/2347/2347 3105/2433/2433 4150/3660/3660
f 4177/3665/3665 4148/4374/4374 4175/3666/3666
f 4151/4373/4373 4150/3660/3660 3104/3661/3661
f 4148/4374/4374 4149/2345/2345 4150/3660/3660
f 3104/3661/3661 4163/3659/3659 4162/3658/3658
f 4148/4374/4374 4151/4373/4373 3103/3691/3691
f 4153/2744/2744 4152/2441/2441 1853/2528/2528
f 3093/2688/2688 4152/2441/2441 3090/2745/2745
f 2048/2529/2529 4153/2744/2744 1853/2528/2528
f 4153/2744/2744 3092/3644/3644 3123/3633/3633
f 1776/2531/2531 4154/2530/2530 3093/2688/2688
f 1777/2330/2330 4154/2530/2530 1855/2443/2443
f 2089/2797/2797 4155/2746/2746 2047/2601/2601
f 3120/3634/3634 4155/2746/2746 1992/2435/2435
f 3103/3691/3691 4151/4373/4373 4162/3658/3658
f 4159/2430/2430 282/2056/2056 1671/2055/2055
f 1766/2211/2211 4157/2202/2202 1849/2201/2201
f 4157/2202/2202 4156/4375/4375 4159/2430/2430
f 4156/4375/4375 4157/2202/2202 4158/2159/2159
f 4158/2159/2159 4157/2202/2202 1766/2211/2211
f 4161/3653/3653 4159/2430/2430 4156/4375/4375
f 1850/2148/2148 4164/2153/2153 1769/2155/2155
f 4165/3693/3693 4160/3695/3695 3176/2158/2158
f 3103/3691/3691 4162/3658/3658 4168/3696/3696
f 4156/4375/4375 4168/3696/3696 4162/3658/3658
f 3104/3661/3661 3105/2433/2433 4163/3659/3659
f 3104/3661/3661 4162/3658/3658 4151/4373/4373
f 4156/4375/4375 4162/3658/3658 4161/3653/3653
f 3102/2432/2432 4163/3659/3659 3105/2433/2433
f 4167/2431/2431 4163/3659/3659 1495/2429/2429
f 282/2056/2056 4159/2430/2430 4164/2153/2153
f 4161/3653/3653 4164/2153/2153 4159/2430/2430
f 3177/3654/3654 4165/3693/3693 3176/2158/2158
f 4336/3692/3692 3173/3690/3690 4176/3656/3656
f 4174/3657/3657 4176/3656/3656 4173/3694/3694
f 4171/3604/3604 4173/3694/3694 1543/3477/3477
f 1769/2155/2155 4161/3653/3653 4167/2431/2431
f 4163/3659/3659 4167/2431/2431 4161/3653/3653
f 4158/2159/2159 4168/3696/3696 4156/4375/4375
f 3103/3691/3691 4168/3696/3696 4160/3695/3695
f 4172/3670/3670 4170/3669/3669 4169/3671/3671
f 4148/4374/4374 4179/3667/3667 4175/3666/3666
f 3111/3663/3663 4170/3669/3669 3109/3668/3668
f 3028/3614/3614 4149/2345/2345 4177/3665/3665
f 4171/3604/3604 3118/3486/3486 4172/3670/3670
f 4173/3694/3694 4171/3604/3604 4169/3671/3671
f 3080/3479/3479 4172/3670/3670 3118/3486/3486
f 3124/3639/3639 4170/3669/3669 4172/3670/3670
f 4174/3657/3657 4173/3694/3694 4169/3671/3671
f 1543/3477/3477 4173/3694/3694 2846/2344/2344
f 4174/3657/3657 4169/3671/3671 4175/3666/3666
f 4336/3692/3692 4176/3656/3656 4166/3655/3655
f 4170/3669/3669 4178/4376/4376 4169/3671/3671
f 4175/3666/3666 4178/4376/4376 4177/3665/3665
f 3173/3690/3690 3175/3689/3689 4176/3656/3656
f 2846/2344/2344 4176/3656/3656 3175/3689/3689
f 4175/3666/3666 4169/3671/3671 4178/4376/4376
f 3108/3615/3615 4180/3664/3664 3071/3662/3662
f 4170/3669/3669 3071/3662/3662 4178/4376/4376
f 4180/3664/3664 4178/4376/4376 3071/3662/3662
f 3103/3691/3691 4179/3667/3667 4148/4374/4374
f 4174/3657/3657 4179/3667/3667 4166/3655/3655
f 3028/3614/3614 4180/3664/3664 3108/3615/3615
f 4178/4376/4376 4180/3664/3664 4177/3665/3665
f 3941/2259/2259 4181/2083/2083 1422/2082/2082
f 3130/3675/3675 4181/2083/2083 3127/2258/2258
f 3941/2259/2259 4182/3676/3676 3127/2258/2258
f 4183/3680/3680 4182/3676/3676 1242/2956/2956
f 4185/4256/4256 4186/2957/2957 4187/4271/4271
f 4188/2375/2375 4194/2759/2759 4189/2761/2761
f 4193/4270/4270 4195/4377/4377 4201/4255/4255
f 4191/4378/4378 4188/2375/2375 4190/3681/3681
f 3929/3453/3453 4185/4256/4256 3958/3249/3249
f 4186/2957/2957 4185/4256/4256 4184/4379/4379
f 4184/4379/4379 4191/4378/4378 4192/2955/2955
f 4187/4271/4271 4186/2957/2957 1242/2956/2956
f 3941/2259/2259 4187/4271/4271 1242/2956/2956
f 3938/4257/4257 4185/4256/4256 4187/4271/4271
f 3142/3686/3686 4190/3681/3681 4188/2375/2375
f 4183/3680/3680 4192/2955/2955 4191/4378/4378
f 2319/2709/2709 4189/2761/2761 2060/2760/2760
f 2320/2376/2376 4188/2375/2375 4189/2761/2761
f 3143/3679/3679 4190/3681/3681 3142/3686/3686
f 4191/4378/4378 4190/3681/3681 4183/3680/3680
f 4195/4377/4377 4191/4378/4378 4184/4379/4379
f 4188/2375/2375 4191/4378/4378 4194/2759/2759
f 1242/2956/2956 4192/2955/2955 4183/3680/3680
f 4184/4379/4379 4192/2955/2955 4186/2957/2957
f 4184/4379/4379 4209/4380/4380 4195/4377/4377
f 4214/4032/4032 4200/2763/2763 4215/4381/4381
f 4195/4377/4377 4194/2759/2759 4191/4378/4378
f 4195/4377/4377 4198/4382/4382 4194/2759/2759
f 4209/4380/4380 4184/4379/4379 4210/4281/4281
f 4195/4377/4377 4193/4270/4270 4198/4382/4382
f 4204/4269/4269 4208/4030/4030 4193/4270/4270
f 2233/2831/2831 4199/2953/2953 2236/2762/2762
f 4206/4280/4280 3929/3453/3453 3957/3251/3251
f 3963/4066/4066 3936/4068/4068 4203/4252/4252
f 4215/4381/4381 4198/4382/4382 4193/4270/4270
f 4194/2759/2759 4198/4382/4382 4196/2952/2952
f 2060/2760/2760 4199/2953/2953 2233/2831/2831
f 4200/2763/2763 4199/2953/2953 4196/2952/2952
f 4215/4381/4381 4193/4270/4270 4208/4030/4030
f 4218/3135/3135 4211/2764/2764 4200/2763/2763
f 4209/4380/4380 4201/4255/4255 4195/4377/4377
f 4201/4255/4255 4205/4254/4254 4204/4269/4269
f 4203/4252/4252 4202/4383/4383 4217/4384/4384
f 3579/4042/4042 4207/4029/4029 4213/4284/4284
f 4205/4254/4254 4206/4280/4280 4217/4384/4384
f 4212/4251/4251 3950/4062/4062 3963/4066/4066
f 4207/4029/4029 4204/4269/4269 4202/4383/4383
f 4204/4269/4269 4207/4029/4029 4208/4030/4030
f 4205/4254/4254 4197/4253/4253 4206/4280/4280
f 4202/4383/4383 4204/4269/4269 4205/4254/4254
f 3929/3453/3453 4206/4280/4280 4197/4253/4253
f 4212/4251/4251 4206/4280/4280 3937/4279/4279
f 4213/4284/4284 4207/4029/4029 4202/4383/4383
f 3583/3041/3041 4207/4029/4029 3579/4042/4042
f 4214/4032/4032 4208/4030/4030 3564/3043/3043
f 4215/4381/4381 4196/2952/2952 4198/4382/4382
f 4210/4281/4281 4184/4379/4379 4185/4256/4256
f 4201/4255/4255 4209/4380/4380 4197/4253/4253
f 3929/3453/3453 4197/4253/4253 4210/4281/4281
f 4209/4380/4380 4210/4281/4281 4197/4253/4253
f 4218/3135/3135 4200/2763/2763 3566/4031/4031
f 2321/2471/2471 2135/2842/2842 4211/2764/2764
f 3950/4062/4062 4212/4251/4251 3937/4279/4279
f 4217/4384/4384 4212/4251/4251 4203/4252/4252
f 4203/4252/4252 4213/4284/4284 4202/4383/4383
f 3579/4042/4042 4213/4284/4284 183/4048/4048
f 3568/3128/3128 4214/4032/4032 3564/3043/3043
f 4200/2763/2763 4214/4032/4032 3566/4031/4031
f 4214/4032/4032 4215/4381/4381 4208/4030/4030
f 4200/2763/2763 4196/2952/2952 4215/4381/4381
f 3615/4049/4049 4216/4268/4268 3936/4068/4068
f 4213/4284/4284 4216/4268/4268 183/4048/4048
f 4205/4254/4254 4217/4384/4384 4202/4383/4383
f 4212/4251/4251 4217/4384/4384 4206/4280/4280
f 3567/3136/3136 4218/3135/3135 3566/4031/4031
f 2321/2471/2471 4211/2764/2764 4218/3135/3135
f 4221/2008/2008 4219/1810/1810 4220/1812/1812
f 4222/2427/2427 4219/1810/1810 3168/2309/2309
f 1343/1599/1599 4220/1812/1812 1347/2007/2007
f 4221/2008/2008 4220/1812/1812 232/777/777
f 1651/772/772 4221/2008/2008 232/777/777
f 3168/2309/2309 4219/1810/1810 4221/2008/2008
f 4223/2521/2521 4222/2427/2427 3168/2309/2309
f 4224/2428/2428 4222/2427/2427 3894/4385/4385
f 3180/2121/2121 4223/2521/2521 3168/2309/2309
f 4223/2521/2521 1764/2522/2522 4337/2599/2599
f 4225/2308/2308 4224/2428/2428 3894/4385/4385
f 4234/2015/2015 4224/2428/2428 2822/3451/3451
f 4225/2308/2308 3894/4385/4385 4228/2307/2307
f 2822/3451/3451 4225/2308/2308 1463/88/88
f 3894/4385/4385 4337/2599/2599 4231/4221/4221
f 2813/1977/1977 3889/3449/3449 4237/3722/3722
f 4235/2016/2016 1648/89/89 1463/88/88
f 4227/2017/2017 4226/4220/4220 4229/3723/3723
f 4231/4221/4221 4337/2599/2599 4230/2594/2594
f 4235/2016/2016 4226/4220/4220 4227/2017/2017
f 4231/4221/4221 4239/4386/4386 4226/4220/4220
f 4236/1979/1979 4237/3722/3722 3889/3449/3449
f 4232/2595/2595 1764/2522/2522 1921/696/696
f 1917/2598/2598 4233/2593/2593 4232/2595/2595
f 3894/4385/4385 4231/4221/4221 4228/2307/2307
f 4243/4387/4387 4239/4386/4386 4230/2594/2594
f 1921/696/696 1917/2598/2598 4232/2595/2595
f 4233/2593/2593 1917/2598/2598 4245/2597/2597
f 4238/4388/4388 4239/4386/4386 4243/4387/4387
f 4233/2593/2593 4243/4387/4387 4230/2594/2594
f 4234/2015/2015 2822/3451/3451 2824/2119/2119
f 4219/1810/1810 4234/2015/2015 1341/1811/1811
f 4225/2308/2308 4235/2016/2016 1463/88/88
f 4226/4220/4220 4235/2016/2016 4228/2307/2307
f 4236/1979/1979 3889/3449/3449 1315/1980/1980
f 4227/2017/2017 4236/1979/1979 203/775/775
f 4226/4220/4220 4244/4389/4389 4229/3723/3723
f 4229/3723/3723 4240/4216/4216 4237/3722/3722
f 4325/2676/2676 4326/4390/4390 4312/4391/4391
f 3890/4346/4346 4307/4392/4392 4310/4393/4393
f 4230/2594/2594 4239/4386/4386 4231/4221/4221
f 4239/4386/4386 4238/4388/4388 4240/4216/4216
f 4240/4216/4216 4229/3723/3723 4244/4389/4389
f 4314/4394/4394 4242/3721/3721 4238/4388/4388
f 4312/4391/4391 4238/4388/4388 4243/4387/4387
f 4303/3446/3446 4310/4393/4393 4307/4392/4392
f 4238/4388/4388 4242/3721/3721 4240/4216/4216
f 4242/3721/3721 4241/4395/4395 4309/4396/4396
f 3194/4397/4397 4324/4398/4398 4233/2593/2593
f 4313/3445/3445 4314/4394/4394 4311/4399/4399
f 4226/4220/4220 4239/4386/4386 4244/4389/4389
f 4240/4216/4216 4244/4389/4389 4239/4386/4386
f 1917/2598/2598 1920/2520/2520 4246/2519/2519
f 3194/4397/4397 4233/2593/2593 4245/2597/2597
f 2046/2326/2326 4246/2519/2519 1846/2327/2327
f 4246/2519/2519 2046/2326/2326 4247/2596/2596
f 4247/2596/2596 1990/2743/2743 4338/2517/2517
f 4245/2597/2597 4247/2596/2596 3194/4397/4397
f 2046/2326/2326 4339/2675/2675 1990/2743/2743
f 4341/4361/4361 3182/3709/3709 4092/4362/4362
f 1796/2463/2463 1868/2461/2461 4345/2545/2545
f 4249/3121/3121 4353/3120/3120 4358/3824/3824
f 1796/2463/2463 4250/3729/3729 3200/2540/2540
f 4250/3729/3729 4249/3121/3121 4251/3796/3796
f 4251/3796/3796 3277/3728/3728 3181/3698/3698
f 4358/3824/3824 4251/3796/3796 4249/3121/3121
f 3263/3080/3080 4252/3780/3780 3262/3795/3795
f 4252/3780/3780 3246/3768/3768 3289/3778/3778
f 4255/3896/3896 4253/3856/3856 3359/3855/3855
f 3370/1001/1001 4253/3856/3856 3362/999/999
f 3401/3892/3892 4254/3902/3902 3374/3891/3891
f 3416/3903/3903 4254/3902/3902 3357/3898/3898
f 3378/3887/3887 4255/3896/3896 3359/3855/3855
f 3390/1943/1943 4255/3896/3896 3379/3888/3888
f 4259/3979/3979 4256/2101/2101 1442/3454/3454
f 4258/1731/1731 4256/2101/2101 3481/3980/3980
f 4259/3979/3979 4264/3982/3982 4257/3981/3981
f 4267/4400/4400 4257/3981/3981 3483/2103/2103
f 4268/3974/3974 4262/1315/1315 4260/1732/1732
f 4258/1731/1731 1059/1728/1728 1054/228/228
f 4264/3982/3982 4259/3979/3979 1442/3454/3454
f 3481/3980/3980 4259/3979/3979 4257/3981/3981
f 1059/1728/1728 4260/1732/1732 1055/1542/1542
f 4268/3974/3974 4258/1731/1731 3481/3980/3980
f 4256/2101/2101 4258/1731/1731 4261/1730/1730
f 1054/228/228 4261/1730/1730 4258/1731/1731
f 3481/3980/3980 4267/4400/4400 4360/3975/3975
f 2272/1354/1354 4263/1313/1313 2271/364/364
f 264/1314/1314 4263/1313/1313 2272/1354/1354
f 4359/365/365 4263/1313/1313 4262/1315/1315
f 4269/3458/3458 4264/3982/3982 1442/3454/3454
f 3497/2917/2917 4264/3982/3982 3488/2997/2997
f 4257/3981/3981 4264/3982/3982 4265/2104/2104
f 4272/3983/3983 4265/2104/2104 4264/3982/3982
f 3500/2998/2998 4266/2999/2999 3487/2916/2916
f 2280/2102/2102 4265/2104/2104 4266/2999/2999
f 4267/4400/4400 3483/2103/2103 3485/3978/3978
f 3481/3980/3980 4257/3981/3981 4267/4400/4400
f 4258/1731/1731 4268/3974/3974 4260/1732/1732
f 4360/3975/3975 4268/3974/3974 3481/3980/3980
f 1442/3454/3454 3900/2986/2986 4270/3456/3456
f 4271/2995/2995 4269/3458/3458 2829/3455/3455
f 2830/1958/1958 4270/3456/3456 2826/1726/1726
f 1442/3454/3454 4270/3456/3456 4269/3458/3458
f 2833/2996/2996 4271/2995/2995 2829/3455/3455
f 4264/3982/3982 4271/2995/2995 3488/2997/2997
f 4264/3982/3982 3487/2916/2916 4272/3983/3983
f 4266/2999/2999 4272/3983/3983 3487/2916/2916
f 3448/3944/3944 4273/3943/3943 3441/3945/3945
f 3493/3941/3941 4273/3943/3943 3435/3878/3878
f 2240/2839/2839 4274/2958/2958 2125/2961/2961
f 3507/3132/3132 4274/2958/2958 2238/2960/2960
f 4276/4017/4017 4275/3999/3999 3527/3996/3996
f 3628/4056/4056 4275/3999/3999 3526/4077/4077
f 3528/3130/3130 4365/3998/3998 3527/3996/3996
f 4277/3987/3987 4281/3046/3046 4276/4017/4017
f 3549/3101/3101 4277/3987/3987 3560/3102/3102
f 4365/3998/3998 4276/4017/4017 3527/3996/3996
f 4279/3047/3047 3549/3101/3101 3558/3986/3986
f 3559/841/841 3562/843/843 4283/4028/4028
f 3558/3986/3986 3559/841/841 4279/3047/3047
f 4283/4028/4028 4279/3047/3047 3559/841/841
f 4275/3999/3999 4280/4018/4018 3526/4077/4077
f 4281/3046/3046 4280/4018/4018 4276/4017/4017
f 4279/3047/3047 4281/3046/3046 3549/3101/3101
f 4280/4018/4018 4281/3046/3046 4278/3048/3048
f 4280/4018/4018 4282/4024/4024 3526/4077/4077
f 4283/4028/4028 4282/4024/4024 4278/3048/3048
f 4283/4028/4028 4278/3048/3048 4279/3047/3047
f 4284/4026/4026 3561/4023/4023 3600/4025/4025
f 4282/4024/4024 4283/4028/4028 4284/4026/4026
f 4284/4026/4026 4283/4028/4028 3561/4023/4023
f 3557/3100/3100 4285/3997/3997 2322/3138/3138
f 3560/3102/3102 3529/3988/3988 4286/4019/4019
f 3511/3820/3820 4286/4019/4019 3552/3799/3799
f 3560/3102/3102 4286/4019/4019 4285/3997/3997
f 4287/4046/4046 3598/3262/3262 3597/3244/3244
f 4287/4046/4046 3607/4058/4058 3631/4054/4054
f 4288/4055/4055 3630/4057/4057 3601/4051/4051
f 3593/4047/4047 4287/4046/4046 4288/4055/4055
f 4292/939/939 3547/4013/4013 4290/4401/4401
f 248/141/141 3652/222/222 4289/938/938
f 3556/3221/3221 4291/4016/4016 3555/3222/3222
f 4290/4401/4401 4291/4016/4016 4366/3219/3219
f 2587/3220/3220 4291/4016/4016 3556/3221/3221
f 3547/4013/4013 4291/4016/4016 4290/4401/4401
f 4292/939/939 213/4022/4022 3570/949/949
f 4292/939/939 4290/4401/4401 4367/933/933
f 3668/4089/4089 4293/4093/4093 3654/1207/1207
f 4293/4093/4093 3664/4106/4106 222/387/387
f 3800/4183/4183 4294/3942/3942 3493/3941/3941
f 4294/3942/3942 3796/4182/4182 2283/3012/3012
f 3738/4114/4114 4295/4194/4194 3737/4149/4149
f 3827/4198/4198 4295/4194/4194 3815/4195/4195
f 3830/3055/3055 4296/3054/3054 3828/3060/3060
f 4298/3117/3117 4296/3054/3054 2258/2912/2912
f 3828/3060/3060 4296/3054/3054 4297/2973/2973
f 3855/2971/2971 4297/2973/2973 4296/3054/3054
f 2438/3053/3053 4298/3117/3117 2258/2912/2912
f 3855/2971/2971 4298/3117/3117 2437/3118/3118
f 3758/4153/4153 4299/4165/4165 3751/4166/4166
f 3753/4160/4160 3809/4178/4178 4301/4191/4191
f 3751/4166/4166 4299/4165/4165 4300/4167/4167
f 3865/4175/4175 4300/4167/4167 4299/4165/4165
f 3853/4170/4170 4299/4165/4165 4301/4191/4191
f 3753/4160/4160 4301/4191/4191 4299/4165/4165
f 3884/989/989 4302/3295/3295 334/991/991
f 3883/1256/1256 4302/3295/3295 3878/3296/3296
f 4309/4396/4396 4303/3446/3446 2813/1977/1977
f 4075/1788/1788 4304/1787/1787 4307/4392/4392
f 4082/1786/1786 4063/2422/2422 4306/4351/4351
f 4304/1787/1787 4308/3447/3447 4307/4392/4392
f 2814/1978/1978 4305/3448/3448 2815/455/455
f 4306/4351/4351 4304/1787/1787 4082/1786/1786
f 1467/453/453 4306/4351/4351 4063/2422/2422
f 4304/1787/1787 4306/4351/4351 4305/3448/3448
f 4310/4393/4393 4303/3446/3446 4309/4396/4396
f 4075/1788/1788 4307/4392/4392 3890/4346/4346
f 2813/1977/1977 4308/3447/3447 2814/1978/1978
f 4308/3447/3447 4303/3446/3446 4307/4392/4392
f 4242/3721/3721 4309/4396/4396 2813/1977/1977
f 4309/4396/4396 4241/4395/4395 4310/4393/4393
f 4241/4395/4395 4313/3445/3445 4310/4393/4393
f 3890/4346/4346 4310/4393/4393 4317/3444/3444
f 4241/4395/4395 4314/4394/4394 4313/3445/3445
f 4329/4402/4402 4318/4403/4403 4330/4404/4404
f 4243/4387/4387 4324/4398/4398 4312/4391/4391
f 4312/4391/4391 4324/4398/4398 4325/2676/2676
f 4242/3721/3721 4314/4394/4394 4241/4395/4395
f 4313/3445/3445 4311/4399/4399 4315/3443/3443
f 4238/4388/4388 4312/4391/4391 4314/4394/4394
f 4311/4399/4399 4314/4394/4394 4312/4391/4391
f 4330/4404/4404 4327/3575/3575 4329/4402/4402
f 4320/4343/4343 4070/4339/4339 4316/4340/4340
f 4079/4338/4338 4075/1788/1788 4328/4350/4350
f 4322/4344/4344 4316/4340/4340 4315/3443/3443
f 4313/3445/3445 4317/3444/3444 4310/4393/4393
f 4316/4340/4340 4317/3444/3444 4315/3443/3443
f 4330/4404/4404 4326/4390/4390 4327/3575/3575
f 186/4360/4360 4091/4356/4356 4319/4354/4354
f 4321/4352/4352 4084/4355/4355 4085/4348/4348
f 4319/4354/4354 4318/4403/4403 4329/4402/4402
f 4318/4403/4403 4319/4354/4354 4320/4343/4343
f 4084/4355/4355 4321/4352/4352 4319/4354/4354
f 4085/4348/4348 4073/4345/4345 4321/4352/4352
f 4323/4347/4347 4321/4352/4352 4073/4345/4345
f 4330/4404/4404 4322/4344/4344 4315/3443/3443
f 4320/4343/4343 4322/4344/4344 4318/4403/4403
f 4323/4347/4347 4073/4345/4345 4077/4327/4327
f 4320/4343/4343 4323/4347/4347 4070/4339/4339
f 4233/2593/2593 4324/4398/4398 4243/4387/4387
f 4325/2676/2676 4324/4398/4398 3194/4397/4397
f 4247/2596/2596 4325/2676/2676 3194/4397/4397
f 4326/4390/4390 4325/2676/2676 1916/2677/2677
f 4326/4390/4390 1916/2677/2677 4327/3575/3575
f 4312/4391/4391 4326/4390/4390 4311/4399/4399
f 1916/2677/2677 4338/2517/2517 4343/2516/2516
f 4329/4402/4402 186/4360/4360 4319/4354/4354
f 3890/4346/4346 4316/4340/4340 4328/4350/4350
f 4079/4338/4338 4328/4350/4350 4316/4340/4340
f 4318/4403/4403 4322/4344/4344 4330/4404/4404
f 4342/3574/3574 4329/4402/4402 4327/3575/3575
f 4315/3443/3443 4311/4399/4399 4330/4404/4404
f 4326/4390/4390 4330/4404/4404 4311/4399/4399
f 1476/2134/2134 3976/2133/2133 4331/3468/3468
f 4331/3468/3468 3976/2133/2133 4058/4231/4231
f 3190/3399/3399 4332/3703/3703 3186/3400/3400
f 4333/3700/3700 4332/3703/3703 3187/3708/3708
f 3188/3649/3649 4333/3700/3700 3187/3708/3708
f 4334/3651/3651 4333/3700/3700 1999/2800/2800
f 3098/2693/2693 4334/3651/3651 1999/2800/2800
f 4334/3651/3651 3097/3578/3578 4335/3699/3699
f 4139/3652/3652 4335/3699/3699 3097/3578/3578
f 4142/4368/4368 4335/3699/3699 4136/4369/4369
f 4336/3692/3692 4165/3693/3693 3173/3690/3690
f 4179/3667/3667 4336/3692/3692 4166/3655/3655
f 4337/2599/2599 3894/4385/4385 4222/2427/2427
f 4232/2595/2595 4337/2599/2599 1764/2522/2522
f 4247/2596/2596 4338/2517/2517 1916/2677/2677
f 4339/2675/2675 4338/2517/2517 1990/2743/2743
f 3184/2322/2322 4339/2675/2675 1664/2323/2323
f 4340/2747/2747 3182/3709/3709 4341/4361/4361
f 4339/2675/2675 3183/3650/3650 4340/2747/2747
f 3189/3707/3707 4340/2747/2747 3183/3650/3650
f 4092/4362/4362 4096/4357/4357 4342/3574/3574
f 4343/2516/2516 4341/4361/4361 4342/3574/3574
f 4342/3574/3574 186/4360/4360 4329/4402/4402
f 4092/4362/4362 4342/3574/3574 4341/4361/4361
f 1916/2677/2677 4343/2516/2516 4327/3575/3575
f 4248/2518/2518 4341/4361/4361 4343/2516/2516
f 4347/2459/2459 4346/1669/1669 1930/1668/1668
f 1863/443/443 4349/4405/4405 4347/2459/2459
f 2002/1670/1670 4345/2545/2545 1797/1874/1874
f 4345/2545/2545 4344/4406/4406 4354/2605/2605
f 1930/1668/1668 2006/2458/2458 4347/2459/2459
f 4344/4406/4406 4345/2545/2545 4346/1669/1669
f 1863/443/443 4350/3022/3022 4349/4405/4405
f 4344/4406/4406 4346/1669/1669 4347/2459/2459
f 2441/1684/1684 3263/3080/3080 4351/3126/3126
f 4349/4405/4405 4356/3697/3697 4347/2459/2459
f 4350/3022/3022 1863/443/443 2301/442/442
f 4349/4405/4405 4348/3127/3127 4356/3697/3697
f 2443/1686/1686 4350/3022/3022 2300/2801/2801
f 4349/4405/4405 4350/3022/3022 4348/3127/3127
f 3262/3795/3795 4357/4407/4407 3263/3080/3080
f 4358/3824/3824 4353/3120/3120 4357/4407/4407
f 2443/1686/1686 4352/1685/1685 4350/3022/3022
f 2441/1684/1684 4351/3126/3126 4352/1685/1685
f 4351/3126/3126 4357/4407/4407 4348/3127/3127
f 4357/4407/4407 4351/3126/3126 3263/3080/3080
f 4355/3122/3122 4354/2605/2605 4344/4406/4406
f 4250/3729/3729 4354/2605/2605 4249/3121/3121
f 4354/2605/2605 4355/3122/3122 4249/3121/3121
f 4356/3697/3697 4355/3122/3122 4344/4406/4406
f 4356/3697/3697 4344/4406/4406 4347/2459/2459
f 4348/3127/3127 4353/3120/3120 4356/3697/3697
f 4358/3824/3824 4357/4407/4407 3262/3795/3795
f 4348/3127/3127 4357/4407/4407 4353/3120/3120
f 3296/3811/3811 4358/3824/3824 3262/3795/3795
f 4358/3824/3824 3261/3781/3781 4251/3796/3796
f 4362/363/363 2270/3977/3977 4361/2988/2988
f 4263/1313/1313 4359/365/365 2271/364/364
f 4360/3975/3975 4267/4400/4400 3485/3978/3978
f 4262/1315/1315 4360/3975/3975 4359/365/365
f 4363/3976/3976 4361/2988/2988 2270/3977/3977
f 4361/2988/2988 3476/2985/2985 3473/2989/2989
f 2270/3977/3977 4362/363/363 4359/365/365
f 3473/2989/2989 4362/363/363 4361/2988/2988
f 3482/2990/2990 4363/3976/3976 2270/3977/3977
f 4364/2983/2983 2273/2929/2929 3468/2984/2984
f 4361/2988/2988 4363/3976/3976 4364/2983/2983
f 2273/2929/2929 4364/2983/2983 4363/3976/3976
f 3529/3988/3988 4365/3998/3998 3535/3995/3995
f 4276/4017/4017 4365/3998/3998 4277/3987/3987
f 2588/161/161 4366/3219/3219 2587/3220/3220
f 307/945/945 309/212/212 4367/933/933
f 4367/933/933 248/141/141 4289/938/938
f 4290/4401/4401 4366/3219/3219 4367/933/933
f 4369/230/230 4368/1727/1727 1443/1729/1729
f 4370/1725/1725 4368/1727/1727 223/1734/1734
f 1054/228/228 4369/230/230 1443/1729/1729
f 223/1734/1734 4369/230/230 1275/229/229
f 1446/677/677 4370/1725/1725 223/1734/1734
f 1444/1951/1951 2827/2106/2106 4370/1725/1725
f 403/1138/1138 4537/4510/4507 4536/4511/4508
f 178/472/472 313/477/477 4531/503/503 4533/4512/4509
f 505/1243/1243 4532/4514/4511 4518/4515/4512 502/1251/1251
f 502/1251/1251 4518/4515/4512 4519/4516/4513
f 334/991/991 4498/4517/4514 4496/992/992
f 255/713/713 3884/989/989 4521/4213/4213 4494/959/959
f 659/1420/1420 4480/1419/1419 4499/1414/1414 910/865/865
f 334/991/991 2655/1248/1248 4479/3310/3310 4498/4517/4514
f 3731/1303/1303 545/1022/1022 4517/4520/4517
f 505/1243/1243 403/1138/1138 4536/4511/4508 4467/4523/4520
f 511/480/480 4465/1262/1262 4466/3311/3311 2655/1248/1248
f 354/1048/1048 4461/1047/1047 4515/1037/1037 357/195/195
f 505/1243/1243 4459/4524/4521 4532/4514/4511
f 505/1243/1243 4467/4523/4520 4459/4524/4521
f 660/1158/1158 414/1151/1151 4447/4531/4528 4520/4532/4529
f 415/1039/1039 4462/1046/1046 4447/4531/4528 414/1151/1151
f 347/837/837 4460/1020/1020 4445/4533/4530 346/1026/1026
f 346/1026/1026 4445/4533/4530 4444/4534/4531
f 346/1026/1026 4444/4534/4531 4500/4120/4120 3699/1024/1024
f 403/1138/1138 658/1137/1137 4437/4539/4534 4537/4510/4507
f 356/198/198 4433/197/197 4516/1043/1043
f 910/865/865 4468/1415/1415 4423/1411/1411 657/1159/1159
f 657/1159/1159 4422/1412/1412 4437/4539/4534 658/1137/1137
f 502/1251/1251 4519/4516/4513 4421/4549/4542 508/1252/1252
f 504/1242/1242 508/1252/1252 4421/4549/4542 4420/4550/4543
f 504/1242/1242 4420/4550/4543 4464/1263/1263
f 660/1158/1158 4520/4532/4529 4419/1156/1156
f 359/1041/1041 4418/1051/1051 4463/1049/1049 354/1048/1048
f 355/199/199 266/1050/1050 4417/4551/4544 4432/200/200
f 357/195/195 4436/1038/1038 4417/4551/4544 266/1050/1050
f 352/243/243 3731/1303/1303 4517/4520/4517 4415/244/244
f 345/659/659 177/658/658 4413/4552/4545 4434/1025/1025
usemtl Cotton_Oxford_FCL1PSC011_FRONT_4174
f 4501/4408/4408 4539/4409/4409 4389/4410/4410
f 4469/4411/4411 4387/4412/4412 4390/4413/4413 4540/4414/4414
f 4391/4415/4415 4378/4416/4416 4377/4417/4417
f 4522/4418/4418 4383/4419/4419 4382/4420/4420 4502/4421/4421
f 4384/4422/4422 4383/4419/4419 4389/4410/4410
f 4503/4423/4423 4374/4424/4424 4373/4425/4425 4482/4426/4426
f 4503/4423/4423 4504/4427/4427 4374/4424/4424
f 4541/4428/4428 4505/4429/4429 4386/4430/4430
f 4470/4431/4431 4372/4432/4432 4439/4433/4433
f 4502/4421/4421 4382/4420/4420 4386/4430/4430 4505/4429/4429
f 4387/4412/4412 4381/4434/4434 4380/4435/4435
f 4381/4434/4434 4386/4430/4430 4382/4420/4420
f 4541/4428/4428 4386/4430/4430 4427/4436/4436
f 4426/4437/4437 4387/4412/4412 4469/4411/4411
f 4484/4438/4438 4391/4415/4415 4377/4417/4417 4428/4439/4439
f 4388/4440/4440 4377/4417/4417 4376/4441/4441
f 4473/4442/4442 4388/4440/4440 4376/4441/4441 4542/4443/4443
f 4482/4426/4426 4373/4425/4425 4483/4444/4444
f 4524/4445/4445 4375/4446/4446 4525/4447/4447
f 4506/4448/4448 4388/4440/4440 4485/4449/4449
f 4485/4449/4449 4388/4440/4440 4473/4442/4442
f 4501/4408/4408 4389/4410/4410 4383/4419/4419 4522/4418/4418
f 4487/4450/4450 4389/4410/4410 4539/4409/4409
f 4470/4431/4431 4471/4451/4451 4372/4432/4432
f 4387/4412/4412 4380/4435/4435 4390/4413/4413
f 4392/4452/4452 4379/4453/4453 4378/4416/4416
f 4379/4453/4453 4390/4413/4413 4380/4435/4435
f 4378/4416/4416 4391/4415/4415 4392/4452/4452
f 4508/4454/4454 4391/4415/4415 4507/4455/4455
f 4474/4456/4456 4392/4452/4452 4543/4457/4457
f 4486/4458/4458 4388/4440/4440 4506/4448/4448
f 4489/4459/4459 4399/4460/4460 4398/4461/4461 4475/4462/4462
f 4393/4463/4463 4401/4464/4464 4394/4465/4465
f 4395/4466/4466 4402/4467/4467 4396/4468/4468
f 4509/4469/4469 4400/4470/4470 4511/4471/4471
f 4490/4472/4472 4401/4464/4464 4393/4463/4463 4526/4473/4473
f 4395/4466/4466 4394/4465/4465 4401/4464/4464
f 4512/4474/4474 4526/4473/4473 4393/4463/4463
f 4510/4475/4475 4476/4476/4476 4402/4467/4467
f 4450/4477/4477 4397/4478/4478 4451/4479/4479
f 4489/4459/4459 4491/4480/4480 4399/4460/4460
f 4452/4481/4481 4451/4479/4479 4397/4478/4478
f 4402/4467/4467 4395/4466/4466 4401/4464/4464
f 4478/4482/4482 4402/4467/4467 4476/4476/4476
f 4453/4483/4483 4408/4484/4484 4441/4485/4485
f 4393/4486/4463 4394/4487/4465 4409/4488/4486
f 4454/4489/4487 4409/4488/4486 4455/4490/4488
f 4411/4491/4489 4404/4492/4490 4405/4493/4491
f 4407/4494/4492 4408/4484/4484 4410/4495/4493
f 4527/4496/4494 4404/4492/4490 4411/4491/4489 4456/4497/4495
f 4513/4498/4496 4443/4499/4497 4410/4495/4493
f 4394/4487/4465 4403/4500/4498 4409/4488/4486
f 4492/4501/4499 4412/4502/4500 4404/4492/4490 4527/4496/4494
f 4442/4503/4501 4407/4494/4492 4410/4495/4493 4528/4504/4502
f 4513/4498/4496 4410/4495/4493 4408/4484/4484 4453/4483/4483
f 4528/4504/4502 4410/4495/4493 4443/4499/4497
f 4512/4505/4474 4393/4486/4463 4529/4506/4503
f 4409/4488/4486 4403/4500/4498 4412/4502/4500
f 4456/4497/4495 4411/4491/4489 4514/4507/4504
f 4492/4501/4499 4431/4508/4505 4412/4502/4500
f 4404/4492/4490 4412/4502/4500 4403/4500/4498
f 4392/4452/4452 4544/4509/4506 4543/4457/4457
f 4375/4446/4446 4524/4445/4445 4523/4513/4510
f 4375/4446/4446 4523/4513/4510 4542/4443/4443 4376/4441/4441
f 4392/4452/4452 4391/4415/4415 4508/4454/4454 4544/4509/4506
f 4375/4446/4446 4374/4424/4424 4504/4427/4427 4525/4447/4447
f 4400/4470/4470 4399/4460/4460 4491/4480/4480 4511/4471/4471
f 4402/4467/4467 4401/4464/4464 4490/4472/4472 4510/4475/4475
f 4390/4413/4413 4488/4518/4515 4540/4414/4414
f 4389/4410/4410 4487/4450/4450 4538/4519/4516 4384/4422/4422
f 4391/4415/4415 4484/4438/4438 4507/4455/4455
f 4398/4461/4461 4477/4521/4518 4475/4462/4462
f 4390/4413/4413 4472/4522/4519 4488/4518/4515
f 4373/4425/4425 4372/4432/4432 4471/4451/4451 4483/4444/4444
f 4411/4491/4489 4458/4525/4522 4514/4507/4504
f 4411/4491/4489 4405/4493/4491 4545/4526/4523 4457/4527/4524
f 4411/4491/4489 4457/4527/4524 4458/4525/4522
f 4409/4488/4486 4454/4489/4487 4529/4506/4503 4393/4486/4463
f 4397/4478/4478 4450/4477/4477 4477/4521/4518 4398/4461/4461
f 4371/4528/4525 4400/4470/4470 4509/4469/4469 4449/4529/4526
f 4379/4453/4453 4448/4530/4527 4472/4522/4519 4390/4413/4413
f 4379/4453/4453 4392/4452/4452 4474/4456/4456 4448/4530/4527
f 4397/4478/4478 4396/4468/4468 4440/4535/4532 4452/4481/4481
f 4396/4468/4468 4402/4467/4467 4478/4482/4482 4440/4535/4532
f 4371/4536/4525 4438/4537/4533 4439/4433/4433 4372/4432/4432
f 4371/4528/4525 4449/4529/4526 4438/4538/4533
f 4409/4488/4486 4412/4502/4500 4431/4508/4505 4455/4490/4488
f 4407/4494/4492 4442/4503/4501 4430/4540/4535 4406/4541/4536
f 4406/4541/4536 4430/4540/4535 4429/4542/4537
f 4405/4493/4491 4406/4541/4536 4429/4542/4537 4545/4526/4523
f 4377/4417/4417 4388/4440/4440 4486/4458/4458 4428/4439/4439
f 4381/4434/4434 4481/4543/4538 4427/4436/4436 4386/4430/4430
f 4387/4412/4412 4426/4437/4437 4481/4543/4538 4381/4434/4434
f 4385/4544/4539 4425/4545/4540 4441/4485/4485 4408/4484/4484
f 4385/4546/4539 4384/4422/4422 4538/4519/4516 4424/4547/4541
f 4385/4546/4539 4424/4547/4541 4425/4548/4540
